id,dni,nombres,apellido_paterno,apellido_materno,sexo,fecha_nacimiento,nivel,grado,seccion,turno,id_seccion,id_padre,parentesco
1,19251402,Luz Luz,Cabanillas,Gutierrez,F,2020-04-12,Primaria,1,A,Mañana,1,1673,Padre
2,49752094,Franco Manuel,Bautista,Yataco,M,2020-11-05,Primaria,1,A,Mañana,1,1249,Madre
3,24896063,Emilio Ivan,Sanchez,Pacheco,M,2020-02-25,Primaria,1,A,Mañana,1,3052,Padre
4,34949613,Fiorella Paula,Silva,Lazo,F,2020-08-20,Primaria,1,A,Mañana,1,1636,Madre
5,23572314,Estefany Sofia,Bautista,Vega,F,2020-04-13,Primaria,1,A,Mañana,1,1082,Padre
6,63799683,Kevin Kevin,Espinoza,Villanueva,M,2020-08-18,Primaria,1,A,Mañana,1,1448,Madre
7,33315468,Rosa Brenda,Cornejo,Alvarez,F,2020-03-26,Primaria,1,A,Mañana,1,452,Madre
8,41123007,Erick Dylan,Espinoza,Rivera,M,2020-11-08,Primaria,1,A,Mañana,1,3199,Padre
9,27667939,Pedro Angel,Mendoza,Gonzales,M,2020-10-13,Primaria,1,A,Mañana,1,1930,Padre
10,35747303,Benjamin Piero,Vasquez,Alarcon,M,2020-11-24,Primaria,1,A,Mañana,1,2104,Madre
11,72832331,Alberto Piero,Guzman,Bautista,M,2020-11-08,Primaria,1,A,Mañana,1,639,Madre
12,38753010,Diana Diana,Condori,Sanchez,F,2020-04-24,Primaria,1,A,Mañana,1,420,Madre
13,79628200,Ricardo Samuel,Ortiz,Herrera,M,2020-04-05,Primaria,1,A,Mañana,1,1011,Madre
14,33589224,Victor Bryan,Ramos,Villanueva,M,2020-06-08,Primaria,1,A,Mañana,1,1454,Padre
15,39129173,Erick Rodrigo,Herrera,Herrera,M,2020-08-21,Primaria,1,A,Mañana,1,988,Padre
16,13027612,Jhoel Ian,Cutipa,Ochoa,M,2020-06-06,Primaria,1,A,Mañana,1,739,Padre
17,79402329,Alexis Jhon,Bravo,Aquino,M,2020-06-01,Primaria,1,A,Mañana,1,1682,Padre
18,27709056,Ivan Samuel,Flores,Ochoa,M,2020-10-08,Primaria,1,A,Mañana,1,8,Madre
19,75137480,Benjamin Cristian,Ramos,Bautista,M,2020-10-20,Primaria,1,A,Mañana,1,229,Padre
20,79847089,Fabricio Kevin,Cruz,Garcia,M,2020-07-19,Primaria,1,A,Mañana,1,3160,Madre
21,22524193,Brenda Pilar,Nunez,Rojas,F,2020-10-12,Primaria,1,A,Mañana,1,1798,Padre
22,30635006,Maria Katty,Rivera,Marin,F,2020-08-18,Primaria,1,A,Mañana,1,1317,Padre
23,26268244,Isabel Alessandra,Gonzales,Rimac,F,2020-01-12,Primaria,1,A,Mañana,1,252,Madre
24,45046147,Ximena Grecia,Choque,Vasquez,F,2020-12-03,Primaria,1,B,Mañana,2,1589,Padre
25,58921336,Valentina Katherine,Bravo,Ticona,F,2020-06-14,Primaria,1,B,Mañana,2,2127,Padre
26,73655841,Susan Xiomara,Carrillo,Vega,F,2020-11-26,Primaria,1,B,Mañana,2,1201,Padre
27,69758470,Samuel Franco,Delgado,Huaraca,M,2020-11-13,Primaria,1,B,Mañana,2,71,Padre
28,53242057,Rodrigo Ricardo,Villanueva,Campos,M,2020-02-25,Primaria,1,B,Mañana,2,692,Madre
29,61634875,Ian Dylan,Lazo,Pacheco,M,2020-02-14,Primaria,1,B,Mañana,2,326,Padre
30,65737610,Karen Nayeli,Huaman,Paredes,F,2020-03-09,Primaria,1,B,Mañana,2,1014,Madre
31,48420297,Fiorella Danna,Aguilar,Fernandez,F,2020-05-03,Primaria,1,B,Mañana,2,1301,Madre
32,72598655,Karen Abigail,Sanchez,Reyes,F,2020-11-01,Primaria,1,B,Mañana,2,1177,Madre
33,15090775,Fiorella Lucia,Rimac,Ticona,F,2020-04-05,Primaria,1,B,Mañana,2,1719,Padre
34,30295901,Alessandra Alexandra,Vargas,Condori,F,2020-01-07,Primaria,1,B,Mañana,2,1974,Padre
35,75419170,Xiomara Antonella,Bravo,Pacheco,F,2020-08-05,Primaria,1,B,Mañana,2,984,Padre
36,14752298,Nayeli Rosa,Salazar,Ibarra,F,2020-06-27,Primaria,1,B,Mañana,2,766,Madre
37,38723243,Teresa Luz,Gutierrez,Rivera,F,2020-07-04,Primaria,1,B,Mañana,2,2993,Madre
38,69577232,Antonella Sofia,Ruiz,Ochoa,F,2020-08-29,Primaria,1,B,Mañana,2,1687,Padre
39,18829902,Camila Alessandra,Sanchez,Castillo,F,2020-03-01,Primaria,1,B,Mañana,2,1938,Padre
40,66116310,Miguel Julio,Aguilar,Flores,M,2020-01-13,Primaria,1,B,Mañana,2,122,Padre
41,56799185,Rafaella Luz,Sanchez,Rivera,F,2020-05-15,Primaria,1,B,Mañana,2,588,Madre
42,45859465,Ximena Teresa,Gonzales,Rivera,F,2020-04-24,Primaria,1,B,Mañana,2,2817,Madre
43,48129537,Valentina Vanessa,Leon,Bautista,F,2020-10-10,Primaria,1,B,Mañana,2,1140,Madre
44,72983859,Walter Benjamin,Torres,Ortiz,M,2020-08-24,Primaria,1,B,Mañana,2,1669,Madre
45,31682575,Ricardo Victor,Nunez,Villanueva,M,2020-04-07,Primaria,1,B,Mañana,2,1938,Padre
46,48714484,Victor Gonzalo,Herrera,Mendoza,M,2020-07-31,Primaria,1,B,Mañana,2,3077,Padre
47,65331356,Manuel Bryan,Aguilar,Ticona,M,2020-03-21,Primaria,1,B,Mañana,2,2606,Padre
48,72861249,Valentina Ruth,Soto,Cruz,F,2020-04-17,Primaria,1,B,Mañana,2,2838,Padre
49,44243475,Susan Dulce,Cardenas,Ccahuana,F,2020-07-29,Primaria,1,B,Mañana,2,1234,Madre
50,24594747,Victor Thiago,Silva,Aquino,M,2020-02-20,Primaria,1,B,Mañana,2,1205,Madre
51,21629897,Jhoel Ian,Salvador,Salazar,M,2020-03-25,Primaria,1,B,Mañana,2,1844,Madre
52,74848696,Karen Ashley,Cornejo,Bautista,F,2020-02-03,Primaria,1,B,Mañana,2,233,Padre
53,24098473,Paula Milagros,Condori,Salvador,F,2020-02-25,Primaria,1,B,Mañana,2,39,Madre
54,55029758,Ariana Flor,Aguilar,Herrera,F,2020-11-14,Primaria,1,C,Mañana,3,3085,Madre
55,56518459,Rafaella Alessandra,Gonzales,Condori,F,2020-03-02,Primaria,1,C,Mañana,3,1596,Padre
56,43478588,Leonardo Cesar,Alvarez,Soto,M,2020-08-08,Primaria,1,C,Mañana,3,2463,Madre
57,18059978,Edgar Gabriel,Cabrera,Ramos,M,2020-02-06,Primaria,1,C,Mañana,3,267,Padre
58,54092428,Julio Oscar,Palacios,Lazo,M,2020-01-16,Primaria,1,C,Mañana,3,614,Madre
59,22658000,Yamil Cristian,Ortiz,Choque,M,2020-04-29,Primaria,1,C,Mañana,3,1891,Padre
60,61815761,Melissa Estefany,Guzman,Machaca,F,2020-09-30,Primaria,1,C,Mañana,3,993,Madre
61,42163443,Jorge Leonardo,Alvarez,Quispe,M,2020-02-08,Primaria,1,C,Mañana,3,33,Madre
62,25378293,Paula Alexandra,Machaca,Campos,F,2020-02-14,Primaria,1,C,Mañana,3,3196,Madre
63,19857026,Ivan Adrian,Choque,Rivera,M,2020-03-06,Primaria,1,C,Mañana,3,2294,Padre
64,63625802,Nicole Jhoana,Bautista,Villanueva,F,2020-10-14,Primaria,1,C,Mañana,3,2718,Madre
65,61295976,Jose Aaron,Vargas,Zavala,M,2020-01-01,Primaria,1,C,Mañana,3,1148,Madre
66,18887148,Angel Oscar,Rojas,Rimac,M,2020-04-29,Primaria,1,C,Mañana,3,1784,Madre
67,61818153,Thiago Jhon,Choque,Lazo,M,2020-08-04,Primaria,1,C,Mañana,3,664,Padre
68,23342090,Anthony Carlos,Choque,Gutierrez,M,2020-04-18,Primaria,1,C,Mañana,3,2689,Madre
69,37081028,Dylan Edgar,Palacios,Yataco,M,2020-01-29,Primaria,1,C,Mañana,3,2612,Padre
70,19051747,Xiomara Yolanda,Ccahuana,Aquino,F,2020-03-04,Primaria,1,C,Mañana,3,1088,Madre
71,63732586,Cristian Andres,Aquino,Cornejo,M,2020-03-22,Primaria,1,C,Mañana,3,2220,Madre
72,31359077,Camila Karen,Chavez,Campos,F,2020-03-18,Primaria,1,C,Mañana,3,2636,Padre
73,76498795,Carmen Xiomara,Machaca,Rivera,F,2020-05-04,Primaria,1,C,Mañana,3,1284,Madre
74,10553833,Renzo Alexis,Gutierrez,Campos,M,2020-04-21,Primaria,1,C,Mañana,3,2016,Madre
75,27197176,Nayeli Julia,Alvarez,Espinoza,F,2020-11-05,Primaria,1,C,Mañana,3,11,Madre
76,49725492,Elena Abigail,Delgado,Herrera,F,2020-07-09,Primaria,1,C,Mañana,3,496,Padre
77,38774192,Lucia Maria,Ibarra,Yupanqui,F,2020-10-22,Primaria,1,C,Mañana,3,833,Madre
78,10054312,Jhoana Daniela,Romero,Ibarra,F,2020-07-13,Primaria,1,C,Mañana,3,2989,Madre
79,68141099,Luis Diego,Medina,Ruiz,M,2020-09-29,Primaria,1,C,Mañana,3,2889,Madre
80,16312267,Alexis Carlos,Flores,Apaza,M,2020-10-13,Primaria,1,C,Mañana,3,3051,Padre
81,74442179,Carlos Alexis,Yupanqui,Gutierrez,M,2020-05-28,Primaria,1,C,Mañana,3,1099,Madre
82,75881915,Melissa Ashley,Delgado,Bravo,F,2020-06-25,Primaria,1,C,Mañana,3,3119,Padre
83,13800950,Patricia Antonella,Torres,Soto,F,2020-03-06,Primaria,1,C,Mañana,3,2876,Madre
84,35348636,Ana Katherine,Cornejo,Yupanqui,F,2020-04-03,Primaria,1,C,Mañana,3,352,Padre
85,17142641,Ariana Antonella,Salazar,Rojas,F,2020-04-24,Primaria,1,C,Mañana,3,2218,Padre
86,32820825,Cristian Ivan,Cutipa,Ortiz,M,2020-02-17,Primaria,1,C,Mañana,3,1582,Padre
87,69415334,Oscar Rodrigo,Yupanqui,Ibarra,M,2020-08-07,Primaria,1,C,Mañana,3,366,Padre
88,60823949,Benjamin Juan,Vega,Paredes,M,2020-07-10,Primaria,1,C,Mañana,3,1472,Padre
89,76326593,Gabriel Jhoel,Cutipa,Villanueva,M,2020-10-03,Primaria,1,C,Mañana,3,3027,Padre
90,49830482,Kevin Oscar,Paredes,Vega,M,2020-12-29,Primaria,1,D,Mañana,4,2609,Madre
91,62362193,Dulce Mia,Choque,Espinoza,F,2020-04-16,Primaria,1,D,Mañana,4,2478,Padre
92,64461712,Katty Melissa,Alvarez,Mamani,F,2020-05-12,Primaria,1,D,Mañana,4,3060,Padre
93,42762386,Marco Benjamin,Cabanillas,Rojas,M,2020-02-24,Primaria,1,D,Mañana,4,2219,Padre
94,20483745,Rosa Carmen,Pacheco,Vargas,F,2020-07-06,Primaria,1,D,Mañana,4,2394,Padre
95,78569779,Rodrigo Cesar,Carrillo,Bravo,M,2020-12-22,Primaria,1,D,Mañana,4,2703,Madre
96,59378594,Leonardo Marco,Campos,Ruiz,M,2020-03-17,Primaria,1,D,Mañana,4,1021,Padre
97,29092057,Alexander Yamil,Apaza,Cutipa,M,2020-01-14,Primaria,1,D,Mañana,4,64,Padre
98,77285083,Yolanda Isabel,Guzman,Condori,F,2020-12-05,Primaria,1,D,Mañana,4,2487,Padre
99,52526277,Luana Abigail,Aguilar,Zavala,F,2020-11-17,Primaria,1,D,Mañana,4,64,Padre
100,20639400,Gabriela Alexandra,Rojas,Torres,F,2020-12-11,Primaria,1,D,Mañana,4,508,Madre
101,29804066,Carlos Anthony,Gutierrez,Paucar,M,2020-07-30,Primaria,1,D,Mañana,4,2824,Padre
102,52767802,Marco Jorge,Castillo,Campos,M,2020-07-05,Primaria,1,D,Mañana,4,1623,Madre
103,55772543,Elmer Leonardo,Soto,Apaza,M,2020-08-27,Primaria,1,D,Mañana,4,1746,Madre
104,62361153,Benjamin Dylan,Reyes,Torres,M,2020-04-18,Primaria,1,D,Mañana,4,2244,Padre
105,42800596,Antonella Dulce,Palacios,Espinoza,F,2020-05-15,Primaria,1,D,Mañana,4,2814,Padre
106,72779790,Andres Alexis,Flores,Farfan,M,2020-03-12,Primaria,1,D,Mañana,4,2507,Madre
107,37483634,Renata Flor,Garcia,Mendoza,F,2020-12-14,Primaria,1,D,Mañana,4,1143,Madre
108,22523404,Leonardo Hugo,Marin,Mendoza,M,2020-12-19,Primaria,1,D,Mañana,4,1678,Madre
109,50614603,Kiara Karen,Farfan,Yataco,F,2020-04-29,Primaria,1,D,Mañana,4,1909,Madre
110,43529863,Benjamin Bryan,Diaz,Alarcon,M,2020-07-01,Primaria,1,D,Mañana,4,1279,Padre
111,62420758,Jose Anthony,Sanchez,Mendoza,M,2020-11-01,Primaria,1,D,Mañana,4,2254,Madre
112,21763276,Jhoana Rafaella,Farfan,Diaz,F,2020-07-31,Primaria,1,D,Mañana,4,2004,Padre
113,73837412,Rafaella Milagros,Salazar,Apaza,F,2020-07-03,Primaria,1,D,Mañana,4,1741,Madre
114,71577152,Miguel Renzo,Quispe,Apaza,M,2020-03-29,Primaria,1,D,Mañana,4,2443,Padre
115,10652545,Pedro Raul,Farfan,Diaz,M,2020-08-24,Primaria,1,D,Mañana,4,1897,Madre
116,15111057,Nicolas Dylan,Paredes,Rojas,M,2020-03-15,Primaria,1,D,Mañana,4,1568,Madre
117,32117579,Alexander Juan,Bravo,Quispe,M,2020-07-26,Primaria,1,D,Mañana,4,740,Madre
118,43239302,Diana Nayeli,Yataco,Mendoza,F,2020-02-25,Primaria,1,D,Mañana,4,684,Madre
119,40264904,Ruth Pilar,Palacios,Salvador,F,2020-02-25,Primaria,1,D,Mañana,4,1293,Padre
120,67042105,Fernando Aaron,Reyes,Palacios,M,2020-09-15,Primaria,1,D,Mañana,4,2608,Padre
121,50868403,Maria Brenda,Ticona,Cutipa,F,2020-03-11,Primaria,1,D,Mañana,4,2565,Madre
122,26196871,Bryan Piero,Cornejo,Ruiz,M,2020-01-20,Primaria,1,D,Mañana,4,691,Padre
123,52920885,Katherine Maria,Farfan,Paredes,F,2020-02-08,Primaria,1,D,Mañana,4,29,Madre
124,62540555,Susan Ashley,Rivera,Castillo,F,2020-02-04,Primaria,1,D,Mañana,4,3111,Madre
125,54099578,Ximena Teresa,Palacios,Rodriguez,F,2020-06-27,Primaria,1,D,Mañana,4,1599,Madre
126,35328345,Ariana Grecia,Chavez,Condori,F,2020-07-24,Primaria,1,E,Mañana,5,2093,Padre
127,27029467,Xiomara Brenda,Leon,Aguilar,F,2020-05-23,Primaria,1,E,Mañana,5,2345,Padre
128,45355801,Piero Julio,Huaraca,Ruiz,M,2020-12-04,Primaria,1,E,Mañana,5,2306,Madre
129,43069336,Melissa Flor,Campos,Sanchez,F,2020-05-30,Primaria,1,E,Mañana,5,2427,Madre
130,28195956,Alessandra Sofia,Bravo,Aquino,F,2020-06-27,Primaria,1,E,Mañana,5,2472,Madre
131,11834036,Teresa Britany,Cabrera,Salazar,F,2020-06-27,Primaria,1,E,Mañana,5,915,Madre
132,22670315,Ashley Vanessa,Cabanillas,Silva,F,2020-02-23,Primaria,1,E,Mañana,5,2657,Madre
133,74813814,Rafaella Maria,Mendoza,Ortiz,F,2020-03-25,Primaria,1,E,Mañana,5,3074,Madre
134,30256931,Fabricio Aaron,Diaz,Machaca,M,2020-08-30,Primaria,1,E,Mañana,5,571,Madre
135,69067212,Nicole Renata,Ortiz,Cabanillas,F,2020-06-30,Primaria,1,E,Mañana,5,2302,Madre
136,45185423,Nicolas Miguel,Diaz,Quispe,M,2020-11-18,Primaria,1,E,Mañana,5,1119,Madre
137,44992116,Sofia Emily,Garcia,Ochoa,F,2020-11-20,Primaria,1,E,Mañana,5,2784,Madre
138,34357033,Elena Ashley,Rojas,Guzman,F,2020-06-07,Primaria,1,E,Mañana,5,2367,Madre
139,57841604,Emily Ariana,Choque,Nunez,F,2020-11-23,Primaria,1,E,Mañana,5,331,Padre
140,29516614,Katty Ashley,Aguilar,Mamani,F,2020-11-11,Primaria,1,E,Mañana,5,165,Padre
141,53560935,Marco Angel,Villanueva,Ruiz,M,2020-08-24,Primaria,1,E,Mañana,5,863,Madre
142,48518799,Elena Rafaella,Vasquez,Yataco,F,2020-04-08,Primaria,1,E,Mañana,5,1721,Madre
143,41531874,Maria Katherine,Palacios,Quispe,F,2020-11-28,Primaria,1,E,Mañana,5,2787,Padre
144,49439818,Wilson Ian,Cardenas,Cutipa,M,2020-08-18,Primaria,1,E,Mañana,5,2325,Padre
145,29513094,Sebastian Raul,Ticona,Vargas,M,2020-04-10,Primaria,1,E,Mañana,5,2054,Madre
146,39212616,Luana Estefany,Ochoa,Cabanillas,F,2020-04-09,Primaria,1,E,Mañana,5,1702,Padre
147,58314401,Katty Julia,Espinoza,Alarcon,F,2020-07-29,Primaria,1,E,Mañana,5,1218,Madre
148,38936706,Milagros Xiomara,Cardenas,Nunez,F,2020-03-23,Primaria,1,E,Mañana,5,113,Padre
149,40771534,Katherine Mia,Gonzales,Carrillo,F,2020-01-24,Primaria,1,E,Mañana,5,830,Madre
150,19692231,Alberto Manuel,Gutierrez,Campos,M,2020-08-25,Primaria,1,E,Mañana,5,330,Padre
151,48123808,Yamil Jose,Vargas,Ticona,M,2020-07-17,Primaria,1,E,Mañana,5,1461,Padre
152,15618533,Carmen Elena,Vega,Yupanqui,F,2020-01-21,Primaria,1,E,Mañana,5,72,Padre
153,30926709,Edgar Rodrigo,Espinoza,Cornejo,M,2020-12-23,Primaria,1,E,Mañana,5,2444,Madre
154,55482734,Zoe Teresa,Ochoa,Mendoza,F,2020-07-13,Primaria,1,E,Mañana,5,2150,Madre
155,11080567,Diana Dulce,Soto,Cabanillas,F,2020-05-06,Primaria,1,E,Mañana,5,3154,Padre
156,45605748,Julio Juan,Rojas,Cruz,M,2020-01-08,Primaria,1,E,Mañana,5,741,Padre
157,56645865,Milagros Zoe,Carrillo,Nunez,F,2020-12-09,Primaria,1,E,Mañana,5,3081,Madre
158,48273645,Jorge Piero,Herrera,Flores,M,2020-09-30,Primaria,1,E,Mañana,5,852,Madre
159,65137301,Ana Elena,Gonzales,Cardenas,F,2020-05-09,Primaria,1,E,Mañana,5,2003,Padre
160,51344033,Victor Cristian,Chavez,Machaca,M,2020-05-25,Primaria,1,E,Mañana,5,1909,Madre
161,13408875,Katty Emily,Huaraca,Cardenas,F,2020-11-20,Primaria,1,E,Mañana,5,1435,Madre
162,12165373,Antonella Vanessa,Medina,Chavez,F,2020-03-09,Primaria,1,E,Mañana,5,1736,Madre
163,10079956,Dylan Yamil,Gutierrez,Nunez,M,2020-04-07,Primaria,1,E,Mañana,5,2155,Padre
164,33745158,Gonzalo Andres,Choque,Soto,M,2020-01-24,Primaria,1,E,Mañana,5,67,Padre
165,72865637,Yesica Susan,Rimac,Ortiz,F,2020-07-27,Primaria,1,E,Mañana,5,126,Padre
166,16674959,Aaron Miguel,Carrillo,Ramos,M,2020-04-20,Primaria,1,F,Mañana,6,2425,Madre
167,19466276,Angel Raul,Ticona,Aguilar,M,2020-05-13,Primaria,1,F,Mañana,6,475,Madre
168,69946744,Melissa Luz,Romero,Vasquez,F,2020-12-02,Primaria,1,F,Mañana,6,379,Madre
169,10052659,Diana Rosa,Bravo,Guzman,F,2020-08-09,Primaria,1,F,Mañana,6,823,Madre
170,59639715,Alberto Ivan,Rimac,Palacios,M,2020-05-03,Primaria,1,F,Mañana,6,2921,Madre
171,75938862,Rosa Yesica,Zavala,Quispe,F,2020-07-21,Primaria,1,F,Mañana,6,1674,Padre
172,46654895,Raul Cesar,Romero,Pacheco,M,2020-01-28,Primaria,1,F,Mañana,6,3197,Padre
173,79264656,Yolanda Emily,Cardenas,Cabanillas,F,2020-07-16,Primaria,1,F,Mañana,6,2202,Madre
174,50911376,Renata Daniela,Machaca,Vilca,F,2020-06-04,Primaria,1,F,Mañana,6,2786,Padre
175,18744201,Karen Daniela,Aguilar,Huaman,F,2020-04-15,Primaria,1,F,Mañana,6,784,Padre
176,41539789,Ariana Ximena,Mamani,Leon,F,2020-04-03,Primaria,1,F,Mañana,6,1576,Padre
177,32369191,Patricia Jhoana,Flores,Sanchez,F,2020-05-19,Primaria,1,F,Mañana,6,656,Padre
178,18267527,Edgar Fabricio,Alarcon,Cornejo,M,2020-07-25,Primaria,1,F,Mañana,6,2115,Padre
179,49255036,Nayeli Susan,Marin,Lazo,F,2020-09-08,Primaria,1,F,Mañana,6,7,Madre
180,48102841,Zoe Yolanda,Choque,Reyes,F,2020-06-30,Primaria,1,F,Mañana,6,2091,Padre
181,15608861,Katty Abigail,Torres,Bautista,F,2020-04-07,Primaria,1,F,Mañana,6,481,Madre
182,31658491,Vanessa Nayeli,Nunez,Machaca,F,2020-12-02,Primaria,1,F,Mañana,6,768,Padre
183,42408521,Jhon Adrian,Villanueva,Diaz,M,2020-05-13,Primaria,1,F,Mañana,6,820,Madre
184,36765348,Marco Cesar,Machaca,Torres,M,2020-05-29,Primaria,1,F,Mañana,6,275,Madre
185,33126303,Flor Kiara,Gutierrez,Torres,F,2020-03-23,Primaria,1,F,Mañana,6,1241,Madre
186,32710668,Renzo Angel,Bravo,Ochoa,M,2020-09-18,Primaria,1,F,Mañana,6,1146,Madre
187,52546809,Angel Hugo,Apaza,Campos,M,2020-09-29,Primaria,1,F,Mañana,6,2409,Madre
188,28392176,Franco Thiago,Vargas,Machaca,M,2020-10-15,Primaria,1,F,Mañana,6,2691,Padre
189,36354832,Sofia Kiara,Zavala,Delgado,F,2020-08-16,Primaria,1,G,Tarde,7,672,Padre
190,22214032,Vanessa Nayeli,Cabanillas,Salvador,F,2020-01-14,Primaria,1,G,Tarde,7,2336,Madre
191,65792051,Renata Alexandra,Rivera,Lazo,F,2020-12-02,Primaria,1,G,Tarde,7,652,Madre
192,62892072,Teresa Yolanda,Delgado,Salvador,F,2020-11-02,Primaria,1,G,Tarde,7,2109,Madre
193,67399084,Jhoel Nicolas,Vega,Medina,M,2020-12-10,Primaria,1,G,Tarde,7,2035,Padre
194,46256422,Julia Diana,Ibarra,Delgado,F,2020-01-25,Primaria,1,G,Tarde,7,225,Padre
195,52001435,Pedro Bryan,Yataco,Espinoza,M,2020-10-12,Primaria,1,G,Tarde,7,57,Padre
196,19012130,Hugo Joaquin,Vilca,Gonzales,M,2020-12-21,Primaria,1,G,Tarde,7,1345,Padre
197,64190263,Daniela Maria,Medina,Bautista,F,2020-09-16,Primaria,1,G,Tarde,7,85,Madre
198,48088662,Jorge Mateo,Lazo,Garcia,M,2020-12-25,Primaria,1,G,Tarde,7,1823,Padre
199,67791208,Luis Nicolas,Silva,Huaman,M,2020-08-31,Primaria,1,G,Tarde,7,1156,Madre
200,59267929,Benjamin Wilson,Paucar,Flores,M,2020-05-31,Primaria,1,G,Tarde,7,144,Padre
201,32646516,Ivan Jose,Chavez,Vilca,M,2020-01-01,Primaria,1,G,Tarde,7,2488,Madre
202,72924144,Carlos Pedro,Quispe,Ramos,M,2020-04-05,Primaria,1,G,Tarde,7,2018,Padre
203,39801008,Bryan Anthony,Pacheco,Lazo,M,2020-12-10,Primaria,1,G,Tarde,7,2114,Madre
204,54359819,Mateo Jose,Yupanqui,Aquino,M,2020-03-16,Primaria,1,G,Tarde,7,166,Padre
205,76982097,Melissa Estefany,Garcia,Apaza,F,2020-07-15,Primaria,1,G,Tarde,7,3161,Madre
206,70877800,Rafaella Dulce,Paredes,Paucar,F,2020-06-20,Primaria,1,G,Tarde,7,357,Madre
207,11363093,Sebastian Victor,Vega,Espinoza,M,2020-11-28,Primaria,1,G,Tarde,7,1214,Padre
208,75984610,Raul Andres,Aguilar,Aquino,M,2020-01-23,Primaria,1,G,Tarde,7,1509,Padre
209,13694171,Oscar Marco,Chavez,Silva,M,2020-11-08,Primaria,1,G,Tarde,7,2390,Madre
210,73880770,Vanessa Ashley,Rojas,Herrera,F,2020-03-29,Primaria,1,G,Tarde,7,1566,Madre
211,39779425,Mateo Miguel,Garcia,Gutierrez,M,2020-05-06,Primaria,1,G,Tarde,7,2878,Padre
212,26483515,Dulce Yesenia,Choque,Cardenas,F,2020-10-08,Primaria,1,G,Tarde,7,1269,Madre
213,58709784,Mia Ariana,Ramos,Machaca,F,2020-11-20,Primaria,1,G,Tarde,7,2108,Madre
214,58602108,Fiorella Milagros,Cornejo,Ramos,F,2020-12-27,Primaria,1,G,Tarde,7,2163,Padre
215,50223062,Anthony Joaquin,Yataco,Rojas,M,2020-08-21,Primaria,1,G,Tarde,7,362,Padre
216,58109315,Anthony Dylan,Castillo,Mamani,M,2020-09-12,Primaria,1,H,Tarde,8,1799,Padre
217,25368898,Emily Sofia,Espinoza,Ticona,F,2020-07-08,Primaria,1,H,Tarde,8,2556,Padre
218,58122315,Leonardo Jhon,Huaman,Machaca,M,2020-08-11,Primaria,1,H,Tarde,8,1977,Padre
219,41230458,Valentina Melissa,Torres,Ortiz,F,2020-09-09,Primaria,1,H,Tarde,8,2811,Padre
220,22763295,Luis Jose,Apaza,Nunez,M,2020-08-29,Primaria,1,H,Tarde,8,1216,Madre
221,71501471,Renzo Jose,Alvarez,Pacheco,M,2020-07-12,Primaria,1,H,Tarde,8,2873,Padre
222,11578441,Paula Valentina,Cruz,Machaca,F,2020-04-18,Primaria,1,H,Tarde,8,710,Padre
223,10751187,Fiorella Valentina,Ccahuana,Aquino,F,2020-10-19,Primaria,1,H,Tarde,8,2602,Padre
224,18851699,Hugo Samuel,Sanchez,Choque,M,2020-09-13,Primaria,1,H,Tarde,8,740,Madre
225,54094630,Franco Jhon,Herrera,Ccahuana,M,2020-06-22,Primaria,1,H,Tarde,8,2639,Padre
226,50252507,Mateo Thiago,Vasquez,Diaz,M,2020-05-24,Primaria,1,H,Tarde,8,1629,Madre
227,11514992,Emily Yolanda,Ruiz,Cutipa,F,2020-01-18,Primaria,1,H,Tarde,8,1311,Madre
228,70483150,Renata Yesenia,Bautista,Salazar,F,2020-07-09,Primaria,1,H,Tarde,8,2282,Madre
229,42565133,Gustavo Benjamin,Gutierrez,Rivera,M,2020-04-21,Primaria,1,H,Tarde,8,969,Padre
230,43965775,Yolanda Luz,Yataco,Palacios,F,2020-02-15,Primaria,1,H,Tarde,8,626,Padre
231,29932091,Nicole Pilar,Vilca,Bautista,F,2020-07-13,Primaria,1,H,Tarde,8,123,Madre
232,25953122,Yesica Ximena,Huaman,Torres,F,2020-03-17,Primaria,1,H,Tarde,8,2913,Padre
233,58017513,Alberto Joaquin,Marin,Silva,M,2020-07-28,Primaria,1,H,Tarde,8,1185,Madre
234,61871143,Danna Elena,Salvador,Espinoza,F,2020-02-23,Primaria,1,H,Tarde,8,1115,Padre
235,57807536,Bryan Franco,Delgado,Salvador,M,2020-04-17,Primaria,1,H,Tarde,8,1855,Padre
236,75240565,Fiorella Yesica,Cornejo,Silva,F,2020-06-09,Primaria,1,H,Tarde,8,765,Madre
237,43564512,Alessandra Milagros,Palacios,Espinoza,F,2020-11-20,Primaria,1,H,Tarde,8,2593,Madre
238,27203284,Xiomara Luz,Pacheco,Ramos,F,2020-09-03,Primaria,1,H,Tarde,8,163,Padre
239,56183925,Britany Isabel,Espinoza,Rojas,F,2020-12-29,Primaria,1,H,Tarde,8,2913,Padre
240,65944110,Fabricio Franco,Guzman,Ruiz,M,2020-01-24,Primaria,1,H,Tarde,8,1520,Padre
241,21422210,Cesar Jorge,Condori,Mendoza,M,2020-11-12,Primaria,1,H,Tarde,8,2520,Madre
242,77331836,Fernando Martin,Garcia,Condori,M,2020-11-20,Primaria,1,H,Tarde,8,308,Madre
243,49890545,Carmen Danna,Garcia,Rimac,F,2020-11-30,Primaria,1,H,Tarde,8,177,Madre
244,48661623,Jhoana Antonella,Aquino,Yupanqui,F,2020-07-29,Primaria,1,H,Tarde,8,2740,Madre
245,59497715,Renzo Ivan,Salazar,Cornejo,M,2020-11-09,Primaria,1,H,Tarde,8,1838,Madre
246,61778128,Ian Renzo,Condori,Vasquez,M,2020-11-28,Primaria,1,H,Tarde,8,1820,Padre
247,25185962,Renzo Adrian,Huaraca,Cutipa,M,2020-02-25,Primaria,1,H,Tarde,8,1483,Padre
248,35444631,Juan Leonardo,Reyes,Campos,M,2020-05-23,Primaria,1,H,Tarde,8,2984,Madre
249,60408582,Marco Piero,Mendoza,Ortiz,M,2020-08-10,Primaria,1,H,Tarde,8,1200,Padre
250,73850174,Walter Fernando,Castillo,Mamani,M,2020-09-01,Primaria,1,H,Tarde,8,1137,Padre
251,54377104,Kevin Fabricio,Fernandez,Huaman,M,2020-02-23,Primaria,1,H,Tarde,8,216,Madre
252,59720543,Ana Gabriela,Bautista,Chavez,F,2020-02-14,Primaria,1,H,Tarde,8,1274,Padre
253,28993044,Carmen Elena,Quispe,Huaraca,F,2020-05-31,Primaria,1,H,Tarde,8,43,Padre
254,15281612,Benjamin Dylan,Carrillo,Espinoza,M,2020-03-31,Primaria,1,H,Tarde,8,47,Padre
255,62445153,Yolanda Pilar,Vasquez,Huaraca,F,2020-02-25,Primaria,1,I,Tarde,9,465,Madre
256,23850880,Ricardo Dylan,Apaza,Sanchez,M,2020-05-10,Primaria,1,I,Tarde,9,1362,Madre
257,24942537,Adrian Diego,Huaman,Cabrera,M,2020-10-03,Primaria,1,I,Tarde,9,547,Padre
258,75983808,Aaron Dylan,Cabanillas,Pacheco,M,2020-08-25,Primaria,1,I,Tarde,9,1004,Madre
259,65307416,Estefany Carmen,Reyes,Rimac,F,2020-03-12,Primaria,1,I,Tarde,9,1275,Padre
260,23713760,Hugo Ian,Leon,Huaraca,M,2020-03-28,Primaria,1,I,Tarde,9,4,Padre
261,46561341,Miguel Erick,Torres,Pacheco,M,2020-03-30,Primaria,1,I,Tarde,9,3013,Madre
262,71079857,Ana Alexandra,Garcia,Espinoza,F,2020-06-26,Primaria,1,I,Tarde,9,2361,Madre
263,73573710,Fernando Renzo,Reyes,Gonzales,M,2020-07-31,Primaria,1,I,Tarde,9,2662,Madre
264,61016756,Maria Abigail,Castillo,Yupanqui,F,2020-06-06,Primaria,1,I,Tarde,9,2325,Padre
265,29994389,Angel Rodrigo,Salazar,Fernandez,M,2020-07-28,Primaria,1,I,Tarde,9,2533,Padre
266,26667696,Yolanda Katty,Paredes,Medina,F,2020-08-02,Primaria,1,I,Tarde,9,1855,Padre
267,17616824,Zoe Mia,Ibarra,Alvarez,F,2020-02-19,Primaria,1,I,Tarde,9,2810,Madre
268,69078951,Nayeli Estefany,Reyes,Villanueva,F,2020-10-10,Primaria,1,I,Tarde,9,3055,Madre
269,26198503,Nicole Renata,Cutipa,Cutipa,F,2020-08-13,Primaria,1,I,Tarde,9,506,Padre
270,56670234,Ximena Ruth,Paredes,Silva,F,2020-07-23,Primaria,1,I,Tarde,9,816,Madre
271,22500195,Pedro Nicolas,Yataco,Ochoa,M,2020-02-29,Primaria,1,I,Tarde,9,103,Padre
272,33605813,Oscar Alberto,Alarcon,Villanueva,M,2020-01-27,Primaria,1,I,Tarde,9,2070,Madre
273,75962185,Alessandra Emily,Rodriguez,Apaza,F,2020-02-25,Primaria,1,I,Tarde,9,2866,Madre
274,59780151,Erick Oscar,Machaca,Mamani,M,2020-02-11,Primaria,1,I,Tarde,9,2804,Padre
275,36014887,Katty Sofia,Torres,Vilca,F,2020-07-18,Primaria,1,I,Tarde,9,1915,Padre
276,29295342,Susan Vanessa,Espinoza,Cabanillas,F,2020-01-05,Primaria,1,I,Tarde,9,1231,Padre
277,56040050,Carmen Brenda,Zavala,Garcia,F,2020-11-04,Primaria,1,I,Tarde,9,2674,Padre
278,29324232,Katty Diana,Leon,Alarcon,F,2020-09-02,Primaria,1,I,Tarde,9,1515,Madre
279,15079874,Yesica Yesenia,Soto,Villanueva,F,2020-07-29,Primaria,1,I,Tarde,9,2158,Padre
280,71304235,Kiara Brenda,Soto,Pacheco,F,2020-06-01,Primaria,1,I,Tarde,9,1240,Padre
281,63386445,Sebastian Manuel,Cornejo,Villanueva,M,2020-08-24,Primaria,1,I,Tarde,9,2530,Madre
282,52916617,Jose Alberto,Sanchez,Apaza,M,2020-11-19,Primaria,1,I,Tarde,9,1476,Madre
283,28842201,Zoe Xiomara,Apaza,Castillo,F,2020-05-10,Primaria,1,I,Tarde,9,2751,Padre
284,47012835,Katty Xiomara,Ochoa,Soto,F,2020-04-29,Primaria,1,I,Tarde,9,5,Madre
285,51681294,Fernando Victor,Espinoza,Ramos,M,2020-05-25,Primaria,1,I,Tarde,9,2361,Madre
286,12755787,Ana Teresa,Ruiz,Bravo,F,2020-05-08,Primaria,1,I,Tarde,9,1020,Madre
287,26563029,Joaquin Ivan,Cornejo,Aguilar,M,2020-02-18,Primaria,1,I,Tarde,9,308,Madre
288,34185333,Marco Leonardo,Sanchez,Vasquez,M,2020-10-07,Primaria,1,I,Tarde,9,1826,Padre
289,59864266,Estefany Ashley,Leon,Espinoza,F,2020-04-11,Primaria,1,I,Tarde,9,2011,Madre
290,27420684,Ruth Diana,Delgado,Reyes,F,2020-09-11,Primaria,1,I,Tarde,9,1579,Padre
291,42275931,Carmen Diana,Rodriguez,Espinoza,F,2020-04-18,Primaria,1,I,Tarde,9,2123,Padre
292,45647213,Hugo Angel,Apaza,Paucar,M,2020-06-11,Primaria,1,I,Tarde,9,1879,Padre
293,61855471,Carlos Piero,Carrillo,Leon,M,2020-01-19,Primaria,1,I,Tarde,9,1796,Padre
294,40080175,Alberto Sebastian,Medina,Ruiz,M,2020-02-28,Primaria,1,J,Tarde,10,2509,Padre
295,76558434,Cristian Franco,Salazar,Zavala,M,2020-02-17,Primaria,1,J,Tarde,10,2263,Madre
296,47880194,Julio Kevin,Cabrera,Salvador,M,2020-12-22,Primaria,1,J,Tarde,10,1901,Padre
297,45486914,Luana Valentina,Herrera,Guzman,F,2020-03-13,Primaria,1,J,Tarde,10,2189,Madre
298,73152714,Joaquin Gonzalo,Aguilar,Vargas,M,2020-01-12,Primaria,1,J,Tarde,10,2175,Madre
299,77280638,Jhon Gonzalo,Condori,Alvarez,M,2020-11-17,Primaria,1,J,Tarde,10,1913,Padre
300,69331479,Piero Sebastian,Espinoza,Medina,M,2020-12-17,Primaria,1,J,Tarde,10,1905,Madre
301,21667620,Piero Joaquin,Vega,Machaca,M,2020-09-19,Primaria,1,J,Tarde,10,1827,Madre
302,32932300,Fiorella Lucia,Cabanillas,Rodriguez,F,2020-08-10,Primaria,1,J,Tarde,10,2375,Madre
303,63769585,Ruth Alexandra,Cabanillas,Fernandez,F,2020-05-04,Primaria,1,J,Tarde,10,2299,Madre
304,24204509,Alexandra Valentina,Romero,Guzman,F,2020-08-19,Primaria,1,J,Tarde,10,1041,Padre
305,57792497,Luana Alexandra,Gutierrez,Castillo,F,2020-07-07,Primaria,1,J,Tarde,10,1188,Madre
306,14929240,Luz Kiara,Rimac,Ibarra,F,2020-05-02,Primaria,1,J,Tarde,10,687,Madre
307,44589696,Nicole Emily,Palacios,Espinoza,F,2020-07-07,Primaria,1,J,Tarde,10,186,Padre
308,50220839,Walter Jorge,Leon,Cutipa,M,2020-07-25,Primaria,1,J,Tarde,10,2845,Padre
309,17325569,Antonella Isabel,Cardenas,Ibarra,F,2020-12-28,Primaria,1,J,Tarde,10,428,Padre
310,62155663,Carlos Franco,Silva,Ochoa,M,2020-09-28,Primaria,1,J,Tarde,10,874,Madre
311,58730774,Adrian Bryan,Delgado,Ibarra,M,2020-12-08,Primaria,1,J,Tarde,10,2203,Padre
312,38742395,Emilio Benjamin,Pacheco,Alarcon,M,2020-10-04,Primaria,1,J,Tarde,10,2381,Padre
313,40106477,Daniela Zoe,Vega,Aquino,F,2020-07-19,Primaria,1,J,Tarde,10,2471,Madre
314,34227454,Gonzalo Adrian,Condori,Guzman,M,2020-05-12,Primaria,1,J,Tarde,10,1303,Padre
315,26488024,Emily Isabel,Soto,Delgado,F,2020-08-16,Primaria,1,J,Tarde,10,1937,Madre
316,77124370,Jhoel Manuel,Ramos,Farfan,M,2020-09-08,Primaria,1,J,Tarde,10,1942,Padre
317,59589124,Elmer Jorge,Huaraca,Salvador,M,2020-04-16,Primaria,1,J,Tarde,10,3085,Madre
318,41570787,Victor Yamil,Espinoza,Campos,M,2020-07-04,Primaria,1,J,Tarde,10,1600,Padre
319,22046785,Renzo Marco,Silva,Ticona,M,2020-06-23,Primaria,1,J,Tarde,10,2972,Padre
320,27431952,Britany Fiorella,Huaman,Reyes,F,2020-07-22,Primaria,1,J,Tarde,10,1656,Padre
321,56977002,Walter Alexis,Huaman,Bravo,M,2020-06-13,Primaria,1,J,Tarde,10,2451,Padre
322,72319925,Joaquin Aaron,Ruiz,Gutierrez,M,2020-12-25,Primaria,1,J,Tarde,10,3125,Padre
323,45784809,Alberto Erick,Torres,Silva,M,2020-03-08,Primaria,1,J,Tarde,10,912,Madre
324,41582923,Bryan Marco,Bravo,Rivera,M,2020-01-26,Primaria,1,J,Tarde,10,755,Madre
325,68291763,Melissa Ximena,Cornejo,Campos,F,2020-08-11,Primaria,1,J,Tarde,10,1406,Madre
326,33814241,Yesenia Yolanda,Leon,Nunez,F,2020-05-12,Primaria,1,J,Tarde,10,651,Padre
327,39672481,Paula Jhoana,Salvador,Yupanqui,F,2020-08-14,Primaria,1,J,Tarde,10,793,Madre
328,46566213,Edgar Anthony,Campos,Garcia,M,2020-10-01,Primaria,1,J,Tarde,10,337,Padre
329,18776353,Jhoel Alexander,Garcia,Cabrera,M,2020-11-03,Primaria,1,J,Tarde,10,1831,Padre
330,37344369,Anthony Renzo,Bautista,Mamani,M,2020-11-29,Primaria,1,J,Tarde,10,3195,Madre
331,70924080,Pedro Thiago,Fernandez,Espinoza,M,2020-01-05,Primaria,1,K,Tarde,11,706,Padre
332,17300194,Estefany Isabel,Reyes,Zavala,F,2020-02-10,Primaria,1,K,Tarde,11,1198,Madre
333,25391947,Cristian Thiago,Vasquez,Paredes,M,2020-10-16,Primaria,1,K,Tarde,11,2405,Padre
334,73463137,Juan Gonzalo,Ruiz,Cornejo,M,2020-01-29,Primaria,1,K,Tarde,11,2691,Padre
335,72153475,Angel Cristian,Choque,Delgado,M,2020-06-14,Primaria,1,K,Tarde,11,712,Padre
336,14743448,Mateo Aaron,Soto,Alarcon,M,2020-01-31,Primaria,1,K,Tarde,11,2519,Padre
337,39928234,Kevin Ivan,Alvarez,Diaz,M,2020-09-04,Primaria,1,K,Tarde,11,1975,Madre
338,60361591,Gabriel Sebastian,Vargas,Zavala,M,2020-02-17,Primaria,1,K,Tarde,11,2655,Madre
339,62208739,Xiomara Zoe,Vega,Vilca,F,2020-07-17,Primaria,1,K,Tarde,11,858,Padre
340,59068831,Valentina Jhoana,Cruz,Choque,F,2020-06-06,Primaria,1,K,Tarde,11,2222,Padre
341,76595049,Brenda Milagros,Alvarez,Mendoza,F,2020-01-31,Primaria,1,K,Tarde,11,1600,Padre
342,65067587,Luz Danna,Mendoza,Huaraca,F,2020-12-29,Primaria,1,K,Tarde,11,175,Padre
343,78409533,Zoe Xiomara,Cardenas,Vargas,F,2020-06-26,Primaria,1,K,Tarde,11,190,Madre
344,75588960,Bryan Franco,Guzman,Zavala,M,2020-09-13,Primaria,1,K,Tarde,11,1204,Madre
345,27726740,Cesar Ivan,Nunez,Gonzales,M,2020-08-24,Primaria,1,K,Tarde,11,2459,Madre
346,36456448,Juan Marco,Yataco,Huaman,M,2020-06-01,Primaria,1,K,Tarde,11,752,Padre
347,14167813,Cristian Marco,Cabanillas,Cornejo,M,2020-07-04,Primaria,1,K,Tarde,11,991,Padre
348,55419019,Fiorella Pilar,Condori,Guzman,F,2020-08-05,Primaria,1,K,Tarde,11,320,Madre
349,76767062,Melissa Emily,Paredes,Alvarez,F,2020-03-24,Primaria,1,K,Tarde,11,1477,Madre
350,13477759,Alberto Diego,Carrillo,Campos,M,2020-08-21,Primaria,1,K,Tarde,11,1265,Padre
351,49772624,Danna Daniela,Vilca,Herrera,F,2020-02-28,Primaria,1,K,Tarde,11,1378,Padre
352,38151475,Adrian Ricardo,Leon,Soto,M,2020-02-02,Primaria,1,K,Tarde,11,1661,Madre
353,44643694,Adrian Thiago,Aquino,Alvarez,M,2020-02-15,Primaria,1,K,Tarde,11,19,Madre
354,47579605,Samuel Samuel,Alarcon,Pacheco,M,2020-05-30,Primaria,1,K,Tarde,11,3048,Padre
355,30991075,Emily Kiara,Machaca,Mendoza,F,2020-07-31,Primaria,1,K,Tarde,11,832,Madre
356,74837059,Alessandra Yolanda,Ruiz,Torres,F,2020-07-26,Primaria,1,K,Tarde,11,474,Padre
357,54471386,Aaron Emilio,Ticona,Farfan,M,2020-05-14,Primaria,1,K,Tarde,11,2349,Madre
358,28862121,Milagros Britany,Bravo,Vargas,F,2020-10-04,Primaria,1,K,Tarde,11,2637,Padre
359,63846788,Renzo Pedro,Gonzales,Palacios,M,2020-12-10,Primaria,1,K,Tarde,11,50,Padre
360,33846930,Sofia Flor,Ochoa,Gonzales,F,2020-05-31,Primaria,1,K,Tarde,11,1685,Madre
361,48495919,Dulce Antonella,Paredes,Huaman,F,2020-11-14,Primaria,1,K,Tarde,11,2226,Madre
362,72376751,Jorge Sebastian,Ccahuana,Reyes,M,2020-07-21,Primaria,1,K,Tarde,11,1817,Padre
363,37371351,Luana Isabel,Quispe,Nunez,F,2020-03-26,Primaria,1,K,Tarde,11,1598,Madre
364,78321275,Ruth Luz,Bautista,Campos,F,2020-09-30,Primaria,1,L,Tarde,12,711,Padre
365,20173311,Fiorella Sofia,Salvador,Cruz,F,2020-01-07,Primaria,1,L,Tarde,12,406,Padre
366,57244535,Ariana Britany,Mendoza,Salazar,F,2020-11-12,Primaria,1,L,Tarde,12,1731,Madre
367,26767212,Thiago Alexander,Vilca,Ruiz,M,2020-02-23,Primaria,1,L,Tarde,12,344,Padre
368,30201130,Renzo Franco,Condori,Apaza,M,2020-09-17,Primaria,1,L,Tarde,12,573,Padre
369,50588635,Cristian Marco,Apaza,Torres,M,2020-09-06,Primaria,1,L,Tarde,12,1119,Madre
370,30832023,Pedro Alexander,Alarcon,Espinoza,M,2020-01-01,Primaria,1,L,Tarde,12,2139,Madre
371,73478033,Susan Isabel,Rojas,Guzman,F,2020-09-28,Primaria,1,L,Tarde,12,1812,Padre
372,24206018,Kevin Piero,Alvarez,Zavala,M,2020-12-02,Primaria,1,L,Tarde,12,857,Padre
373,39648910,Xiomara Zoe,Marin,Leon,F,2020-09-19,Primaria,1,L,Tarde,12,1889,Madre
374,26121591,Karen Ana,Villanueva,Bravo,F,2020-11-03,Primaria,1,L,Tarde,12,590,Madre
375,64740865,Yesica Katty,Nunez,Espinoza,F,2020-10-17,Primaria,1,L,Tarde,12,2003,Padre
376,51438226,Carlos Dylan,Paredes,Farfan,M,2020-03-15,Primaria,1,L,Tarde,12,2611,Madre
377,31854977,Fernando Manuel,Rodriguez,Choque,M,2020-02-13,Primaria,1,L,Tarde,12,2849,Padre
378,41700677,Elena Teresa,Salazar,Palacios,F,2020-01-17,Primaria,1,L,Tarde,12,2940,Madre
379,56461407,Fernando Mateo,Marin,Aquino,M,2020-04-09,Primaria,1,L,Tarde,12,676,Madre
380,61539909,Carlos Marco,Diaz,Campos,M,2020-09-13,Primaria,1,L,Tarde,12,951,Padre
381,69806349,Daniela Britany,Ccahuana,Rojas,F,2020-12-19,Primaria,1,L,Tarde,12,3043,Madre
382,76400051,Alberto Nicolas,Rodriguez,Sanchez,M,2020-04-19,Primaria,1,L,Tarde,12,2348,Padre
383,54685445,Gabriel Aaron,Bravo,Romero,M,2020-05-23,Primaria,1,L,Tarde,12,2317,Padre
384,33261734,Luis Benjamin,Espinoza,Marin,M,2020-02-08,Primaria,1,L,Tarde,12,2341,Madre
385,38132558,Julio Jorge,Salvador,Apaza,M,2020-04-24,Primaria,1,L,Tarde,12,881,Padre
386,43151613,Luana Yolanda,Aguilar,Gutierrez,F,2020-11-02,Primaria,1,L,Tarde,12,881,Padre
387,55282568,Nayeli Pilar,Ortiz,Herrera,F,2020-11-13,Primaria,1,L,Tarde,12,2599,Padre
388,31111786,Alexandra Abigail,Nunez,Huaraca,F,2020-08-16,Primaria,1,L,Tarde,12,1468,Padre
389,18117400,Ariana Britany,Huaman,Alarcon,F,2020-11-08,Primaria,1,L,Tarde,12,1591,Madre
390,23771298,Carmen Vanessa,Cardenas,Herrera,F,2020-12-30,Primaria,1,L,Tarde,12,2071,Madre
391,45187669,Teresa Camila,Condori,Rivera,F,2020-01-01,Primaria,1,L,Tarde,12,1494,Madre
392,32689241,Yesenia Danna,Chavez,Mendoza,F,2020-05-10,Primaria,1,L,Tarde,12,352,Padre
393,76596419,Emilio Aaron,Ortiz,Vega,M,2020-11-13,Primaria,1,L,Tarde,12,2863,Madre
394,65543420,Alexis Hugo,Soto,Reyes,M,2020-12-21,Primaria,1,L,Tarde,12,1957,Padre
395,55159352,Rosa Patricia,Cornejo,Cutipa,F,2020-06-01,Primaria,1,L,Tarde,12,3015,Madre
396,67046506,Gabriela Maria,Farfan,Espinoza,F,2020-07-29,Primaria,1,L,Tarde,12,2234,Madre
397,27612351,Isabel Carmen,Bravo,Farfan,F,2020-08-06,Primaria,1,L,Tarde,12,236,Padre
398,38023566,Carlos Piero,Ibarra,Rimac,M,2020-01-18,Primaria,1,L,Tarde,12,1546,Padre
399,39105946,Benjamin Leonardo,Medina,Palacios,M,2020-06-30,Primaria,1,L,Tarde,12,419,Madre
400,75511221,Nayeli Yolanda,Condori,Bravo,F,2020-03-25,Primaria,1,L,Tarde,12,2714,Madre
401,20512120,Grecia Xiomara,Vilca,Ibarra,F,2020-09-11,Primaria,1,L,Tarde,12,1356,Madre
402,34808362,Sebastian Piero,Bravo,Sanchez,M,2020-04-26,Primaria,1,M,Tarde,13,2865,Madre
403,62089496,Walter Angel,Chavez,Quispe,M,2020-05-08,Primaria,1,M,Tarde,13,1565,Padre
404,76231426,Jorge Diego,Aguilar,Herrera,M,2020-01-16,Primaria,1,M,Tarde,13,2952,Padre
405,76240359,Xiomara Alessandra,Vilca,Herrera,F,2020-01-10,Primaria,1,M,Tarde,13,935,Padre
406,45371941,Joaquin Nicolas,Fernandez,Bravo,M,2020-02-27,Primaria,1,M,Tarde,13,2882,Padre
407,67153724,Nicole Camila,Ramos,Huaman,F,2020-05-31,Primaria,1,M,Tarde,13,2751,Padre
408,68574455,Katherine Renata,Apaza,Rodriguez,F,2020-03-06,Primaria,1,M,Tarde,13,3121,Madre
409,40947115,Susan Teresa,Mendoza,Ramos,F,2020-02-10,Primaria,1,M,Tarde,13,1421,Padre
410,72331375,Juan Mateo,Rimac,Leon,M,2020-02-14,Primaria,1,M,Tarde,13,681,Madre
411,62283607,Julio Diego,Palacios,Soto,M,2020-10-01,Primaria,1,M,Tarde,13,181,Madre
412,11734281,Luis Victor,Espinoza,Huaman,M,2020-02-05,Primaria,1,M,Tarde,13,1714,Padre
413,68418089,Diego Raul,Vasquez,Huaraca,M,2020-04-16,Primaria,1,M,Tarde,13,2903,Madre
414,15263968,Martin Manuel,Ticona,Mamani,M,2020-02-02,Primaria,1,M,Tarde,13,2458,Madre
415,22418599,Leonardo Jose,Bautista,Castillo,M,2020-10-08,Primaria,1,M,Tarde,13,1271,Madre
416,46994516,Cristian Gonzalo,Farfan,Flores,M,2020-06-22,Primaria,1,M,Tarde,13,337,Padre
417,43357720,Adrian Edgar,Cruz,Ibarra,M,2020-01-21,Primaria,1,M,Tarde,13,799,Padre
418,35054763,Ana Milagros,Bravo,Silva,F,2020-10-20,Primaria,1,M,Tarde,13,745,Madre
419,46805154,Marco Thiago,Farfan,Rimac,M,2020-02-09,Primaria,1,M,Tarde,13,635,Padre
420,78626283,Renzo Gabriel,Paucar,Villanueva,M,2020-07-11,Primaria,1,M,Tarde,13,1002,Madre
421,12114050,Julia Karen,Pacheco,Ibarra,F,2020-03-08,Primaria,1,M,Tarde,13,1853,Padre
422,18925056,Danna Diana,Espinoza,Paucar,F,2020-02-16,Primaria,1,M,Tarde,13,1181,Madre
423,11213191,Rodrigo Fernando,Yupanqui,Vilca,M,2020-12-26,Primaria,1,M,Tarde,13,528,Padre
424,35467913,Maria Britany,Campos,Rimac,F,2020-04-01,Primaria,1,M,Tarde,13,1916,Madre
425,59856083,Benjamin Walter,Rodriguez,Fernandez,M,2020-05-12,Primaria,1,M,Tarde,13,2933,Madre
426,40239477,Adrian Joaquin,Torres,Cornejo,M,2020-02-24,Primaria,1,M,Tarde,13,1285,Padre
427,10126061,Patricia Danna,Chavez,Paredes,F,2020-03-03,Primaria,1,M,Tarde,13,2013,Padre
428,47541806,Alexis Franco,Carrillo,Ibarra,M,2020-11-12,Primaria,1,M,Tarde,13,836,Madre
429,78521094,Franco Jhoel,Paredes,Zavala,M,2020-07-19,Primaria,1,M,Tarde,13,1146,Madre
430,20853169,Alexis Angel,Ruiz,Nunez,M,2020-10-13,Primaria,1,M,Tarde,13,1441,Madre
431,20665403,Patricia Flor,Carrillo,Herrera,F,2020-12-01,Primaria,1,M,Tarde,13,1116,Madre
432,43839348,Nicole Rosa,Condori,Villanueva,F,2020-07-24,Primaria,1,M,Tarde,13,2380,Padre
433,76796816,Camila Alexandra,Romero,Salazar,F,2020-09-16,Primaria,1,M,Tarde,13,339,Padre
434,29204388,Alexis Jorge,Villanueva,Gutierrez,M,2020-08-24,Primaria,1,M,Tarde,13,731,Madre
435,64568269,Juan Hugo,Gonzales,Paucar,M,2020-11-01,Primaria,1,M,Tarde,13,1566,Madre
436,16188534,Samuel Nicolas,Lazo,Rodriguez,M,2020-02-28,Primaria,1,M,Tarde,13,1730,Padre
437,79147182,Paula Yolanda,Palacios,Ibarra,F,2020-12-16,Primaria,1,M,Tarde,13,1101,Madre
438,60698765,Alberto Hugo,Sanchez,Espinoza,M,2020-01-22,Primaria,1,M,Tarde,13,747,Padre
439,15134742,Britany Alessandra,Paredes,Villanueva,F,2019-06-22,Primaria,2,A,Mañana,14,161,Madre
440,75768271,Diana Pilar,Reyes,Gonzales,F,2019-06-05,Primaria,2,A,Mañana,14,3097,Madre
441,14563726,Diana Diana,Diaz,Fernandez,F,2019-03-30,Primaria,2,A,Mañana,14,2960,Madre
442,49571461,Oscar Alexander,Alvarez,Cornejo,M,2019-07-29,Primaria,2,A,Mañana,14,249,Padre
443,24026715,Fabricio Franco,Paredes,Yupanqui,M,2019-07-27,Primaria,2,A,Mañana,14,3060,Padre
444,42684485,Elena Abigail,Salvador,Yataco,F,2019-09-09,Primaria,2,A,Mañana,14,1644,Padre
445,48817269,Fernando Jhon,Torres,Ibarra,M,2019-03-10,Primaria,2,A,Mañana,14,2197,Padre
446,54706067,Sebastian Benjamin,Romero,Salazar,M,2019-06-11,Primaria,2,A,Mañana,14,897,Madre
447,36607448,Miguel Jhon,Delgado,Bautista,M,2019-08-20,Primaria,2,A,Mañana,14,62,Padre
448,78051029,Alexander Edgar,Ramos,Ochoa,M,2019-04-17,Primaria,2,A,Mañana,14,556,Padre
449,75368313,Jhoel Fabricio,Rodriguez,Gutierrez,M,2019-03-17,Primaria,2,A,Mañana,14,1274,Padre
450,26005374,Dylan Thiago,Huaraca,Choque,M,2019-05-13,Primaria,2,A,Mañana,14,955,Padre
451,79114170,Thiago Emilio,Paucar,Cutipa,M,2019-04-24,Primaria,2,A,Mañana,14,417,Madre
452,44033027,Anthony Sebastian,Rivera,Soto,M,2019-08-24,Primaria,2,A,Mañana,14,724,Padre
453,58010941,Hugo Erick,Aguilar,Carrillo,M,2019-03-22,Primaria,2,A,Mañana,14,1564,Madre
454,69608691,Ian Benjamin,Aquino,Alarcon,M,2019-07-25,Primaria,2,A,Mañana,14,1691,Padre
455,36526049,Edgar Emilio,Salazar,Paucar,M,2019-06-30,Primaria,2,A,Mañana,14,2074,Madre
456,36111156,Britany Rosa,Vega,Pacheco,F,2019-10-12,Primaria,2,A,Mañana,14,72,Padre
457,55347099,Fiorella Paula,Rivera,Espinoza,F,2019-05-31,Primaria,2,A,Mañana,14,661,Padre
458,54416513,Ricardo Edgar,Machaca,Ibarra,M,2019-10-17,Primaria,2,A,Mañana,14,686,Padre
459,62205374,Ivan Bryan,Aguilar,Espinoza,M,2019-04-03,Primaria,2,A,Mañana,14,73,Madre
460,43071429,Flor Dulce,Vasquez,Marin,F,2019-06-03,Primaria,2,A,Mañana,14,527,Padre
461,19866242,Teresa Ximena,Rojas,Condori,F,2019-07-09,Primaria,2,A,Mañana,14,112,Padre
462,10975846,Yolanda Zoe,Yataco,Carrillo,F,2019-03-30,Primaria,2,A,Mañana,14,2973,Padre
463,22463192,Jorge Manuel,Rimac,Cornejo,M,2019-02-08,Primaria,2,A,Mañana,14,789,Madre
464,56382124,Valentina Elena,Cabanillas,Ruiz,F,2019-11-16,Primaria,2,A,Mañana,14,499,Madre
465,15284497,Pedro Walter,Villanueva,Ccahuana,M,2019-12-21,Primaria,2,A,Mañana,14,2325,Padre
466,21077019,Alberto Raul,Ochoa,Torres,M,2019-05-07,Primaria,2,A,Mañana,14,242,Madre
467,18575382,Abigail Ashley,Romero,Guzman,F,2019-10-14,Primaria,2,A,Mañana,14,2362,Madre
468,67550234,Dulce Carmen,Ccahuana,Medina,F,2019-03-16,Primaria,2,A,Mañana,14,2595,Madre
469,30644421,Sebastian Edgar,Villanueva,Silva,M,2019-06-11,Primaria,2,A,Mañana,14,978,Padre
470,31061526,Thiago Aaron,Lazo,Rojas,M,2019-11-15,Primaria,2,A,Mañana,14,2514,Madre
471,72484042,Sebastian Anthony,Farfan,Gonzales,M,2019-06-05,Primaria,2,A,Mañana,14,842,Padre
472,14010376,Pedro Cristian,Guzman,Fernandez,M,2019-02-08,Primaria,2,A,Mañana,14,2149,Padre
473,64481878,Renata Brenda,Rodriguez,Paucar,F,2019-01-19,Primaria,2,A,Mañana,14,1015,Padre
474,60067051,Fiorella Diana,Ccahuana,Aguilar,F,2019-07-24,Primaria,2,B,Mañana,15,2641,Padre
475,37411006,Benjamin Piero,Ruiz,Cabanillas,M,2019-12-07,Primaria,2,B,Mañana,15,709,Madre
476,75043237,Dulce Camila,Medina,Rodriguez,F,2019-11-22,Primaria,2,B,Mañana,15,1836,Madre
477,57910098,Sofia Emily,Bravo,Castillo,F,2019-01-06,Primaria,2,B,Mañana,15,2219,Padre
478,72501276,Mateo Pedro,Ochoa,Choque,M,2019-08-02,Primaria,2,B,Mañana,15,598,Madre
479,43482536,Emilio Anthony,Leon,Salazar,M,2019-02-06,Primaria,2,B,Mañana,15,2748,Madre
480,30166487,Renata Luana,Cardenas,Farfan,F,2019-04-13,Primaria,2,B,Mañana,15,146,Padre
481,31706111,Diego Gabriel,Ochoa,Condori,M,2019-06-02,Primaria,2,B,Mañana,15,1009,Madre
482,60119236,Katherine Diana,Vargas,Nunez,F,2019-01-07,Primaria,2,B,Mañana,15,1983,Padre
483,10105514,Erick Samuel,Apaza,Herrera,M,2019-03-31,Primaria,2,B,Mañana,15,2752,Padre
484,21425551,Rosa Dulce,Bravo,Zavala,F,2019-03-22,Primaria,2,B,Mañana,15,2620,Padre
485,62892335,Ivan Anthony,Ibarra,Salazar,M,2019-12-19,Primaria,2,B,Mañana,15,1763,Madre
486,56723891,Ximena Paula,Flores,Gonzales,F,2019-06-27,Primaria,2,B,Mañana,15,328,Padre
487,36695965,Ana Valentina,Romero,Quispe,F,2019-12-20,Primaria,2,B,Mañana,15,942,Padre
488,24561007,Luz Kiara,Campos,Mendoza,F,2019-10-31,Primaria,2,B,Mañana,15,733,Madre
489,59746552,Yesenia Melissa,Huaman,Nunez,F,2019-09-03,Primaria,2,B,Mañana,15,1107,Madre
490,46462443,Marco Dylan,Machaca,Sanchez,M,2019-05-03,Primaria,2,B,Mañana,15,2300,Padre
491,24137023,Ariana Teresa,Ochoa,Apaza,F,2019-07-08,Primaria,2,B,Mañana,15,581,Madre
492,24485581,Kiara Milagros,Gutierrez,Quispe,F,2019-06-29,Primaria,2,B,Mañana,15,2446,Madre
493,49413471,Luana Diana,Vasquez,Alarcon,F,2019-11-27,Primaria,2,B,Mañana,15,1766,Madre
494,16024487,Fabricio Alexis,Torres,Fernandez,M,2019-07-25,Primaria,2,B,Mañana,15,2447,Madre
495,70236523,Yesenia Camila,Soto,Rodriguez,F,2019-06-08,Primaria,2,B,Mañana,15,1571,Padre
496,34658223,Benjamin Victor,Alarcon,Flores,M,2019-05-24,Primaria,2,B,Mañana,15,469,Madre
497,63135241,Maria Zoe,Gonzales,Aguilar,F,2019-01-20,Primaria,2,B,Mañana,15,958,Padre
498,36614044,Rodrigo Luis,Cruz,Gonzales,M,2019-01-22,Primaria,2,B,Mañana,15,2617,Padre
499,20465538,Alexander Dylan,Huaman,Choque,M,2019-06-17,Primaria,2,B,Mañana,15,2253,Padre
500,40267571,Ashley Zoe,Herrera,Nunez,F,2019-04-20,Primaria,2,B,Mañana,15,934,Padre
501,43757990,Piero Cesar,Bravo,Guzman,M,2019-02-09,Primaria,2,B,Mañana,15,2121,Padre
502,25298622,Rafaella Nayeli,Cutipa,Torres,F,2019-05-06,Primaria,2,B,Mañana,15,2571,Madre
503,21259746,Martin Rodrigo,Ibarra,Diaz,M,2019-05-23,Primaria,2,B,Mañana,15,1796,Padre
504,13097356,Karen Valentina,Bravo,Flores,F,2019-04-16,Primaria,2,B,Mañana,15,334,Madre
505,59098905,Pedro Benjamin,Vargas,Gutierrez,M,2019-08-06,Primaria,2,B,Mañana,15,491,Padre
506,13835075,Abigail Lucia,Castillo,Ruiz,F,2019-04-23,Primaria,2,B,Mañana,15,2982,Padre
507,72867335,Diana Camila,Vilca,Condori,F,2019-09-04,Primaria,2,B,Mañana,15,1462,Padre
508,44710199,Estefany Mia,Marin,Flores,F,2019-09-02,Primaria,2,B,Mañana,15,1995,Padre
509,78080343,Victor Jhon,Machaca,Carrillo,M,2019-02-13,Primaria,2,B,Mañana,15,329,Padre
510,65973300,Alexander Ian,Espinoza,Ticona,M,2019-08-16,Primaria,2,B,Mañana,15,3180,Padre
511,31006383,Katty Julia,Rimac,Ramos,F,2019-01-24,Primaria,2,B,Mañana,15,2466,Madre
512,67125092,Wilson Renzo,Garcia,Marin,M,2019-11-14,Primaria,2,C,Mañana,16,3038,Madre
513,56486807,Lucia Maria,Choque,Cruz,F,2019-05-18,Primaria,2,C,Mañana,16,1121,Madre
514,67951052,Miguel Ian,Medina,Romero,M,2019-11-11,Primaria,2,C,Mañana,16,368,Madre
515,46086786,Dylan Victor,Villanueva,Choque,M,2019-10-11,Primaria,2,C,Mañana,16,2159,Padre
516,59169999,Manuel Jorge,Guzman,Leon,M,2019-09-30,Primaria,2,C,Mañana,16,667,Madre
517,72043348,Manuel Dylan,Ortiz,Carrillo,M,2019-12-07,Primaria,2,C,Mañana,16,2437,Madre
518,32568426,Vanessa Isabel,Ccahuana,Ortiz,F,2019-07-20,Primaria,2,C,Mañana,16,82,Padre
519,55109189,Leonardo Martin,Marin,Vargas,M,2019-02-17,Primaria,2,C,Mañana,16,2508,Madre
520,71243271,Alessandra Camila,Vilca,Aguilar,F,2019-08-07,Primaria,2,C,Mañana,16,1070,Padre
521,40189003,Carlos Rodrigo,Alarcon,Apaza,M,2019-11-23,Primaria,2,C,Mañana,16,829,Madre
522,72802758,Juan Alexis,Diaz,Espinoza,M,2019-02-18,Primaria,2,C,Mañana,16,2280,Padre
523,31367616,Maria Carmen,Paredes,Cabrera,F,2019-10-03,Primaria,2,C,Mañana,16,2627,Padre
524,38432202,Julio Emilio,Quispe,Flores,M,2019-02-10,Primaria,2,C,Mañana,16,2567,Madre
525,28673325,Paula Melissa,Cornejo,Rimac,F,2019-05-06,Primaria,2,C,Mañana,16,1259,Padre
526,12172806,Jorge Alexis,Vargas,Aguilar,M,2019-09-01,Primaria,2,C,Mañana,16,1343,Padre
527,67736442,Ana Antonella,Silva,Paucar,F,2019-05-19,Primaria,2,C,Mañana,16,1331,Padre
528,78871994,Ashley Maria,Rojas,Carrillo,F,2019-07-19,Primaria,2,C,Mañana,16,2651,Padre
529,17260725,Adrian Aaron,Quispe,Reyes,M,2019-08-21,Primaria,2,C,Mañana,16,1831,Padre
530,42933953,Fiorella Elena,Campos,Huaman,F,2019-05-03,Primaria,2,C,Mañana,16,1354,Madre
531,69910422,Samuel Samuel,Apaza,Apaza,M,2019-04-24,Primaria,2,C,Mañana,16,3139,Madre
532,78712687,Brenda Daniela,Cabanillas,Lazo,F,2019-12-05,Primaria,2,C,Mañana,16,1757,Madre
533,37924009,Dylan Bryan,Salazar,Ramos,M,2019-06-24,Primaria,2,C,Mañana,16,2647,Padre
534,77920822,Pilar Brenda,Rivera,Cornejo,F,2019-08-20,Primaria,2,C,Mañana,16,3101,Padre
535,64900463,Yesenia Danna,Castillo,Cutipa,F,2019-06-11,Primaria,2,C,Mañana,16,910,Madre
536,21471405,Anthony Piero,Zavala,Delgado,M,2019-03-13,Primaria,2,C,Mañana,16,2366,Madre
537,79340018,Alberto Fabricio,Diaz,Rodriguez,M,2019-10-04,Primaria,2,C,Mañana,16,3034,Padre
538,56985494,Leonardo Joaquin,Diaz,Paucar,M,2019-12-21,Primaria,2,C,Mañana,16,316,Madre
539,71076174,Alessandra Pilar,Soto,Sanchez,F,2019-07-04,Primaria,2,C,Mañana,16,498,Padre
540,47341331,Oscar Bryan,Rimac,Yataco,M,2019-09-16,Primaria,2,C,Mañana,16,389,Padre
541,10509721,Britany Dulce,Diaz,Bautista,F,2019-04-03,Primaria,2,C,Mañana,16,2914,Madre
542,30583758,Hugo Adrian,Choque,Cardenas,M,2019-05-10,Primaria,2,C,Mañana,16,2172,Padre
543,33478898,Mia Ana,Quispe,Ibarra,F,2019-01-01,Primaria,2,C,Mañana,16,2591,Madre
544,29544133,Gabriela Renata,Ticona,Sanchez,F,2019-06-28,Primaria,2,C,Mañana,16,764,Madre
545,19912817,Melissa Isabel,Salvador,Ccahuana,F,2019-05-10,Primaria,2,C,Mañana,16,1106,Madre
546,58865512,Fiorella Isabel,Cruz,Reyes,F,2019-09-26,Primaria,2,D,Mañana,17,2074,Madre
547,53578882,Diego Juan,Ibarra,Paredes,M,2019-12-23,Primaria,2,D,Mañana,17,426,Madre
548,12386792,Bryan Thiago,Flores,Alarcon,M,2019-09-06,Primaria,2,D,Mañana,17,1554,Padre
549,33041271,Ximena Julia,Silva,Mamani,F,2019-01-03,Primaria,2,D,Mañana,17,48,Padre
550,58368604,Victor Cesar,Ccahuana,Cardenas,M,2019-10-31,Primaria,2,D,Mañana,17,2017,Madre
551,48162456,Wilson Victor,Zavala,Salazar,M,2019-04-28,Primaria,2,D,Mañana,17,2374,Madre
552,37535152,Juan Jhoel,Guzman,Paucar,M,2019-10-30,Primaria,2,D,Mañana,17,738,Padre
553,65526046,Brenda Renata,Quispe,Marin,F,2019-08-24,Primaria,2,D,Mañana,17,2376,Padre
554,38095235,Piero Franco,Cutipa,Paucar,M,2019-10-07,Primaria,2,D,Mañana,17,2841,Madre
555,43837779,Mateo Emilio,Ramos,Bautista,M,2019-04-19,Primaria,2,D,Mañana,17,143,Padre
556,17144605,Oscar Yamil,Paredes,Castillo,M,2019-03-25,Primaria,2,D,Mañana,17,2909,Padre
557,30544582,Antonella Daniela,Bravo,Condori,F,2019-06-13,Primaria,2,D,Mañana,17,2342,Madre
558,49222383,Juan Leonardo,Yataco,Ortiz,M,2019-09-18,Primaria,2,D,Mañana,17,1961,Madre
559,44159630,Luis Luis,Medina,Lazo,M,2019-01-01,Primaria,2,D,Mañana,17,1533,Madre
560,16583347,Ximena Antonella,Fernandez,Bautista,F,2019-04-25,Primaria,2,D,Mañana,17,3036,Padre
561,78313134,Fiorella Ruth,Medina,Carrillo,F,2019-01-31,Primaria,2,D,Mañana,17,1417,Padre
562,33419687,Mia Ana,Alarcon,Quispe,F,2019-11-08,Primaria,2,D,Mañana,17,2356,Madre
563,42606736,Jorge Kevin,Zavala,Bautista,M,2019-02-22,Primaria,2,D,Mañana,17,2143,Padre
564,75553463,Daniela Nicole,Gutierrez,Lazo,F,2019-10-10,Primaria,2,D,Mañana,17,313,Padre
565,61681077,Yesica Dulce,Alvarez,Silva,F,2019-05-21,Primaria,2,D,Mañana,17,1411,Madre
566,49239202,Rafaella Sofia,Soto,Medina,F,2019-04-01,Primaria,2,D,Mañana,17,1902,Madre
567,30190631,Ximena Flor,Huaman,Vargas,F,2019-09-18,Primaria,2,D,Mañana,17,2360,Madre
568,25409884,Franco Victor,Lazo,Aquino,M,2019-11-15,Primaria,2,D,Mañana,17,327,Madre
569,66891967,Rosa Milagros,Ochoa,Farfan,F,2019-08-05,Primaria,2,D,Mañana,17,3054,Padre
570,34109784,Jhoel Ian,Leon,Campos,M,2019-05-13,Primaria,2,D,Mañana,17,2249,Padre
571,15386539,Joaquin Alberto,Salazar,Farfan,M,2019-11-29,Primaria,2,D,Mañana,17,484,Madre
572,11179449,Cesar Cristian,Yataco,Vilca,M,2019-04-19,Primaria,2,D,Mañana,17,2112,Padre
573,73473267,Yesenia Britany,Rivera,Huaman,F,2019-05-09,Primaria,2,E,Mañana,18,2283,Padre
574,46806156,Alexandra Nicole,Sanchez,Vargas,F,2019-04-28,Primaria,2,E,Mañana,18,2026,Madre
575,37994242,Mateo Fernando,Rojas,Aguilar,M,2019-01-31,Primaria,2,E,Mañana,18,2284,Madre
576,77023169,Hugo Gabriel,Aguilar,Huaman,M,2019-11-13,Primaria,2,E,Mañana,18,648,Padre
577,33416430,Fernando Martin,Chavez,Zavala,M,2019-09-04,Primaria,2,E,Mañana,18,1187,Padre
578,57397407,Samuel Joaquin,Palacios,Soto,M,2019-02-24,Primaria,2,E,Mañana,18,792,Madre
579,56006323,Leonardo Wilson,Garcia,Ibarra,M,2019-10-21,Primaria,2,E,Mañana,18,476,Padre
580,36666614,Gonzalo Piero,Lazo,Medina,M,2019-01-12,Primaria,2,E,Mañana,18,2524,Madre
581,68487926,Diana Teresa,Ibarra,Machaca,F,2019-11-22,Primaria,2,E,Mañana,18,3046,Padre
582,41209843,Vanessa Sofia,Ccahuana,Ramos,F,2019-04-23,Primaria,2,E,Mañana,18,2674,Padre
583,78761169,Karen Fiorella,Zavala,Diaz,F,2019-08-29,Primaria,2,E,Mañana,18,2456,Madre
584,57530948,Nayeli Camila,Pacheco,Villanueva,F,2019-10-30,Primaria,2,E,Mañana,18,37,Padre
585,78358753,Teresa Susan,Campos,Huaraca,F,2019-02-01,Primaria,2,E,Mañana,18,521,Madre
586,46689878,Yesenia Luana,Cabrera,Rodriguez,F,2019-04-17,Primaria,2,E,Mañana,18,2966,Padre
587,65885320,Ivan Emilio,Condori,Ramos,M,2019-04-18,Primaria,2,E,Mañana,18,2531,Madre
588,45563168,Anthony Leonardo,Fernandez,Vargas,M,2019-06-18,Primaria,2,E,Mañana,18,1465,Padre
589,59871726,Susan Katty,Rodriguez,Medina,F,2019-07-20,Primaria,2,E,Mañana,18,513,Padre
590,50534597,Ashley Brenda,Aquino,Marin,F,2019-11-20,Primaria,2,E,Mañana,18,636,Padre
591,27092824,Juan Raul,Leon,Romero,M,2019-03-13,Primaria,2,E,Mañana,18,1510,Madre
592,24014747,Walter Sebastian,Fernandez,Paucar,M,2019-07-04,Primaria,2,E,Mañana,18,872,Madre
593,39973947,Yamil Samuel,Silva,Romero,M,2019-04-18,Primaria,2,F,Mañana,19,837,Padre
594,51828649,Luz Carmen,Castillo,Rodriguez,F,2019-03-30,Primaria,2,F,Mañana,19,299,Madre
595,41585289,Jorge Samuel,Rivera,Alarcon,M,2019-01-17,Primaria,2,F,Mañana,19,221,Madre
596,15246634,Grecia Yesica,Soto,Ruiz,F,2019-07-05,Primaria,2,F,Mañana,19,2749,Madre
597,19521883,Maria Rosa,Ochoa,Aguilar,F,2019-12-28,Primaria,2,F,Mañana,19,2353,Padre
598,34579839,Gabriel Julio,Cornejo,Vilca,M,2019-06-29,Primaria,2,F,Mañana,19,101,Madre
599,44451037,Alessandra Patricia,Apaza,Salvador,F,2019-04-22,Primaria,2,F,Mañana,19,158,Padre
600,68722434,Pedro Walter,Vargas,Castillo,M,2019-01-17,Primaria,2,F,Mañana,19,1370,Padre
601,68204764,Rosa Paula,Espinoza,Vega,F,2019-04-19,Primaria,2,F,Mañana,19,2191,Madre
602,51741644,Wilson Gustavo,Medina,Medina,M,2019-11-10,Primaria,2,F,Mañana,19,16,Madre
603,10308992,Hugo Yamil,Medina,Huaman,M,2019-07-26,Primaria,2,F,Mañana,19,1997,Padre
604,53382959,Jhoana Isabel,Vasquez,Apaza,F,2019-08-09,Primaria,2,F,Mañana,19,1127,Padre
605,26380310,Vanessa Camila,Vasquez,Ticona,F,2019-07-23,Primaria,2,F,Mañana,19,2410,Padre
606,73029147,Aaron Walter,Nunez,Sanchez,M,2019-07-18,Primaria,2,F,Mañana,19,889,Padre
607,39316263,Valentina Ana,Rimac,Silva,F,2019-12-16,Primaria,2,F,Mañana,19,1800,Madre
608,45388039,Estefany Vanessa,Salazar,Ortiz,F,2019-09-30,Primaria,2,F,Mañana,19,1985,Madre
609,17963380,Ariana Alessandra,Cardenas,Quispe,F,2019-06-26,Primaria,2,F,Mañana,19,469,Madre
610,71037639,Jhoel Ivan,Herrera,Chavez,M,2019-04-03,Primaria,2,F,Mañana,19,1038,Padre
611,73678821,Valentina Ariana,Mendoza,Torres,F,2019-12-09,Primaria,2,F,Mañana,19,3088,Madre
612,67344412,Danna Nayeli,Apaza,Soto,F,2019-07-28,Primaria,2,F,Mañana,19,1436,Madre
613,48987800,Rafaella Renata,Chavez,Alvarez,F,2019-02-15,Primaria,2,F,Mañana,19,776,Madre
614,34066582,Camila Isabel,Ortiz,Ruiz,F,2019-02-05,Primaria,2,F,Mañana,19,2897,Madre
615,17322216,Katherine Luz,Soto,Rodriguez,F,2019-08-22,Primaria,2,F,Mañana,19,1607,Padre
616,64910800,Jhoel Cristian,Alvarez,Yataco,M,2019-07-16,Primaria,2,F,Mañana,19,2886,Padre
617,79911554,Nicole Susan,Huaman,Rivera,F,2019-08-24,Primaria,2,F,Mañana,19,2706,Madre
618,15967131,Valentina Zoe,Quispe,Carrillo,F,2019-12-28,Primaria,2,F,Mañana,19,3144,Madre
619,33466403,Benjamin Angel,Pacheco,Gonzales,M,2019-02-08,Primaria,2,F,Mañana,19,3131,Madre
620,52161102,Erick Adrian,Cardenas,Herrera,M,2019-01-11,Primaria,2,F,Mañana,19,2293,Madre
621,76347562,Valentina Yolanda,Delgado,Villanueva,F,2019-10-27,Primaria,2,F,Mañana,19,1456,Madre
622,78660524,Yamil Hugo,Herrera,Flores,M,2019-08-25,Primaria,2,F,Mañana,19,17,Padre
623,62209864,Sebastian Benjamin,Ccahuana,Campos,M,2019-04-28,Primaria,2,F,Mañana,19,1395,Madre
624,16342734,Mia Elena,Paredes,Flores,F,2019-09-15,Primaria,2,F,Mañana,19,408,Padre
625,73218675,Gabriel Manuel,Ruiz,Vargas,M,2019-04-23,Primaria,2,F,Mañana,19,2040,Madre
626,37672537,Sofia Ximena,Mamani,Garcia,F,2019-04-08,Primaria,2,F,Mañana,19,981,Madre
627,42576384,Pedro Nicolas,Silva,Castillo,M,2019-06-24,Primaria,2,F,Mañana,19,1735,Madre
628,69707389,Isabel Dulce,Herrera,Quispe,F,2019-02-04,Primaria,2,F,Mañana,19,2395,Madre
629,65813798,Jose Victor,Cutipa,Rojas,M,2019-01-10,Primaria,2,F,Mañana,19,1387,Madre
630,71349467,Fabricio Samuel,Castillo,Quispe,M,2019-08-04,Primaria,2,F,Mañana,19,1550,Padre
631,69114002,Wilson Alberto,Sanchez,Romero,M,2019-01-09,Primaria,2,F,Mañana,19,2862,Madre
632,73705594,Luis Luis,Flores,Salazar,M,2019-06-26,Primaria,2,G,Tarde,20,1316,Padre
633,60958406,Jhoel Wilson,Pacheco,Gutierrez,M,2019-03-18,Primaria,2,G,Tarde,20,1588,Padre
634,74059780,Dulce Katherine,Espinoza,Vega,F,2019-01-08,Primaria,2,G,Tarde,20,594,Padre
635,75433541,Katherine Fiorella,Ramos,Condori,F,2019-12-21,Primaria,2,G,Tarde,20,3104,Madre
636,61208642,Piero Walter,Mendoza,Farfan,M,2019-08-12,Primaria,2,G,Tarde,20,3099,Padre
637,40895693,Milagros Diana,Apaza,Romero,F,2019-05-04,Primaria,2,G,Tarde,20,1182,Padre
638,23394797,Jorge Carlos,Delgado,Cutipa,M,2019-09-07,Primaria,2,G,Tarde,20,400,Madre
639,73308275,Joaquin Fernando,Apaza,Castillo,M,2019-01-19,Primaria,2,G,Tarde,20,520,Madre
640,59628357,Manuel Thiago,Choque,Soto,M,2019-02-22,Primaria,2,G,Tarde,20,2257,Madre
641,43743402,Marco Bryan,Paucar,Gutierrez,M,2019-01-14,Primaria,2,G,Tarde,20,1107,Madre
642,33956749,Alexander Cesar,Delgado,Marin,M,2019-05-04,Primaria,2,G,Tarde,20,185,Padre
643,38522967,Sofia Elena,Gonzales,Castillo,F,2019-03-19,Primaria,2,G,Tarde,20,2477,Madre
644,39383828,Fabricio Cesar,Marin,Aquino,M,2019-03-20,Primaria,2,G,Tarde,20,195,Padre
645,75839515,Erick Fabricio,Rodriguez,Cabrera,M,2019-10-03,Primaria,2,G,Tarde,20,1389,Madre
646,37408436,Isabel Renata,Condori,Ruiz,F,2019-11-29,Primaria,2,G,Tarde,20,2307,Padre
647,50086711,Zoe Zoe,Cardenas,Apaza,F,2019-09-16,Primaria,2,G,Tarde,20,2133,Padre
648,64511356,Elena Patricia,Cabrera,Salvador,F,2019-05-03,Primaria,2,G,Tarde,20,2598,Padre
649,27418184,Katty Susan,Fernandez,Soto,F,2019-02-15,Primaria,2,G,Tarde,20,589,Madre
650,12037033,Ricardo Erick,Ruiz,Quispe,M,2019-05-12,Primaria,2,G,Tarde,20,2785,Padre
651,35951141,Nicole Nayeli,Delgado,Yataco,F,2019-08-18,Primaria,2,G,Tarde,20,1369,Madre
652,78304808,Fabricio Alexander,Cutipa,Soto,M,2019-06-26,Primaria,2,G,Tarde,20,556,Padre
653,25812161,Carmen Abigail,Cabanillas,Machaca,F,2019-11-09,Primaria,2,G,Tarde,20,2840,Madre
654,78298773,Samuel Walter,Paucar,Bautista,M,2019-12-12,Primaria,2,H,Tarde,21,1161,Madre
655,63058182,Lucia Luana,Gutierrez,Gonzales,F,2019-11-06,Primaria,2,H,Tarde,21,1972,Madre
656,37845763,Julia Xiomara,Sanchez,Ramos,F,2019-01-25,Primaria,2,H,Tarde,21,1131,Padre
657,18127169,Alessandra Zoe,Chavez,Vega,F,2019-06-15,Primaria,2,H,Tarde,21,2481,Madre
658,66239781,Brenda Xiomara,Alarcon,Salvador,F,2019-09-29,Primaria,2,H,Tarde,21,2278,Madre
659,65306126,Sebastian Hugo,Salvador,Vargas,M,2019-02-19,Primaria,2,H,Tarde,21,1660,Madre
660,63596162,Elmer Oscar,Yupanqui,Romero,M,2019-04-22,Primaria,2,H,Tarde,21,292,Madre
661,35191172,Edgar Angel,Silva,Condori,M,2019-03-28,Primaria,2,H,Tarde,21,522,Padre
662,42256577,Gabriel Emilio,Medina,Nunez,M,2019-12-28,Primaria,2,H,Tarde,21,1967,Madre
663,57668796,Danna Susan,Farfan,Delgado,F,2019-11-09,Primaria,2,H,Tarde,21,1420,Madre
664,66688639,Patricia Ariana,Vega,Diaz,F,2019-09-03,Primaria,2,H,Tarde,21,2641,Padre
665,73285833,Abigail Susan,Cabanillas,Gutierrez,F,2019-08-17,Primaria,2,H,Tarde,21,418,Padre
666,34267118,Ashley Pilar,Farfan,Castillo,F,2019-07-11,Primaria,2,H,Tarde,21,1749,Madre
667,25572996,Ximena Nicole,Bautista,Campos,F,2019-03-02,Primaria,2,H,Tarde,21,1542,Padre
668,62746977,Rodrigo Alexander,Castillo,Carrillo,M,2019-10-02,Primaria,2,H,Tarde,21,2307,Padre
669,40783287,Camila Yesica,Vega,Quispe,F,2019-05-08,Primaria,2,H,Tarde,21,2433,Madre
670,68083061,Piero Gustavo,Castillo,Rimac,M,2019-01-02,Primaria,2,H,Tarde,21,3165,Madre
671,21756619,Diego Gustavo,Ochoa,Herrera,M,2019-11-26,Primaria,2,H,Tarde,21,1120,Madre
672,30392639,Edgar Ricardo,Apaza,Espinoza,M,2019-05-07,Primaria,2,H,Tarde,21,1439,Madre
673,23272254,Julio Oscar,Rimac,Ortiz,M,2019-04-25,Primaria,2,H,Tarde,21,2727,Madre
674,17441501,Fernando Marco,Vasquez,Gonzales,M,2019-06-06,Primaria,2,H,Tarde,21,2881,Padre
675,19641694,Ariana Mia,Medina,Sanchez,F,2019-11-04,Primaria,2,H,Tarde,21,906,Padre
676,60815318,Thiago Manuel,Castillo,Rimac,M,2019-02-23,Primaria,2,H,Tarde,21,1978,Padre
677,53049627,Dulce Grecia,Guzman,Ortiz,F,2019-08-15,Primaria,2,I,Tarde,22,1075,Padre
678,37415437,Marco Gustavo,Cardenas,Ticona,M,2019-12-13,Primaria,2,I,Tarde,22,2460,Madre
679,11736451,Jhoana Daniela,Fernandez,Guzman,F,2019-04-10,Primaria,2,I,Tarde,22,2314,Padre
680,33150306,Diana Elena,Diaz,Romero,F,2019-04-11,Primaria,2,I,Tarde,22,2889,Madre
681,23498593,Wilson Fernando,Pacheco,Salvador,M,2019-02-09,Primaria,2,I,Tarde,22,894,Padre
682,68132175,Franco Raul,Lazo,Cornejo,M,2019-02-08,Primaria,2,I,Tarde,22,2308,Madre
683,20867273,Isabel Susan,Salvador,Chavez,F,2019-10-15,Primaria,2,I,Tarde,22,2067,Padre
684,40239038,Walter Ricardo,Paucar,Torres,M,2019-04-04,Primaria,2,I,Tarde,22,1043,Madre
685,40517615,Alexander Raul,Vega,Ortiz,M,2019-09-05,Primaria,2,I,Tarde,22,743,Padre
686,14538242,Emilio Gustavo,Yupanqui,Rodriguez,M,2019-02-18,Primaria,2,I,Tarde,22,2232,Madre
687,67507233,Alexis Alexander,Bravo,Diaz,M,2019-11-19,Primaria,2,I,Tarde,22,2324,Madre
688,61911458,Valentina Jhoana,Farfan,Choque,F,2019-04-07,Primaria,2,I,Tarde,22,1432,Madre
689,59151647,Alessandra Ariana,Paucar,Cabanillas,F,2019-10-12,Primaria,2,I,Tarde,22,759,Madre
690,34561424,Yesica Patricia,Yataco,Vilca,F,2019-11-17,Primaria,2,I,Tarde,22,2799,Padre
691,63364833,Yesica Ruth,Vega,Vega,F,2019-11-19,Primaria,2,I,Tarde,22,2888,Padre
692,59738761,Alexander Miguel,Silva,Silva,M,2019-01-15,Primaria,2,I,Tarde,22,2358,Madre
693,37429720,Jhoana Rosa,Castillo,Campos,F,2019-10-30,Primaria,2,I,Tarde,22,1113,Padre
694,69773882,Vanessa Emily,Condori,Ramos,F,2019-09-12,Primaria,2,I,Tarde,22,2467,Padre
695,12425869,Kiara Melissa,Garcia,Farfan,F,2019-10-09,Primaria,2,I,Tarde,22,1630,Madre
696,75800866,Ana Nayeli,Quispe,Leon,F,2019-05-23,Primaria,2,I,Tarde,22,1482,Madre
697,25760591,Fernando Jhoel,Bautista,Rojas,M,2019-11-13,Primaria,2,I,Tarde,22,847,Madre
698,78456833,Juan Pedro,Diaz,Huaraca,M,2019-04-18,Primaria,2,I,Tarde,22,629,Madre
699,11434287,Dylan Wilson,Aguilar,Mendoza,M,2019-08-16,Primaria,2,I,Tarde,22,802,Madre
700,11643100,Antonella Emily,Machaca,Guzman,F,2019-05-16,Primaria,2,I,Tarde,22,1268,Madre
701,39973313,Dulce Ximena,Aquino,Garcia,F,2019-08-01,Primaria,2,I,Tarde,22,649,Padre
702,33183505,Xiomara Mia,Farfan,Fernandez,F,2019-11-09,Primaria,2,I,Tarde,22,2439,Padre
703,40188816,Yesica Jhoana,Marin,Carrillo,F,2019-03-17,Primaria,2,I,Tarde,22,2759,Padre
704,67758279,Camila Rafaella,Bravo,Pacheco,F,2019-06-17,Primaria,2,I,Tarde,22,1831,Padre
705,72235237,Mateo Joaquin,Palacios,Ochoa,M,2019-01-09,Primaria,2,I,Tarde,22,2731,Madre
706,42885449,Gustavo Bryan,Paredes,Espinoza,M,2019-06-16,Primaria,2,J,Tarde,23,2576,Madre
707,52858320,Nicole Nayeli,Gonzales,Rimac,F,2019-02-22,Primaria,2,J,Tarde,23,2337,Padre
708,29611706,Wilson Edgar,Soto,Apaza,M,2019-11-19,Primaria,2,J,Tarde,23,2765,Madre
709,65006341,Jorge Diego,Cabrera,Reyes,M,2019-12-25,Primaria,2,J,Tarde,23,1707,Padre
710,13312585,Kevin Angel,Bravo,Quispe,M,2019-06-19,Primaria,2,J,Tarde,23,245,Madre
711,27031426,Antonella Julia,Cabrera,Palacios,F,2019-11-04,Primaria,2,J,Tarde,23,2320,Madre
712,34006598,Emily Melissa,Aguilar,Fernandez,F,2019-07-24,Primaria,2,J,Tarde,23,423,Madre
713,26579688,Bryan Cristian,Rivera,Alarcon,M,2019-11-21,Primaria,2,J,Tarde,23,857,Padre
714,71761834,Carlos Kevin,Herrera,Zavala,M,2019-03-12,Primaria,2,J,Tarde,23,575,Padre
715,40030577,Katty Renata,Yataco,Soto,F,2019-04-24,Primaria,2,J,Tarde,23,1208,Madre
716,18421710,Erick Jhoel,Herrera,Campos,M,2019-06-02,Primaria,2,J,Tarde,23,470,Padre
717,18985396,Thiago Aaron,Yupanqui,Delgado,M,2019-10-13,Primaria,2,J,Tarde,23,430,Madre
718,31222070,Antonella Maria,Ortiz,Vasquez,F,2019-08-23,Primaria,2,J,Tarde,23,2044,Padre
719,77196684,Manuel Samuel,Ortiz,Yataco,M,2019-07-10,Primaria,2,J,Tarde,23,2346,Madre
720,35701594,Dulce Rafaella,Zavala,Vargas,F,2019-08-26,Primaria,2,J,Tarde,23,393,Madre
721,26186368,Ruth Flor,Guzman,Diaz,F,2019-09-04,Primaria,2,J,Tarde,23,1428,Padre
722,71032694,Jhoel Thiago,Salazar,Cabrera,M,2019-09-23,Primaria,2,J,Tarde,23,2025,Madre
723,62157997,Gabriela Patricia,Ochoa,Ibarra,F,2019-08-14,Primaria,2,J,Tarde,23,2575,Padre
724,69235258,Lucia Valentina,Campos,Bravo,F,2019-12-04,Primaria,2,J,Tarde,23,1508,Padre
725,64587578,Miguel Adrian,Zavala,Salazar,M,2019-11-08,Primaria,2,J,Tarde,23,722,Madre
726,56464621,Ariana Carmen,Rojas,Delgado,F,2019-11-23,Primaria,2,J,Tarde,23,1346,Padre
727,29128494,Renzo Gustavo,Apaza,Ortiz,M,2019-08-11,Primaria,2,J,Tarde,23,441,Padre
728,72925274,Grecia Paula,Apaza,Guzman,F,2019-12-31,Primaria,2,J,Tarde,23,251,Madre
729,77102503,Thiago Luis,Diaz,Gutierrez,M,2019-04-30,Primaria,2,K,Tarde,24,733,Madre
730,62779748,Ruth Renata,Alarcon,Medina,F,2019-10-12,Primaria,2,K,Tarde,24,117,Padre
731,30608420,Estefany Julia,Mamani,Ortiz,F,2019-11-07,Primaria,2,K,Tarde,24,1713,Padre
732,35346695,Diego Manuel,Gutierrez,Ochoa,M,2019-07-22,Primaria,2,K,Tarde,24,120,Padre
733,21402120,Luis Ian,Ramos,Rimac,M,2019-09-17,Primaria,2,K,Tarde,24,1057,Padre
734,58673259,Ashley Britany,Palacios,Condori,F,2019-06-13,Primaria,2,K,Tarde,24,2803,Padre
735,38725328,Jose Oscar,Gonzales,Cardenas,M,2019-06-05,Primaria,2,K,Tarde,24,1870,Padre
736,73991427,Emilio Rodrigo,Vilca,Quispe,M,2019-02-15,Primaria,2,K,Tarde,24,954,Padre
737,20167587,Miguel Gonzalo,Rodriguez,Bautista,M,2019-09-17,Primaria,2,K,Tarde,24,1322,Padre
738,46813569,Jhon Elmer,Sanchez,Villanueva,M,2019-01-26,Primaria,2,K,Tarde,24,1199,Madre
739,60124203,Erick Edgar,Carrillo,Pacheco,M,2019-05-07,Primaria,2,K,Tarde,24,2992,Padre
740,73473995,Fiorella Valentina,Villanueva,Cornejo,F,2019-11-25,Primaria,2,K,Tarde,24,2161,Padre
741,32101136,Daniela Yolanda,Reyes,Fernandez,F,2019-07-20,Primaria,2,K,Tarde,24,1774,Madre
742,73988029,Dylan Adrian,Cabanillas,Nunez,M,2019-08-08,Primaria,2,K,Tarde,24,2030,Madre
743,30074102,Alberto Samuel,Garcia,Herrera,M,2019-04-14,Primaria,2,K,Tarde,24,1349,Padre
744,71793841,Susan Patricia,Cabanillas,Huaraca,F,2019-08-18,Primaria,2,K,Tarde,24,2416,Padre
745,33115682,Ashley Diana,Nunez,Bravo,F,2019-03-13,Primaria,2,K,Tarde,24,14,Padre
746,11089061,Emilio Alexis,Yupanqui,Vega,M,2019-07-15,Primaria,2,K,Tarde,24,2977,Padre
747,44485202,Nicole Susan,Medina,Chavez,F,2019-03-29,Primaria,2,K,Tarde,24,258,Madre
748,70163295,Erick Victor,Espinoza,Carrillo,M,2019-10-31,Primaria,2,K,Tarde,24,2505,Madre
749,36947381,Estefany Ana,Garcia,Aquino,F,2019-11-28,Primaria,2,K,Tarde,24,1743,Padre
750,49613231,Adrian Andres,Diaz,Aquino,M,2019-07-12,Primaria,2,K,Tarde,24,2543,Madre
751,71042734,Jhoel Carlos,Campos,Gutierrez,M,2019-10-24,Primaria,2,K,Tarde,24,587,Madre
752,77319427,Juan Sebastian,Zavala,Medina,M,2019-07-06,Primaria,2,K,Tarde,24,1694,Madre
753,69690002,Gabriel Jorge,Ramos,Ruiz,M,2019-12-20,Primaria,2,K,Tarde,24,1106,Madre
754,30176634,Julio Dylan,Diaz,Cutipa,M,2019-11-19,Primaria,2,K,Tarde,24,2289,Padre
755,50295861,Isabel Antonella,Ochoa,Vasquez,F,2019-09-14,Primaria,2,K,Tarde,24,2483,Madre
756,18867143,Pedro Leonardo,Diaz,Ramos,M,2019-06-01,Primaria,2,K,Tarde,24,711,Padre
757,44276032,Britany Abigail,Salazar,Castillo,F,2019-04-02,Primaria,2,K,Tarde,24,502,Padre
758,38972069,Jorge Dylan,Choque,Herrera,M,2019-06-16,Primaria,2,K,Tarde,24,999,Madre
759,13771351,Alexis Anthony,Gutierrez,Reyes,M,2019-05-22,Primaria,2,K,Tarde,24,2704,Padre
760,19761183,Jorge Alberto,Fernandez,Palacios,M,2019-08-30,Primaria,2,K,Tarde,24,1893,Padre
761,64773716,Luana Xiomara,Castillo,Rodriguez,F,2019-12-13,Primaria,2,K,Tarde,24,1865,Padre
762,50304649,Hugo Piero,Rivera,Silva,M,2019-12-14,Primaria,2,K,Tarde,24,2998,Madre
763,78431332,Yolanda Britany,Quispe,Ochoa,F,2019-09-27,Primaria,2,L,Tarde,25,224,Madre
764,52696703,Luis Manuel,Delgado,Gutierrez,M,2019-02-03,Primaria,2,L,Tarde,25,1964,Padre
765,78961520,Leonardo Manuel,Fernandez,Lazo,M,2019-08-14,Primaria,2,L,Tarde,25,3092,Padre
766,32867908,Jose Ricardo,Huaraca,Torres,M,2019-11-13,Primaria,2,L,Tarde,25,3177,Padre
767,33107821,Ariana Brenda,Gonzales,Ibarra,F,2019-01-12,Primaria,2,L,Tarde,25,2426,Padre
768,35002692,Fabricio Renzo,Cutipa,Castillo,M,2019-12-06,Primaria,2,L,Tarde,25,2126,Madre
769,30567713,Carmen Diana,Marin,Choque,F,2019-08-24,Primaria,2,L,Tarde,25,2169,Madre
770,28374943,Diego Walter,Marin,Paredes,M,2019-02-08,Primaria,2,L,Tarde,25,1991,Madre
771,70253426,Benjamin Julio,Ortiz,Aguilar,M,2019-04-29,Primaria,2,L,Tarde,25,1086,Madre
772,52117181,Daniela Valentina,Espinoza,Yataco,F,2019-01-01,Primaria,2,L,Tarde,25,1647,Padre
773,40520296,Yesenia Sofia,Rodriguez,Gutierrez,F,2019-08-31,Primaria,2,L,Tarde,25,2936,Madre
774,57544693,Karen Grecia,Soto,Gutierrez,F,2019-12-11,Primaria,2,L,Tarde,25,182,Padre
775,28370084,Jhoel Sebastian,Cabanillas,Palacios,M,2019-11-17,Primaria,2,L,Tarde,25,117,Padre
776,44416391,Mia Ariana,Cabanillas,Medina,F,2019-08-31,Primaria,2,L,Tarde,25,3065,Madre
777,66433008,Fabricio Benjamin,Campos,Paredes,M,2019-02-15,Primaria,2,L,Tarde,25,1097,Madre
778,49478474,Zoe Brenda,Cabanillas,Torres,F,2019-11-28,Primaria,2,L,Tarde,25,2834,Madre
779,73149631,Yolanda Antonella,Cabanillas,Zavala,F,2019-04-13,Primaria,2,L,Tarde,25,132,Padre
780,22778345,Renzo Walter,Zavala,Paucar,M,2019-12-19,Primaria,2,L,Tarde,25,1513,Padre
781,52824464,Katherine Katherine,Carrillo,Campos,F,2019-08-10,Primaria,2,L,Tarde,25,2563,Madre
782,56176027,Yesenia Zoe,Torres,Vega,F,2019-03-30,Primaria,2,L,Tarde,25,932,Madre
783,20933092,Ruth Sofia,Condori,Delgado,F,2019-11-18,Primaria,2,M,Tarde,26,894,Padre
784,63863085,Alexis Benjamin,Silva,Espinoza,M,2019-05-07,Primaria,2,M,Tarde,26,1486,Madre
785,67327956,Ruth Elena,Alarcon,Espinoza,F,2019-05-11,Primaria,2,M,Tarde,26,992,Padre
786,36404875,Carmen Lucia,Cabanillas,Alvarez,F,2019-07-13,Primaria,2,M,Tarde,26,2504,Padre
787,65747848,Carmen Vanessa,Castillo,Cabrera,F,2019-04-09,Primaria,2,M,Tarde,26,2486,Padre
788,58706363,Kiara Patricia,Vasquez,Condori,F,2019-04-25,Primaria,2,M,Tarde,26,3043,Madre
789,55385169,Luana Yesica,Huaraca,Mendoza,F,2019-12-28,Primaria,2,M,Tarde,26,1488,Padre
790,59374781,Estefany Ariana,Campos,Zavala,F,2019-09-13,Primaria,2,M,Tarde,26,3012,Padre
791,14317080,Luana Luz,Lazo,Alvarez,F,2019-03-28,Primaria,2,M,Tarde,26,2276,Padre
792,54466201,Luz Milagros,Ticona,Espinoza,F,2019-01-27,Primaria,2,M,Tarde,26,1872,Madre
793,68273489,Patricia Yesenia,Sanchez,Mendoza,F,2019-03-04,Primaria,2,M,Tarde,26,1564,Madre
794,20315491,Yolanda Alexandra,Medina,Gonzales,F,2019-04-25,Primaria,2,M,Tarde,26,1534,Padre
795,45261970,Zoe Julia,Rivera,Romero,F,2019-02-27,Primaria,2,M,Tarde,26,1857,Madre
796,16189397,Piero Rodrigo,Gutierrez,Cabrera,M,2019-11-04,Primaria,2,M,Tarde,26,664,Padre
797,74978416,Sofia Brenda,Choque,Paredes,F,2019-12-07,Primaria,2,M,Tarde,26,1028,Padre
798,54373447,Renata Yesenia,Condori,Lazo,F,2019-01-12,Primaria,2,M,Tarde,26,2817,Madre
799,70704316,Diana Grecia,Fernandez,Mendoza,F,2019-01-31,Primaria,2,M,Tarde,26,1430,Madre
800,22999843,Paula Estefany,Vega,Rivera,F,2019-10-05,Primaria,2,M,Tarde,26,1589,Padre
801,10851610,Nayeli Maria,Espinoza,Espinoza,F,2019-06-06,Primaria,2,M,Tarde,26,1538,Madre
802,15125574,Martin Anthony,Palacios,Herrera,M,2019-04-13,Primaria,2,M,Tarde,26,2980,Padre
803,42101819,Ariana Carmen,Medina,Farfan,F,2019-06-02,Primaria,2,M,Tarde,26,1649,Padre
804,10640319,Manuel Diego,Flores,Apaza,M,2019-04-24,Primaria,2,M,Tarde,26,1352,Padre
805,28497383,Dulce Diana,Bautista,Cruz,F,2019-12-11,Primaria,2,M,Tarde,26,993,Madre
806,62335606,Anthony Fabricio,Choque,Sanchez,M,2019-03-19,Primaria,2,M,Tarde,26,1476,Madre
807,61254140,Alexander Jhoel,Yupanqui,Fernandez,M,2019-01-25,Primaria,2,M,Tarde,26,2663,Padre
808,44075596,Walter Piero,Rojas,Paredes,M,2019-04-18,Primaria,2,M,Tarde,26,305,Madre
809,51448840,Angel Gabriel,Machaca,Cabrera,M,2019-09-04,Primaria,2,M,Tarde,26,1724,Madre
810,30165317,Zoe Dulce,Ccahuana,Delgado,F,2019-03-15,Primaria,2,M,Tarde,26,708,Madre
811,76398109,Valentina Teresa,Choque,Soto,F,2019-12-25,Primaria,2,M,Tarde,26,1819,Madre
812,25700875,Carlos Ian,Condori,Vargas,M,2019-04-11,Primaria,2,M,Tarde,26,2842,Madre
813,35883935,Pilar Danna,Salazar,Ramos,F,2019-03-10,Primaria,2,M,Tarde,26,2379,Padre
814,58083922,Flor Ariana,Nunez,Pacheco,F,2019-01-04,Primaria,2,M,Tarde,26,1887,Madre
815,18192181,Wilson Victor,Ortiz,Espinoza,M,2019-05-16,Primaria,2,M,Tarde,26,2741,Madre
816,52166705,Sebastian Ian,Condori,Palacios,M,2019-05-12,Primaria,2,M,Tarde,26,2138,Madre
817,68818472,Emily Melissa,Campos,Cabrera,F,2019-07-03,Primaria,2,M,Tarde,26,2527,Madre
818,63145915,Antonella Sofia,Ortiz,Garcia,F,2018-01-01,Primaria,3,A,Mañana,27,1716,Padre
819,76564398,Brenda Alexandra,Chavez,Ochoa,F,2018-05-19,Primaria,3,A,Mañana,27,424,Madre
820,56913143,Daniela Flor,Ramos,Salazar,F,2018-01-29,Primaria,3,A,Mañana,27,2776,Padre
821,13788397,Benjamin Renzo,Reyes,Castillo,M,2018-09-12,Primaria,3,A,Mañana,27,3109,Padre
822,46669597,Mateo Mateo,Medina,Reyes,M,2018-05-08,Primaria,3,A,Mañana,27,2457,Padre
823,11043248,Yesica Maria,Ruiz,Reyes,F,2018-04-18,Primaria,3,A,Mañana,27,3164,Madre
824,72962184,Luz Milagros,Cutipa,Gonzales,F,2018-11-12,Primaria,3,A,Mañana,27,68,Padre
825,28612107,Flor Isabel,Condori,Huaraca,F,2018-07-20,Primaria,3,A,Mañana,27,2439,Padre
826,73705364,Xiomara Fiorella,Huaraca,Condori,F,2018-12-06,Primaria,3,A,Mañana,27,2037,Padre
827,75419474,Elena Kiara,Campos,Villanueva,F,2018-04-01,Primaria,3,A,Mañana,27,422,Madre
828,39600771,Hugo Mateo,Alvarez,Rivera,M,2018-11-28,Primaria,3,A,Mañana,27,2975,Padre
829,26133467,Hugo Adrian,Rivera,Cabanillas,M,2018-08-26,Primaria,3,A,Mañana,27,1529,Madre
830,77216107,Bryan Alberto,Condori,Nunez,M,2018-09-15,Primaria,3,A,Mañana,27,12,Padre
831,35536481,Kevin Yamil,Farfan,Fernandez,M,2018-03-30,Primaria,3,A,Mañana,27,2295,Padre
832,12313990,Luz Yolanda,Fernandez,Apaza,F,2018-11-24,Primaria,3,A,Mañana,27,2854,Padre
833,29545424,Alberto Thiago,Bravo,Guzman,M,2018-05-11,Primaria,3,A,Mañana,27,2021,Madre
834,61884633,Sofia Paula,Guzman,Ramos,F,2018-04-11,Primaria,3,A,Mañana,27,1901,Padre
835,43304766,Valentina Camila,Espinoza,Cardenas,F,2018-06-13,Primaria,3,A,Mañana,27,2510,Madre
836,56841595,Brenda Julia,Mendoza,Campos,F,2018-10-01,Primaria,3,A,Mañana,27,208,Padre
837,47558309,Cesar Benjamin,Bautista,Gutierrez,M,2018-10-11,Primaria,3,A,Mañana,27,1751,Padre
838,42025065,Katty Mia,Espinoza,Torres,F,2018-08-03,Primaria,3,A,Mañana,27,1279,Padre
839,23890021,Alessandra Teresa,Condori,Gutierrez,F,2018-01-21,Primaria,3,A,Mañana,27,2967,Padre
840,19952668,Maria Paula,Alarcon,Salazar,F,2018-06-09,Primaria,3,A,Mañana,27,1550,Padre
841,78588567,Pilar Alexandra,Sanchez,Rodriguez,F,2018-10-26,Primaria,3,A,Mañana,27,2618,Madre
842,27920258,Miguel Jose,Palacios,Palacios,M,2018-08-16,Primaria,3,A,Mañana,27,909,Madre
843,69347667,Adrian Bryan,Delgado,Alvarez,M,2018-10-25,Primaria,3,A,Mañana,27,873,Padre
844,30357041,Patricia Maria,Bravo,Ramos,F,2018-02-09,Primaria,3,A,Mañana,27,1801,Padre
845,52259007,Luana Isabel,Ibarra,Ccahuana,F,2018-06-17,Primaria,3,A,Mañana,27,1023,Padre
846,33625576,Valentina Paula,Bravo,Apaza,F,2018-07-30,Primaria,3,A,Mañana,27,1160,Padre
847,25914195,Pilar Alexandra,Bravo,Campos,F,2018-12-06,Primaria,3,A,Mañana,27,870,Padre
848,74515345,Renzo Gustavo,Rimac,Choque,M,2018-08-18,Primaria,3,B,Mañana,28,277,Padre
849,22427649,Katty Ruth,Delgado,Aguilar,F,2018-02-22,Primaria,3,B,Mañana,28,2721,Padre
850,31720531,Isabel Gabriela,Cutipa,Cornejo,F,2018-11-19,Primaria,3,B,Mañana,28,478,Madre
851,45263502,Marco Dylan,Reyes,Castillo,M,2018-10-11,Primaria,3,B,Mañana,28,2452,Madre
852,37135117,Emilio Andres,Ramos,Aguilar,M,2018-02-26,Primaria,3,B,Mañana,28,1391,Madre
853,74829723,Walter Jhon,Vargas,Romero,M,2018-01-28,Primaria,3,B,Mañana,28,1856,Padre
854,60041056,Katty Alexandra,Rojas,Condori,F,2018-02-08,Primaria,3,B,Mañana,28,1010,Madre
855,63935606,Daniela Valentina,Palacios,Soto,F,2018-03-29,Primaria,3,B,Mañana,28,2357,Madre
856,34347654,Rafaella Dulce,Fernandez,Villanueva,F,2018-03-16,Primaria,3,B,Mañana,28,2947,Padre
857,41267891,Alexis Fabricio,Yataco,Silva,M,2018-02-24,Primaria,3,B,Mañana,28,1392,Padre
858,17278286,Emily Estefany,Mendoza,Carrillo,F,2018-01-18,Primaria,3,B,Mañana,28,2151,Padre
859,78238236,Aaron Cristian,Cruz,Soto,M,2018-07-16,Primaria,3,B,Mañana,28,974,Madre
860,32258046,Leonardo Anthony,Espinoza,Salvador,M,2018-05-17,Primaria,3,B,Mañana,28,1444,Madre
861,73590618,Maria Melissa,Paucar,Quispe,F,2018-08-09,Primaria,3,B,Mañana,28,273,Padre
862,40291953,Benjamin Pedro,Ochoa,Chavez,M,2018-10-20,Primaria,3,B,Mañana,28,763,Madre
863,29179282,Yesenia Maria,Ruiz,Villanueva,F,2018-12-28,Primaria,3,B,Mañana,28,2660,Madre
864,27436734,Anthony Yamil,Cutipa,Paredes,M,2018-11-07,Primaria,3,B,Mañana,28,1033,Madre
865,51670773,Mia Emily,Paredes,Cabanillas,F,2018-03-12,Primaria,3,B,Mañana,28,1302,Madre
866,41994935,Anthony Fabricio,Ochoa,Quispe,M,2018-07-11,Primaria,3,B,Mañana,28,342,Padre
867,58375246,Katherine Maria,Villanueva,Castillo,F,2018-02-27,Primaria,3,B,Mañana,28,3126,Padre
868,39327361,Teresa Camila,Cardenas,Soto,F,2018-10-17,Primaria,3,B,Mañana,28,2850,Padre
869,20335828,Isabel Dulce,Nunez,Pacheco,F,2018-08-29,Primaria,3,B,Mañana,28,338,Madre
870,14356953,Elmer Franco,Soto,Farfan,M,2018-04-18,Primaria,3,B,Mañana,28,953,Madre
871,74761085,Britany Susan,Vasquez,Fernandez,F,2018-01-12,Primaria,3,B,Mañana,28,434,Padre
872,73863613,Adrian Alberto,Ortiz,Rivera,M,2018-09-08,Primaria,3,B,Mañana,28,1982,Padre
873,55786302,Yolanda Vanessa,Pacheco,Gutierrez,F,2018-06-28,Primaria,3,B,Mañana,28,2099,Padre
874,23797852,Thiago Luis,Nunez,Apaza,M,2018-03-12,Primaria,3,C,Mañana,29,2736,Madre
875,79441257,Ximena Milagros,Espinoza,Chavez,F,2018-06-06,Primaria,3,C,Mañana,29,1337,Madre
876,15727343,Rodrigo Diego,Bravo,Leon,M,2018-09-14,Primaria,3,C,Mañana,29,2553,Madre
877,59695012,Alessandra Antonella,Vilca,Cabanillas,F,2018-04-11,Primaria,3,C,Mañana,29,3153,Padre
878,19458569,Abigail Karen,Gutierrez,Vargas,F,2018-04-09,Primaria,3,C,Mañana,29,1463,Madre
879,60703755,Emilio Yamil,Salazar,Yupanqui,M,2018-02-09,Primaria,3,C,Mañana,29,1318,Padre
880,75085093,Valentina Rafaella,Campos,Zavala,F,2018-10-02,Primaria,3,C,Mañana,29,2192,Madre
881,13144352,Milagros Melissa,Bautista,Espinoza,F,2018-12-09,Primaria,3,C,Mañana,29,2281,Madre
882,32202170,Teresa Paula,Aquino,Mamani,F,2018-03-12,Primaria,3,C,Mañana,29,2976,Madre
883,41562618,Jhon Jhon,Diaz,Gonzales,M,2018-03-25,Primaria,3,C,Mañana,29,3078,Padre
884,44957975,Sofia Susan,Vega,Reyes,F,2018-06-28,Primaria,3,C,Mañana,29,2064,Padre
885,70468737,Ricardo Fabricio,Ruiz,Gonzales,M,2018-07-30,Primaria,3,C,Mañana,29,2215,Padre
886,54841151,Walter Rodrigo,Herrera,Ochoa,M,2018-01-09,Primaria,3,C,Mañana,29,2613,Padre
887,24798617,Yesenia Gabriela,Fernandez,Guzman,F,2018-06-02,Primaria,3,C,Mañana,29,1902,Madre
888,65037666,Renzo Gonzalo,Diaz,Gonzales,M,2018-12-08,Primaria,3,C,Mañana,29,1373,Padre
889,76735786,Alessandra Carmen,Fernandez,Huaraca,F,2018-07-17,Primaria,3,C,Mañana,29,2856,Padre
890,23779518,Emily Yolanda,Cruz,Gutierrez,F,2018-11-18,Primaria,3,C,Mañana,29,2624,Padre
891,11083515,Rodrigo Yamil,Yupanqui,Ibarra,M,2018-11-13,Primaria,3,C,Mañana,29,3080,Padre
892,14713460,Susan Nicole,Cutipa,Cabanillas,F,2018-11-21,Primaria,3,C,Mañana,29,1924,Padre
893,21252023,Pedro Kevin,Yataco,Alvarez,M,2018-07-08,Primaria,3,C,Mañana,29,2664,Padre
894,33267300,Fabricio Mateo,Ibarra,Condori,M,2018-01-24,Primaria,3,C,Mañana,29,741,Padre
895,68906530,Lucia Kiara,Rivera,Quispe,F,2018-03-05,Primaria,3,C,Mañana,29,436,Madre
896,12403228,Xiomara Sofia,Ortiz,Garcia,F,2018-04-09,Primaria,3,C,Mañana,29,219,Madre
897,28740703,Camila Gabriela,Huaraca,Fernandez,F,2018-10-16,Primaria,3,C,Mañana,29,3084,Madre
898,39241182,Kevin Rodrigo,Huaman,Diaz,M,2018-12-05,Primaria,3,C,Mañana,29,904,Madre
899,37209672,Rafaella Teresa,Yupanqui,Aguilar,F,2018-09-01,Primaria,3,C,Mañana,29,566,Padre
900,79341589,Kiara Rosa,Ochoa,Rimac,F,2018-12-23,Primaria,3,C,Mañana,29,2767,Padre
901,63696851,Grecia Katty,Palacios,Vargas,F,2018-08-25,Primaria,3,C,Mañana,29,986,Madre
902,50201409,Katty Nicole,Cardenas,Campos,F,2018-03-30,Primaria,3,C,Mañana,29,2928,Padre
903,14111101,Yamil Jorge,Torres,Ccahuana,M,2018-04-30,Primaria,3,C,Mañana,29,3140,Padre
904,28468726,Britany Fiorella,Romero,Soto,F,2018-08-04,Primaria,3,C,Mañana,29,2535,Padre
905,66263635,Leonardo Oscar,Cornejo,Sanchez,M,2018-09-07,Primaria,3,C,Mañana,29,1986,Madre
906,48658202,Dylan Franco,Delgado,Ramos,M,2018-08-08,Primaria,3,D,Mañana,30,1306,Padre
907,49833473,Martin Cesar,Mendoza,Vasquez,M,2018-04-29,Primaria,3,D,Mañana,30,2560,Madre
908,48734442,Carmen Valentina,Herrera,Aquino,F,2018-06-07,Primaria,3,D,Mañana,30,2051,Madre
909,36682615,Katty Isabel,Ccahuana,Yupanqui,F,2018-12-01,Primaria,3,D,Mañana,30,2729,Madre
910,51989453,Estefany Vanessa,Choque,Ticona,F,2018-11-24,Primaria,3,D,Mañana,30,618,Madre
911,76847739,Jose Oscar,Diaz,Cabanillas,M,2018-06-20,Primaria,3,D,Mañana,30,556,Padre
912,30811354,Jose Leonardo,Ibarra,Pacheco,M,2018-08-12,Primaria,3,D,Mañana,30,593,Madre
913,68118299,Marco Leonardo,Rimac,Apaza,M,2018-01-20,Primaria,3,D,Mañana,30,2731,Madre
914,54097980,Rafaella Ariana,Condori,Quispe,F,2018-12-07,Primaria,3,D,Mañana,30,333,Padre
915,32546518,Anthony Ricardo,Rimac,Campos,M,2018-03-24,Primaria,3,D,Mañana,30,2446,Madre
916,63171771,Carlos Piero,Marin,Rodriguez,M,2018-07-02,Primaria,3,D,Mañana,30,2122,Padre
917,28372489,Julia Jhoana,Yupanqui,Zavala,F,2018-10-30,Primaria,3,D,Mañana,30,2132,Padre
918,20088342,Andres Julio,Chavez,Torres,M,2018-07-26,Primaria,3,D,Mañana,30,1747,Padre
919,35918009,Fernando Juan,Cutipa,Bautista,M,2018-04-26,Primaria,3,D,Mañana,30,217,Madre
920,23663777,Sebastian Oscar,Marin,Pacheco,M,2018-07-25,Primaria,3,D,Mañana,30,1601,Padre
921,19043340,Isabel Ashley,Salvador,Rojas,F,2018-06-28,Primaria,3,D,Mañana,30,1301,Madre
922,75648658,Jhon Sebastian,Condori,Soto,M,2018-10-28,Primaria,3,D,Mañana,30,940,Padre
923,64921069,Mia Estefany,Cruz,Choque,F,2018-05-19,Primaria,3,D,Mañana,30,1460,Madre
924,48108923,Valentina Yesenia,Mendoza,Leon,F,2018-04-13,Primaria,3,D,Mañana,30,996,Madre
925,64025801,Piero Thiago,Ochoa,Palacios,M,2018-11-08,Primaria,3,D,Mañana,30,794,Madre
926,40154343,Gustavo Gabriel,Salazar,Farfan,M,2018-07-13,Primaria,3,D,Mañana,30,2959,Madre
927,58930717,Sebastian Emilio,Huaman,Aguilar,M,2018-04-12,Primaria,3,D,Mañana,30,1809,Madre
928,62414575,Kevin Thiago,Mendoza,Chavez,M,2018-05-09,Primaria,3,D,Mañana,30,2130,Madre
929,37465113,Lucia Rafaella,Flores,Aguilar,F,2018-07-26,Primaria,3,D,Mañana,30,4,Padre
930,41463890,Lucia Camila,Espinoza,Cabrera,F,2018-03-30,Primaria,3,D,Mañana,30,1601,Padre
931,71241866,Walter Franco,Alarcon,Alarcon,M,2018-10-17,Primaria,3,D,Mañana,30,2165,Padre
932,42448275,Alexis Fernando,Vilca,Rojas,M,2018-04-27,Primaria,3,D,Mañana,30,610,Padre
933,61452059,Nicole Ashley,Rodriguez,Cruz,F,2018-01-30,Primaria,3,D,Mañana,30,466,Padre
934,79974819,Katherine Gabriela,Choque,Rojas,F,2018-09-27,Primaria,3,E,Mañana,31,898,Madre
935,19970376,Katty Karen,Alarcon,Cornejo,F,2018-05-29,Primaria,3,E,Mañana,31,1610,Padre
936,45993875,Wilson Thiago,Mamani,Bravo,M,2018-06-19,Primaria,3,E,Mañana,31,3125,Padre
937,29703164,Dylan Renzo,Silva,Machaca,M,2018-02-10,Primaria,3,E,Mañana,31,516,Padre
938,36869865,Daniela Ariana,Cardenas,Ibarra,F,2018-07-02,Primaria,3,E,Mañana,31,1815,Madre
939,60142447,Renata Xiomara,Soto,Garcia,F,2018-04-29,Primaria,3,E,Mañana,31,2057,Madre
940,57055945,Erick Aaron,Vargas,Condori,M,2018-08-07,Primaria,3,E,Mañana,31,1729,Padre
941,40002191,Renzo Nicolas,Cutipa,Paredes,M,2018-03-14,Primaria,3,E,Mañana,31,928,Padre
942,71747170,Alberto Jhon,Medina,Castillo,M,2018-02-21,Primaria,3,E,Mañana,31,3001,Padre
943,47621797,Elena Renata,Silva,Salazar,F,2018-12-29,Primaria,3,E,Mañana,31,1197,Padre
944,37215470,Elena Yolanda,Aguilar,Medina,F,2018-08-03,Primaria,3,E,Mañana,31,2956,Padre
945,78319077,Kiara Katty,Mamani,Leon,F,2018-07-22,Primaria,3,E,Mañana,31,1625,Madre
946,45787222,Lucia Brenda,Bautista,Reyes,F,2018-07-31,Primaria,3,E,Mañana,31,2650,Padre
947,48374263,Emilio Ivan,Fernandez,Choque,M,2018-04-17,Primaria,3,E,Mañana,31,1783,Madre
948,71194712,Ximena Katherine,Farfan,Yupanqui,F,2018-11-03,Primaria,3,E,Mañana,31,3192,Padre
949,67697564,Antonella Britany,Aguilar,Sanchez,F,2018-10-22,Primaria,3,E,Mañana,31,2776,Padre
950,36713665,Cesar Rodrigo,Paucar,Ramos,M,2018-10-14,Primaria,3,E,Mañana,31,3169,Madre
951,35172472,Isabel Susan,Quispe,Ibarra,F,2018-09-17,Primaria,3,E,Mañana,31,1453,Madre
952,18293758,Yesica Pilar,Alvarez,Leon,F,2018-05-23,Primaria,3,E,Mañana,31,2243,Madre
953,75606951,Yolanda Dulce,Zavala,Mendoza,F,2018-01-18,Primaria,3,E,Mañana,31,1348,Padre
954,77779996,Juan Fernando,Alvarez,Cornejo,M,2018-04-14,Primaria,3,E,Mañana,31,1320,Padre
955,66625764,Dulce Yesenia,Flores,Machaca,F,2018-03-20,Primaria,3,E,Mañana,31,950,Madre
956,34945141,Flor Katherine,Ruiz,Ruiz,F,2018-10-18,Primaria,3,E,Mañana,31,1091,Madre
957,11225921,Aaron Andres,Huaman,Ochoa,M,2018-11-25,Primaria,3,E,Mañana,31,232,Padre
958,30033860,Yolanda Karen,Ibarra,Apaza,F,2018-06-30,Primaria,3,E,Mañana,31,2090,Padre
959,74396410,Dylan Walter,Gonzales,Salvador,M,2018-10-24,Primaria,3,E,Mañana,31,683,Padre
960,64733074,Hugo Samuel,Villanueva,Reyes,M,2018-03-24,Primaria,3,E,Mañana,31,842,Padre
961,18646237,Vanessa Ashley,Gutierrez,Cabrera,F,2018-07-07,Primaria,3,E,Mañana,31,3096,Padre
962,22837223,Pedro Joaquin,Cutipa,Flores,M,2018-10-05,Primaria,3,E,Mañana,31,2943,Padre
963,16392830,Angel Raul,Apaza,Bautista,M,2018-05-18,Primaria,3,E,Mañana,31,3147,Madre
964,19504655,Camila Rosa,Vega,Rojas,F,2018-05-22,Primaria,3,E,Mañana,31,2883,Padre
965,69199364,Ruth Katty,Garcia,Bravo,F,2018-08-10,Primaria,3,F,Mañana,32,2775,Padre
966,30667971,Luz Dulce,Guzman,Rimac,F,2018-08-02,Primaria,3,F,Mañana,32,1393,Padre
967,32447813,Cesar Emilio,Delgado,Mamani,M,2018-08-08,Primaria,3,F,Mañana,32,1157,Madre
968,65725469,Melissa Paula,Cornejo,Flores,F,2018-01-15,Primaria,3,F,Mañana,32,2889,Madre
969,62245151,Juan Cristian,Gutierrez,Cornejo,M,2018-06-21,Primaria,3,F,Mañana,32,1277,Madre
970,78161129,Alexis Ian,Silva,Ortiz,M,2018-02-23,Primaria,3,F,Mañana,32,2435,Padre
971,33867124,Yesenia Flor,Vega,Choque,F,2018-01-18,Primaria,3,F,Mañana,32,2485,Madre
972,34554373,Fiorella Alexandra,Farfan,Guzman,F,2018-06-03,Primaria,3,F,Mañana,32,1357,Padre
973,69605822,Valentina Luana,Leon,Chavez,F,2018-02-20,Primaria,3,F,Mañana,32,2241,Padre
974,43052871,Juan Edgar,Huaraca,Salvador,M,2018-10-28,Primaria,3,F,Mañana,32,3030,Madre
975,32800655,Katty Isabel,Cabrera,Espinoza,F,2018-12-07,Primaria,3,F,Mañana,32,2079,Padre
976,27198290,Paula Susan,Ramos,Medina,F,2018-05-26,Primaria,3,F,Mañana,32,2879,Padre
977,74212183,Joaquin Jhon,Nunez,Cornejo,M,2018-10-09,Primaria,3,F,Mañana,32,1632,Padre
978,72657658,Gustavo Alexander,Huaraca,Cornejo,M,2018-03-03,Primaria,3,F,Mañana,32,1965,Madre
979,27012328,Sebastian Miguel,Yupanqui,Alarcon,M,2018-09-13,Primaria,3,F,Mañana,32,1480,Madre
980,44794666,Ashley Alessandra,Romero,Vega,F,2018-02-27,Primaria,3,F,Mañana,32,1095,Padre
981,25869911,Pedro Diego,Cutipa,Silva,M,2018-09-07,Primaria,3,F,Mañana,32,1587,Padre
982,20094126,Piero Jhon,Delgado,Diaz,M,2018-11-08,Primaria,3,F,Mañana,32,3083,Madre
983,41141682,Edgar Andres,Cabanillas,Vilca,M,2018-09-01,Primaria,3,F,Mañana,32,754,Madre
984,21344781,Rosa Dulce,Flores,Salvador,F,2018-08-07,Primaria,3,F,Mañana,32,2056,Madre
985,21271360,Fernando Ivan,Choque,Paucar,M,2018-12-25,Primaria,3,F,Mañana,32,448,Padre
986,36514963,Fabricio Adrian,Cruz,Cardenas,M,2018-07-26,Primaria,3,F,Mañana,32,1698,Padre
987,22488111,Sofia Maria,Salazar,Vargas,F,2018-11-04,Primaria,3,F,Mañana,32,1842,Madre
988,26412040,Samuel Anthony,Bautista,Ramos,M,2018-03-30,Primaria,3,F,Mañana,32,1794,Madre
989,66131078,Susan Diana,Yataco,Yupanqui,F,2018-09-05,Primaria,3,F,Mañana,32,2517,Madre
990,16195157,Diana Teresa,Rivera,Torres,F,2018-10-04,Primaria,3,F,Mañana,32,1178,Padre
991,71118072,Isabel Milagros,Ibarra,Pacheco,F,2018-07-30,Primaria,3,F,Mañana,32,1659,Madre
992,52641438,Carmen Patricia,Fernandez,Ruiz,F,2018-12-08,Primaria,3,F,Mañana,32,1134,Madre
993,76501184,Jhon Sebastian,Bravo,Delgado,M,2018-12-11,Primaria,3,F,Mañana,32,2442,Madre
994,57988220,Martin Fabricio,Bravo,Yupanqui,M,2018-04-04,Primaria,3,F,Mañana,32,1654,Madre
995,14327540,Vanessa Carmen,Huaraca,Ochoa,F,2018-02-28,Primaria,3,F,Mañana,32,1290,Madre
996,72228839,Thiago Oscar,Mamani,Mendoza,M,2018-05-09,Primaria,3,G,Tarde,33,1458,Padre
997,54533998,Elmer Ivan,Gutierrez,Cutipa,M,2018-05-05,Primaria,3,G,Tarde,33,2021,Madre
998,38590858,Fernando Julio,Herrera,Leon,M,2018-10-25,Primaria,3,G,Tarde,33,1326,Madre
999,73180319,Diana Renata,Chavez,Ramos,F,2018-02-04,Primaria,3,G,Tarde,33,1,Padre
1000,67160621,Diana Rosa,Gutierrez,Ticona,F,2018-06-06,Primaria,3,G,Tarde,33,172,Madre
1001,61833249,Walter Jorge,Soto,Choque,M,2018-07-27,Primaria,3,G,Tarde,33,862,Padre
1002,39788915,Gabriel Julio,Ccahuana,Cutipa,M,2018-07-22,Primaria,3,G,Tarde,33,2058,Padre
1003,62316885,Dylan Julio,Yupanqui,Espinoza,M,2018-05-01,Primaria,3,G,Tarde,33,148,Padre
1004,29689629,Katherine Nicole,Ruiz,Ortiz,F,2018-02-15,Primaria,3,G,Tarde,33,1770,Padre
1005,14993233,Melissa Antonella,Huaman,Delgado,F,2018-12-31,Primaria,3,G,Tarde,33,3107,Padre
1006,79449371,Adrian Fabricio,Pacheco,Zavala,M,2018-11-20,Primaria,3,G,Tarde,33,2244,Padre
1007,60082793,Benjamin Marco,Cruz,Gutierrez,M,2018-09-24,Primaria,3,G,Tarde,33,3146,Padre
1008,42004034,Leonardo Thiago,Gutierrez,Bautista,M,2018-09-21,Primaria,3,G,Tarde,33,1759,Madre
1009,48862398,Pedro Ian,Vargas,Rodriguez,M,2018-06-04,Primaria,3,G,Tarde,33,920,Padre
1010,28087163,Julio Elmer,Paucar,Marin,M,2018-07-21,Primaria,3,G,Tarde,33,854,Padre
1011,72075979,Emily Flor,Ibarra,Fernandez,F,2018-05-13,Primaria,3,G,Tarde,33,2632,Madre
1012,55914799,Alberto Marco,Machaca,Yataco,M,2018-06-15,Primaria,3,G,Tarde,33,301,Madre
1013,67871319,Paula Kiara,Sanchez,Pacheco,F,2018-03-09,Primaria,3,G,Tarde,33,2686,Madre
1014,51164068,Brenda Yolanda,Nunez,Ochoa,F,2018-07-12,Primaria,3,G,Tarde,33,283,Madre
1015,13150554,Rodrigo Carlos,Cabanillas,Espinoza,M,2018-05-16,Primaria,3,G,Tarde,33,544,Madre
1016,20756326,Brenda Melissa,Medina,Yataco,F,2018-06-12,Primaria,3,G,Tarde,33,1083,Madre
1017,71088803,Flor Nicole,Cutipa,Cornejo,F,2018-07-27,Primaria,3,G,Tarde,33,510,Madre
1018,75829991,Ricardo Jose,Ccahuana,Salvador,M,2018-10-12,Primaria,3,G,Tarde,33,1342,Padre
1019,34341683,Dylan Leonardo,Salvador,Bautista,M,2018-08-21,Primaria,3,G,Tarde,33,1695,Padre
1020,22952019,Thiago Manuel,Gonzales,Rodriguez,M,2018-05-08,Primaria,3,G,Tarde,33,1479,Padre
1021,46091716,Estefany Emily,Espinoza,Romero,F,2018-06-01,Primaria,3,G,Tarde,33,2955,Padre
1022,18267342,Ana Paula,Alvarez,Villanueva,F,2018-04-09,Primaria,3,G,Tarde,33,2312,Madre
1023,78121039,Luz Sofia,Zavala,Ticona,F,2018-08-22,Primaria,3,G,Tarde,33,2052,Madre
1024,52913160,Patricia Ximena,Diaz,Guzman,F,2018-07-10,Primaria,3,G,Tarde,33,825,Madre
1025,18134558,Kevin Rodrigo,Vega,Ticona,M,2018-04-27,Primaria,3,G,Tarde,33,1007,Padre
1026,72014014,Luis Carlos,Choque,Cornejo,M,2018-01-26,Primaria,3,G,Tarde,33,52,Padre
1027,42027838,Alexander Carlos,Cutipa,Diaz,M,2018-02-11,Primaria,3,G,Tarde,33,565,Padre
1028,49310679,Sofia Estefany,Campos,Rojas,F,2018-03-14,Primaria,3,H,Tarde,34,434,Padre
1029,41268833,Gustavo Luis,Ibarra,Herrera,M,2018-08-17,Primaria,3,H,Tarde,34,794,Madre
1030,40415337,Dylan Kevin,Medina,Delgado,M,2018-05-03,Primaria,3,H,Tarde,34,2771,Padre
1031,70012595,Kiara Luz,Fernandez,Aquino,F,2018-04-05,Primaria,3,H,Tarde,34,2732,Padre
1032,24234985,Mateo Oscar,Nunez,Ramos,M,2018-04-20,Primaria,3,H,Tarde,34,3054,Padre
1033,51965689,Ruth Daniela,Huaman,Quispe,F,2018-03-13,Primaria,3,H,Tarde,34,2698,Madre
1034,47525028,Julia Nicole,Condori,Sanchez,F,2018-03-25,Primaria,3,H,Tarde,34,1485,Padre
1035,38675649,Sofia Estefany,Vargas,Mendoza,F,2018-03-10,Primaria,3,H,Tarde,34,28,Madre
1036,75467552,Rosa Katherine,Huaraca,Espinoza,F,2018-07-25,Primaria,3,H,Tarde,34,327,Madre
1037,18512773,Mia Zoe,Ccahuana,Yupanqui,F,2018-01-26,Primaria,3,H,Tarde,34,1487,Madre
1038,17251587,Camila Milagros,Huaman,Condori,F,2018-04-01,Primaria,3,H,Tarde,34,915,Madre
1039,21467435,Leonardo Cesar,Gonzales,Bautista,M,2018-11-27,Primaria,3,H,Tarde,34,2478,Padre
1040,14982405,Julio Raul,Condori,Garcia,M,2018-09-06,Primaria,3,H,Tarde,34,227,Madre
1041,51299016,Cristian Samuel,Gutierrez,Delgado,M,2018-12-31,Primaria,3,H,Tarde,34,1351,Madre
1042,62724484,Victor Julio,Guzman,Sanchez,M,2018-04-29,Primaria,3,H,Tarde,34,462,Padre
1043,10427768,Estefany Flor,Yataco,Mendoza,F,2018-04-08,Primaria,3,H,Tarde,34,2890,Padre
1044,19912282,Carlos Renzo,Cardenas,Palacios,M,2018-05-25,Primaria,3,H,Tarde,34,2387,Madre
1045,65510568,Rafaella Valentina,Ramos,Nunez,F,2018-10-15,Primaria,3,H,Tarde,34,1267,Padre
1046,56200928,Martin Emilio,Aguilar,Soto,M,2018-03-26,Primaria,3,H,Tarde,34,317,Madre
1047,22003890,Dylan Pedro,Fernandez,Ochoa,M,2018-02-22,Primaria,3,H,Tarde,34,2429,Madre
1048,53113812,Wilson Walter,Nunez,Ortiz,M,2018-05-31,Primaria,3,H,Tarde,34,591,Madre
1049,54121625,Miguel Erick,Leon,Quispe,M,2018-07-17,Primaria,3,H,Tarde,34,727,Padre
1050,56964095,Britany Katty,Salazar,Palacios,F,2018-01-05,Primaria,3,H,Tarde,34,3116,Padre
1051,11446265,Katherine Yolanda,Alarcon,Torres,F,2018-01-31,Primaria,3,H,Tarde,34,444,Padre
1052,25099391,Piero Walter,Guzman,Rivera,M,2018-09-26,Primaria,3,H,Tarde,34,2279,Padre
1053,56227116,Zoe Alessandra,Torres,Alarcon,F,2018-07-09,Primaria,3,H,Tarde,34,3181,Padre
1054,65990945,Pilar Zoe,Ccahuana,Reyes,F,2018-05-22,Primaria,3,H,Tarde,34,3079,Padre
1055,40951591,Fiorella Estefany,Chavez,Mendoza,F,2018-01-20,Primaria,3,H,Tarde,34,1363,Padre
1056,42323126,Ariana Nayeli,Romero,Ortiz,F,2018-03-11,Primaria,3,H,Tarde,34,519,Padre
1057,29800104,Thiago Alberto,Vega,Ccahuana,M,2018-05-30,Primaria,3,H,Tarde,34,2015,Padre
1058,72562743,Erick Jose,Cabrera,Machaca,M,2018-01-05,Primaria,3,H,Tarde,34,2722,Padre
1059,61056991,Adrian Gonzalo,Fernandez,Villanueva,M,2018-01-23,Primaria,3,H,Tarde,34,3095,Madre
1060,40418756,Nicole Brenda,Medina,Rojas,F,2018-05-29,Primaria,3,H,Tarde,34,2326,Padre
1061,22774401,Abigail Xiomara,Cutipa,Alvarez,F,2018-12-15,Primaria,3,H,Tarde,34,2802,Padre
1062,68802517,Gonzalo Yamil,Gonzales,Villanueva,M,2018-12-31,Primaria,3,H,Tarde,34,931,Madre
1063,65930998,Angel Diego,Rivera,Chavez,M,2018-02-07,Primaria,3,H,Tarde,34,2032,Padre
1064,23410547,Carlos Cristian,Gutierrez,Aguilar,M,2018-03-04,Primaria,3,I,Tarde,35,2301,Padre
1065,76217262,Alexis Fernando,Vega,Diaz,M,2018-09-24,Primaria,3,I,Tarde,35,732,Padre
1066,71823270,Dulce Rosa,Soto,Huaman,F,2018-02-11,Primaria,3,I,Tarde,35,417,Madre
1067,32839303,Hugo Erick,Vargas,Apaza,M,2018-02-08,Primaria,3,I,Tarde,35,637,Madre
1068,42936883,Jhoana Nicole,Huaman,Huaman,F,2018-08-21,Primaria,3,I,Tarde,35,646,Padre
1069,68414261,Emily Ariana,Garcia,Choque,F,2018-07-20,Primaria,3,I,Tarde,35,186,Padre
1070,46981823,Alessandra Julia,Garcia,Carrillo,F,2018-06-09,Primaria,3,I,Tarde,35,2184,Madre
1071,75983521,Leonardo Alexander,Medina,Reyes,M,2018-05-14,Primaria,3,I,Tarde,35,143,Padre
1072,67014388,Diana Karen,Reyes,Vargas,F,2018-06-12,Primaria,3,I,Tarde,35,3123,Padre
1073,24899106,Diana Brenda,Rojas,Aguilar,F,2018-10-25,Primaria,3,I,Tarde,35,905,Madre
1074,59564206,Isabel Teresa,Gutierrez,Gutierrez,F,2018-04-29,Primaria,3,I,Tarde,35,1529,Madre
1075,57226177,Edgar Juan,Ramos,Silva,M,2018-01-30,Primaria,3,I,Tarde,35,2793,Madre
1076,15986282,Ximena Melissa,Cabrera,Pacheco,F,2018-10-22,Primaria,3,I,Tarde,35,326,Padre
1077,78451754,Andres Kevin,Medina,Espinoza,M,2018-11-07,Primaria,3,I,Tarde,35,57,Padre
1078,60238694,Ricardo Mateo,Marin,Rimac,M,2018-03-22,Primaria,3,I,Tarde,35,63,Madre
1079,21231572,Wilson Jose,Cabanillas,Condori,M,2018-06-29,Primaria,3,I,Tarde,35,30,Padre
1080,12727771,Oscar Jorge,Ruiz,Salvador,M,2018-06-01,Primaria,3,I,Tarde,35,1138,Padre
1081,18056495,Grecia Alessandra,Paredes,Rojas,F,2018-04-09,Primaria,3,I,Tarde,35,1555,Padre
1082,11352555,Nicolas Angel,Bravo,Villanueva,M,2018-12-22,Primaria,3,I,Tarde,35,1307,Padre
1083,20760547,Sofia Luana,Vasquez,Mamani,F,2018-10-22,Primaria,3,I,Tarde,35,3183,Madre
1084,33764803,Ana Danna,Zavala,Chavez,F,2018-06-18,Primaria,3,I,Tarde,35,1631,Padre
1085,64915119,Angel Walter,Diaz,Ortiz,M,2018-03-06,Primaria,3,I,Tarde,35,3032,Padre
1086,19515931,Teresa Julia,Herrera,Machaca,F,2018-07-05,Primaria,3,I,Tarde,35,494,Padre
1087,50910169,Diana Grecia,Alvarez,Herrera,F,2018-08-29,Primaria,3,I,Tarde,35,376,Padre
1088,73558064,Alberto Marco,Castillo,Herrera,M,2018-05-02,Primaria,3,I,Tarde,35,1963,Madre
1089,68946825,Ian Jose,Palacios,Castillo,M,2018-01-02,Primaria,3,I,Tarde,35,2507,Madre
1090,29198679,Maria Rafaella,Gonzales,Rivera,F,2018-10-21,Primaria,3,I,Tarde,35,603,Padre
1091,73981799,Luana Ashley,Palacios,Cabanillas,F,2018-12-10,Primaria,3,I,Tarde,35,2919,Padre
1092,29936466,Benjamin Mateo,Yataco,Flores,M,2018-05-01,Primaria,3,I,Tarde,35,241,Padre
1093,48162779,Ruth Zoe,Nunez,Rodriguez,F,2018-07-12,Primaria,3,I,Tarde,35,918,Padre
1094,63831250,Nicole Isabel,Marin,Mendoza,F,2018-09-20,Primaria,3,I,Tarde,35,2626,Padre
1095,34353764,Abigail Mia,Campos,Vargas,F,2018-12-15,Primaria,3,I,Tarde,35,2924,Madre
1096,76509471,Andres Miguel,Pacheco,Diaz,M,2018-11-11,Primaria,3,I,Tarde,35,1549,Padre
1097,55803585,Alessandra Luz,Cutipa,Zavala,F,2018-08-10,Primaria,3,I,Tarde,35,1269,Madre
1098,47716262,Carlos Franco,Rivera,Cabanillas,M,2018-12-07,Primaria,3,I,Tarde,35,91,Padre
1099,35978785,Flor Julia,Quispe,Flores,F,2018-07-21,Primaria,3,I,Tarde,35,3191,Padre
1100,63931893,Sofia Susan,Carrillo,Nunez,F,2018-09-19,Primaria,3,I,Tarde,35,2599,Padre
1101,57630860,Yamil Fernando,Ortiz,Yupanqui,M,2018-08-11,Primaria,3,I,Tarde,35,2901,Madre
1102,57252196,Marco Hugo,Reyes,Campos,M,2018-01-17,Primaria,3,I,Tarde,35,966,Madre
1103,11540372,Flor Luana,Romero,Castillo,F,2018-11-23,Primaria,3,I,Tarde,35,3070,Madre
1104,72069534,Jorge Mateo,Carrillo,Ochoa,M,2018-11-26,Primaria,3,J,Tarde,36,965,Padre
1105,44008135,Grecia Elena,Huaman,Espinoza,F,2018-02-13,Primaria,3,J,Tarde,36,1381,Padre
1106,70491043,Julia Ximena,Cornejo,Cruz,F,2018-05-16,Primaria,3,J,Tarde,36,2299,Madre
1107,74732477,Oscar Julio,Yupanqui,Cornejo,M,2018-02-17,Primaria,3,J,Tarde,36,1786,Madre
1108,76610508,Katherine Maria,Condori,Rojas,F,2018-03-04,Primaria,3,J,Tarde,36,2529,Madre
1109,62876589,Teresa Yolanda,Zavala,Guzman,F,2018-05-15,Primaria,3,J,Tarde,36,1296,Padre
1110,68219449,Carmen Brenda,Romero,Rodriguez,F,2018-03-02,Primaria,3,J,Tarde,36,532,Madre
1111,11889292,Melissa Lucia,Bautista,Choque,F,2018-03-22,Primaria,3,J,Tarde,36,1874,Madre
1112,53832543,Karen Britany,Ticona,Yupanqui,F,2018-02-10,Primaria,3,J,Tarde,36,1474,Madre
1113,66243213,Estefany Melissa,Espinoza,Palacios,F,2018-10-29,Primaria,3,J,Tarde,36,1213,Madre
1114,32552380,Franco Fabricio,Ccahuana,Choque,M,2018-08-25,Primaria,3,J,Tarde,36,2497,Madre
1115,37456216,Alexis Andres,Torres,Rimac,M,2018-02-19,Primaria,3,J,Tarde,36,1044,Madre
1116,22223390,Luis Kevin,Marin,Paredes,M,2018-05-21,Primaria,3,J,Tarde,36,1213,Madre
1117,27533743,Carlos Cristian,Gonzales,Mamani,M,2018-01-02,Primaria,3,J,Tarde,36,787,Padre
1118,52456130,Aaron Erick,Condori,Rimac,M,2018-10-17,Primaria,3,J,Tarde,36,2434,Padre
1119,68316812,Rafaella Fiorella,Fernandez,Marin,F,2018-03-09,Primaria,3,J,Tarde,36,2662,Madre
1120,25384830,Lucia Milagros,Villanueva,Rimac,F,2018-09-08,Primaria,3,J,Tarde,36,1225,Padre
1121,25366963,Anthony Anthony,Rodriguez,Leon,M,2018-11-10,Primaria,3,J,Tarde,36,1619,Padre
1122,77570711,Alexandra Yolanda,Rimac,Farfan,F,2018-02-14,Primaria,3,J,Tarde,36,140,Padre
1123,78524955,Gustavo Leonardo,Ticona,Farfan,M,2018-03-07,Primaria,3,J,Tarde,36,1335,Madre
1124,59779879,Franco Jhon,Silva,Lazo,M,2018-04-15,Primaria,3,J,Tarde,36,741,Padre
1125,53864167,Renzo Cristian,Espinoza,Ruiz,M,2018-10-01,Primaria,3,J,Tarde,36,76,Padre
1126,66983816,Rafaella Fiorella,Ortiz,Paucar,F,2018-10-24,Primaria,3,K,Tarde,37,297,Madre
1127,13332584,Fiorella Brenda,Gonzales,Aguilar,F,2018-03-13,Primaria,3,K,Tarde,37,535,Padre
1128,23225734,Julio Angel,Ccahuana,Vargas,M,2018-09-01,Primaria,3,K,Tarde,37,553,Padre
1129,35236201,Elena Flor,Gonzales,Ticona,F,2018-09-20,Primaria,3,K,Tarde,37,1292,Madre
1130,60282363,Luis Jhoel,Aquino,Leon,M,2018-06-20,Primaria,3,K,Tarde,37,606,Padre
1131,17341182,Alexandra Rosa,Rivera,Aguilar,F,2018-12-06,Primaria,3,K,Tarde,37,3020,Padre
1132,77750688,Mia Ariana,Mendoza,Huaman,F,2018-05-26,Primaria,3,K,Tarde,37,994,Madre
1133,49071494,Marco Andres,Cruz,Sanchez,M,2018-11-27,Primaria,3,K,Tarde,37,1042,Madre
1134,14976708,Fiorella Rosa,Leon,Ticona,F,2018-01-10,Primaria,3,K,Tarde,37,1015,Padre
1135,66535853,Abigail Elena,Bautista,Salvador,F,2018-05-09,Primaria,3,K,Tarde,37,1245,Madre
1136,61400197,Danna Nayeli,Ochoa,Paucar,F,2018-12-25,Primaria,3,K,Tarde,37,313,Padre
1137,56824755,Camila Ariana,Diaz,Rodriguez,F,2018-03-01,Primaria,3,K,Tarde,37,826,Madre
1138,18134549,Elmer Miguel,Paucar,Cornejo,M,2018-09-17,Primaria,3,K,Tarde,37,579,Padre
1139,41192735,Diego Fernando,Ticona,Huaman,M,2018-09-14,Primaria,3,K,Tarde,37,1599,Madre
1140,25225970,Zoe Alessandra,Torres,Romero,F,2018-07-26,Primaria,3,K,Tarde,37,1651,Madre
1141,58971029,Walter Rodrigo,Reyes,Herrera,M,2018-06-24,Primaria,3,K,Tarde,37,2859,Padre
1142,65778452,Aaron Adrian,Medina,Carrillo,M,2018-10-09,Primaria,3,K,Tarde,37,1640,Madre
1143,33676214,Diana Luz,Cabanillas,Gutierrez,F,2018-08-21,Primaria,3,K,Tarde,37,2475,Madre
1144,34806537,Paula Nicole,Ibarra,Salazar,F,2018-12-06,Primaria,3,K,Tarde,37,683,Padre
1145,55221431,Sebastian Elmer,Flores,Guzman,M,2018-12-19,Primaria,3,K,Tarde,37,1093,Padre
1146,48419886,Gonzalo Sebastian,Ortiz,Reyes,M,2018-08-31,Primaria,3,K,Tarde,37,2860,Padre
1147,37063545,Diego Gabriel,Rimac,Espinoza,M,2018-06-18,Primaria,3,K,Tarde,37,3156,Padre
1148,30796422,Jhoel Ricardo,Bautista,Ortiz,M,2018-02-24,Primaria,3,K,Tarde,37,3019,Padre
1149,36158583,Katherine Vanessa,Delgado,Machaca,F,2018-09-11,Primaria,3,K,Tarde,37,578,Padre
1150,44746485,Elmer Marco,Diaz,Nunez,M,2018-04-02,Primaria,3,K,Tarde,37,1793,Padre
1151,78235006,Brenda Julia,Zavala,Cruz,F,2018-03-24,Primaria,3,K,Tarde,37,96,Madre
1152,57383872,Isabel Ashley,Vega,Vega,F,2018-08-22,Primaria,3,K,Tarde,37,1993,Padre
1153,44450808,Andres Emilio,Alarcon,Ticona,M,2018-10-19,Primaria,3,K,Tarde,37,1440,Padre
1154,55643104,Angel Andres,Espinoza,Marin,M,2018-12-20,Primaria,3,K,Tarde,37,2790,Padre
1155,26467761,Alexander Wilson,Choque,Lazo,M,2018-02-26,Primaria,3,K,Tarde,37,500,Madre
1156,18740930,Thiago Oscar,Huaraca,Aguilar,M,2018-04-21,Primaria,3,L,Tarde,38,1843,Padre
1157,53793865,Carmen Diana,Mamani,Nunez,F,2018-12-29,Primaria,3,L,Tarde,38,2682,Padre
1158,47553645,Zoe Yesenia,Rodriguez,Ibarra,F,2018-08-23,Primaria,3,L,Tarde,38,882,Madre
1159,23581744,Yesica Ximena,Bravo,Nunez,F,2018-03-30,Primaria,3,L,Tarde,38,1358,Madre
1160,68268389,Pedro Gonzalo,Vargas,Soto,M,2018-02-13,Primaria,3,L,Tarde,38,1443,Padre
1161,74683275,Renata Yesica,Vargas,Silva,F,2018-07-28,Primaria,3,L,Tarde,38,1692,Padre
1162,52337514,Gabriela Jhoana,Condori,Ccahuana,F,2018-04-11,Primaria,3,L,Tarde,38,2033,Madre
1163,69530206,Walter Cesar,Ruiz,Quispe,M,2018-11-07,Primaria,3,L,Tarde,38,403,Madre
1164,51448478,Isabel Ruth,Ticona,Reyes,F,2018-08-10,Primaria,3,L,Tarde,38,13,Madre
1165,14002320,Diana Dulce,Salazar,Ticona,F,2018-04-12,Primaria,3,L,Tarde,38,2663,Padre
1166,25665860,Alexis Ivan,Aquino,Cutipa,M,2018-10-21,Primaria,3,L,Tarde,38,3069,Padre
1167,54268837,Dulce Jhoana,Cabrera,Palacios,F,2018-08-20,Primaria,3,L,Tarde,38,650,Padre
1168,37678714,Raul Adrian,Ticona,Alvarez,M,2018-08-20,Primaria,3,L,Tarde,38,2332,Madre
1169,77976212,Cesar Franco,Ochoa,Ticona,M,2018-03-11,Primaria,3,L,Tarde,38,2582,Padre
1170,23499107,Karen Alexandra,Silva,Vega,F,2018-05-31,Primaria,3,L,Tarde,38,2343,Padre
1171,66155879,Abigail Fiorella,Villanueva,Espinoza,F,2018-08-21,Primaria,3,L,Tarde,38,2328,Padre
1172,76587929,Sebastian Wilson,Alvarez,Herrera,M,2018-03-29,Primaria,3,L,Tarde,38,455,Padre
1173,14782432,Alexander Miguel,Huaraca,Flores,M,2018-07-08,Primaria,3,L,Tarde,38,810,Madre
1174,37088036,Ariana Flor,Aquino,Huaraca,F,2018-09-19,Primaria,3,L,Tarde,38,2826,Padre
1175,22493714,Fiorella Pilar,Ochoa,Cruz,F,2018-08-04,Primaria,3,L,Tarde,38,2763,Padre
1176,47345246,Fernando Thiago,Bautista,Cornejo,M,2018-06-04,Primaria,3,L,Tarde,38,2190,Padre
1177,29540691,Mateo Gonzalo,Fernandez,Delgado,M,2018-11-18,Primaria,3,L,Tarde,38,2644,Padre
1178,35772095,Adrian Luis,Herrera,Garcia,M,2018-10-12,Primaria,3,M,Tarde,39,213,Madre
1179,56180780,Yesica Diana,Bravo,Pacheco,F,2018-03-04,Primaria,3,M,Tarde,39,2067,Padre
1180,22594862,Joaquin Walter,Castillo,Espinoza,M,2018-08-09,Primaria,3,M,Tarde,39,1958,Padre
1181,63381465,Franco Edgar,Alarcon,Leon,M,2018-09-30,Primaria,3,M,Tarde,39,294,Madre
1182,53359639,Fernando Jose,Yataco,Machaca,M,2018-12-08,Primaria,3,M,Tarde,39,1292,Madre
1183,60387580,Grecia Carmen,Paredes,Herrera,F,2018-06-06,Primaria,3,M,Tarde,39,2246,Madre
1184,64138102,Oscar Luis,Cornejo,Ibarra,M,2018-09-05,Primaria,3,M,Tarde,39,1452,Padre
1185,11574105,Fiorella Diana,Machaca,Choque,F,2018-02-27,Primaria,3,M,Tarde,39,2856,Padre
1186,62944908,Luz Nayeli,Herrera,Cabanillas,F,2018-06-03,Primaria,3,M,Tarde,39,2932,Madre
1187,16893565,Nicolas Samuel,Salvador,Ruiz,M,2018-12-03,Primaria,3,M,Tarde,39,2178,Padre
1188,42167940,Karen Daniela,Diaz,Castillo,F,2018-03-12,Primaria,3,M,Tarde,39,318,Padre
1189,72327476,Teresa Brenda,Nunez,Cutipa,F,2018-03-18,Primaria,3,M,Tarde,39,298,Padre
1190,19309309,Fabricio Cesar,Ochoa,Rodriguez,M,2018-01-03,Primaria,3,M,Tarde,39,2039,Padre
1191,21710641,Maria Milagros,Lazo,Mendoza,F,2018-02-19,Primaria,3,M,Tarde,39,10,Madre
1192,68838521,Raul Victor,Mamani,Cabrera,M,2018-09-23,Primaria,3,M,Tarde,39,580,Madre
1193,38594520,Anthony Raul,Alarcon,Diaz,M,2018-11-16,Primaria,3,M,Tarde,39,1040,Madre
1194,54749431,Marco Victor,Marin,Alarcon,M,2018-03-31,Primaria,3,M,Tarde,39,1030,Madre
1195,36087961,Marco Yamil,Castillo,Farfan,M,2018-11-21,Primaria,3,M,Tarde,39,1987,Padre
1196,72184893,Yesenia Grecia,Chavez,Romero,F,2018-07-07,Primaria,3,M,Tarde,39,2833,Madre
1197,45130728,Julia Sofia,Flores,Ramos,F,2018-08-12,Primaria,3,M,Tarde,39,1060,Padre
1198,43210048,Victor Manuel,Chavez,Alarcon,M,2018-08-06,Primaria,3,M,Tarde,39,2068,Padre
1199,62265847,Gustavo Alberto,Ibarra,Fernandez,M,2018-03-25,Primaria,3,M,Tarde,39,1739,Madre
1200,49982466,Dylan Miguel,Soto,Reyes,M,2018-06-10,Primaria,3,M,Tarde,39,1309,Madre
1201,67605837,Ricardo Oscar,Ruiz,Cutipa,M,2018-11-27,Primaria,3,M,Tarde,39,2595,Madre
1202,29371107,Dulce Ana,Flores,Torres,F,2018-01-21,Primaria,3,M,Tarde,39,433,Padre
1203,35884135,Julia Ana,Marin,Paredes,F,2018-11-12,Primaria,3,M,Tarde,39,3093,Padre
1204,14879754,Yolanda Jhoana,Reyes,Huaman,F,2018-04-09,Primaria,3,M,Tarde,39,2953,Padre
1205,44624054,Erick Fernando,Quispe,Espinoza,M,2018-09-12,Primaria,3,M,Tarde,39,666,Madre
1206,45124176,Yesica Kiara,Salvador,Castillo,F,2018-06-25,Primaria,3,M,Tarde,39,2577,Madre
1207,37652006,Fiorella Abigail,Choque,Ccahuana,F,2018-02-13,Primaria,3,M,Tarde,39,108,Padre
1208,39611605,Jhon Ivan,Rivera,Gonzales,M,2018-09-03,Primaria,3,M,Tarde,39,231,Padre
1209,42817542,Oscar Luis,Ccahuana,Machaca,M,2018-12-24,Primaria,3,M,Tarde,39,1333,Madre
1210,34684637,Kevin Jhon,Villanueva,Vasquez,M,2018-07-03,Primaria,3,M,Tarde,39,69,Padre
1211,36387958,Anthony Ian,Alvarez,Yupanqui,M,2018-11-05,Primaria,3,M,Tarde,39,3130,Padre
1212,60929769,Ximena Patricia,Huaraca,Espinoza,F,2018-10-14,Primaria,3,M,Tarde,39,2579,Madre
1213,21398998,Yesenia Karen,Diaz,Ibarra,F,2018-08-30,Primaria,3,M,Tarde,39,435,Padre
1214,70624711,Diana Valentina,Huaman,Ccahuana,F,2018-06-06,Primaria,3,M,Tarde,39,1503,Madre
1215,68523071,Flor Vanessa,Campos,Soto,F,2017-07-28,Primaria,4,A,Mañana,40,1148,Madre
1216,45370356,Yolanda Gabriela,Ochoa,Nunez,F,2017-06-14,Primaria,4,A,Mañana,40,582,Padre
1217,32085627,Diego Carlos,Romero,Gutierrez,M,2017-05-04,Primaria,4,A,Mañana,40,876,Padre
1218,29210296,Kevin Samuel,Silva,Ochoa,M,2017-07-11,Primaria,4,A,Mañana,40,2476,Padre
1219,25521028,Emilio Adrian,Ticona,Silva,M,2017-11-17,Primaria,4,A,Mañana,40,2525,Padre
1220,25488155,Sofia Teresa,Gutierrez,Cardenas,F,2017-05-04,Primaria,4,A,Mañana,40,3189,Padre
1221,38683310,Lucia Milagros,Aquino,Rivera,F,2017-02-18,Primaria,4,A,Mañana,40,2061,Madre
1222,12598522,Alessandra Paula,Machaca,Vasquez,F,2017-05-21,Primaria,4,A,Mañana,40,1507,Madre
1223,62553546,Victor Aaron,Cruz,Cabrera,M,2017-05-17,Primaria,4,A,Mañana,40,903,Madre
1224,75794024,Diego Elmer,Diaz,Rojas,M,2017-06-22,Primaria,4,A,Mañana,40,1853,Padre
1225,32564125,Alessandra Gabriela,Yataco,Lazo,F,2017-03-25,Primaria,4,A,Mañana,40,2144,Padre
1226,25530004,Benjamin Leonardo,Leon,Villanueva,M,2017-01-15,Primaria,4,A,Mañana,40,2508,Madre
1227,22831384,Jhoel Juan,Nunez,Huaman,M,2017-12-27,Primaria,4,A,Mañana,40,1545,Madre
1228,57971098,Thiago Fabricio,Zavala,Soto,M,2017-02-17,Primaria,4,A,Mañana,40,676,Madre
1229,49482506,Yamil Kevin,Alarcon,Bravo,M,2017-10-01,Primaria,4,A,Mañana,40,1830,Madre
1230,66019862,Rafaella Emily,Vargas,Paucar,F,2017-01-05,Primaria,4,A,Mañana,40,1753,Padre
1231,39821452,Ricardo Rodrigo,Carrillo,Marin,M,2017-01-15,Primaria,4,A,Mañana,40,543,Padre
1232,47096464,Jhoana Alexandra,Herrera,Farfan,F,2017-10-30,Primaria,4,A,Mañana,40,2021,Madre
1233,72513746,Abigail Luz,Apaza,Palacios,F,2017-11-08,Primaria,4,A,Mañana,40,2878,Padre
1234,36358164,Elena Estefany,Condori,Quispe,F,2017-04-19,Primaria,4,A,Mañana,40,953,Madre
1235,74956499,Pedro Marco,Espinoza,Garcia,M,2017-02-17,Primaria,4,A,Mañana,40,3066,Madre
1236,76426937,Wilson Franco,Mendoza,Pacheco,M,2017-07-13,Primaria,4,A,Mañana,40,1379,Padre
1237,74679903,Yamil Alexander,Cornejo,Gutierrez,M,2017-09-10,Primaria,4,A,Mañana,40,1238,Padre
1238,68486554,Fabricio Emilio,Medina,Bravo,M,2017-10-10,Primaria,4,A,Mañana,40,207,Madre
1239,52080233,Dylan Victor,Cutipa,Machaca,M,2017-09-29,Primaria,4,A,Mañana,40,228,Padre
1240,59397155,Yesica Julia,Bravo,Paredes,F,2017-11-04,Primaria,4,A,Mañana,40,2465,Padre
1241,16359672,Renata Britany,Carrillo,Yupanqui,F,2017-03-17,Primaria,4,A,Mañana,40,2010,Madre
1242,77233213,Brenda Ruth,Yupanqui,Chavez,F,2017-12-11,Primaria,4,A,Mañana,40,179,Madre
1243,12487493,Manuel Elmer,Ochoa,Fernandez,M,2017-02-15,Primaria,4,A,Mañana,40,1281,Padre
1244,79938868,Grecia Paula,Condori,Nunez,F,2017-06-27,Primaria,4,A,Mañana,40,1338,Padre
1245,75571683,Ricardo Franco,Cardenas,Medina,M,2017-05-17,Primaria,4,A,Mañana,40,2188,Madre
1246,39058354,Benjamin Fabricio,Villanueva,Cornejo,M,2017-08-15,Primaria,4,A,Mañana,40,1434,Padre
1247,49043386,Sebastian Joaquin,Alarcon,Cutipa,M,2017-09-10,Primaria,4,A,Mañana,40,2859,Padre
1248,43772417,Samuel Alexis,Diaz,Cabanillas,M,2017-04-24,Primaria,4,A,Mañana,40,2285,Padre
1249,72092709,Yolanda Xiomara,Alvarez,Cruz,F,2017-03-28,Primaria,4,A,Mañana,40,2318,Padre
1250,34262094,Ximena Katty,Marin,Castillo,F,2017-06-26,Primaria,4,A,Mañana,40,896,Madre
1251,12504717,Jorge Jhoel,Huaraca,Silva,M,2017-07-23,Primaria,4,A,Mañana,40,2089,Padre
1252,37859639,Alessandra Gabriela,Castillo,Delgado,F,2017-06-21,Primaria,4,B,Mañana,41,1169,Padre
1253,33758664,Gabriel Mateo,Pacheco,Silva,M,2017-03-12,Primaria,4,B,Mañana,41,1947,Madre
1254,63395543,Julio Yamil,Villanueva,Ochoa,M,2017-11-10,Primaria,4,B,Mañana,41,663,Padre
1255,27266735,Marco Julio,Gutierrez,Rimac,M,2017-03-27,Primaria,4,B,Mañana,41,394,Padre
1256,15278068,Zoe Flor,Gonzales,Rivera,F,2017-11-04,Primaria,4,B,Mañana,41,2906,Padre
1257,20590448,Ariana Pilar,Mamani,Ticona,F,2017-10-04,Primaria,4,B,Mañana,41,2009,Padre
1258,19131819,Angel Andres,Gutierrez,Garcia,M,2017-02-19,Primaria,4,B,Mañana,41,2517,Madre
1259,35161443,Alessandra Katty,Guzman,Reyes,F,2017-02-17,Primaria,4,B,Mañana,41,1936,Padre
1260,43244741,Hugo Edgar,Alvarez,Romero,M,2017-11-04,Primaria,4,B,Mañana,41,3000,Padre
1261,19628857,Sofia Yesenia,Ramos,Delgado,F,2017-12-19,Primaria,4,B,Mañana,41,2508,Madre
1262,60030951,Yamil Martin,Palacios,Rojas,M,2017-03-09,Primaria,4,B,Mañana,41,1106,Madre
1263,32448727,Samuel Jose,Huaraca,Rodriguez,M,2017-10-03,Primaria,4,B,Mañana,41,410,Padre
1264,32196438,Rodrigo Rodrigo,Cabanillas,Rojas,M,2017-09-04,Primaria,4,B,Mañana,41,2965,Padre
1265,56535771,Elena Zoe,Machaca,Zavala,F,2017-05-18,Primaria,4,B,Mañana,41,2621,Padre
1266,20989833,Renzo Victor,Castillo,Yupanqui,M,2017-01-20,Primaria,4,B,Mañana,41,771,Padre
1267,27780579,Raul Jorge,Rivera,Nunez,M,2017-08-18,Primaria,4,B,Mañana,41,1262,Padre
1268,69496500,Diego Aaron,Paredes,Ochoa,M,2017-07-04,Primaria,4,B,Mañana,41,2880,Madre
1269,69090316,Raul Mateo,Ochoa,Rojas,M,2017-09-21,Primaria,4,B,Mañana,41,903,Madre
1270,19624057,Alexander Alexis,Villanueva,Vilca,M,2017-08-06,Primaria,4,B,Mañana,41,457,Padre
1271,57284059,Hugo Angel,Guzman,Chavez,M,2017-04-27,Primaria,4,B,Mañana,41,1105,Padre
1272,64099738,Nicolas Kevin,Ticona,Choque,M,2017-08-07,Primaria,4,B,Mañana,41,1102,Padre
1273,13248827,Juan Adrian,Vargas,Zavala,M,2017-12-10,Primaria,4,B,Mañana,41,1073,Madre
1274,60849628,Britany Camila,Ramos,Apaza,F,2017-11-15,Primaria,4,B,Mañana,41,407,Madre
1275,38995749,Jose Joaquin,Mendoza,Vega,M,2017-10-07,Primaria,4,B,Mañana,41,1656,Padre
1276,75235833,Patricia Antonella,Cabrera,Espinoza,F,2017-04-29,Primaria,4,B,Mañana,41,2844,Madre
1277,23642010,Renzo Miguel,Huaman,Villanueva,M,2017-06-11,Primaria,4,B,Mañana,41,1207,Madre
1278,29389210,Nicole Isabel,Yupanqui,Mamani,F,2017-10-17,Primaria,4,B,Mañana,41,2821,Padre
1279,28821912,Gustavo Leonardo,Huaraca,Aguilar,M,2017-03-27,Primaria,4,B,Mañana,41,1166,Padre
1280,60596103,Jose Fernando,Quispe,Zavala,M,2017-08-06,Primaria,4,B,Mañana,41,2210,Madre
1281,29976337,Milagros Abigail,Rimac,Rojas,F,2017-03-12,Primaria,4,C,Mañana,42,2063,Madre
1282,21434179,Pedro Walter,Huaman,Diaz,M,2017-09-06,Primaria,4,C,Mañana,42,296,Padre
1283,36739877,Nayeli Carmen,Bautista,Vilca,F,2017-01-10,Primaria,4,C,Mañana,42,94,Padre
1284,14040145,Martin Kevin,Condori,Silva,M,2017-08-23,Primaria,4,C,Mañana,42,72,Padre
1285,60047745,Daniela Danna,Espinoza,Soto,F,2017-07-22,Primaria,4,C,Mañana,42,2274,Madre
1286,11031156,Lucia Katherine,Rivera,Cutipa,F,2017-09-06,Primaria,4,C,Mañana,42,1609,Padre
1287,22458091,Elmer Carlos,Reyes,Condori,M,2017-03-31,Primaria,4,C,Mañana,42,670,Madre
1288,42635681,Fiorella Katherine,Silva,Gutierrez,F,2017-09-18,Primaria,4,C,Mañana,42,2406,Padre
1289,49853060,Renata Alexandra,Ramos,Alarcon,F,2017-05-18,Primaria,4,C,Mañana,42,734,Madre
1290,73703231,Cesar Gonzalo,Yataco,Gutierrez,M,2017-10-29,Primaria,4,C,Mañana,42,2076,Madre
1291,28549222,Dylan Angel,Zavala,Vega,M,2017-01-08,Primaria,4,C,Mañana,42,1658,Padre
1292,41238545,Dylan Victor,Condori,Pacheco,M,2017-10-12,Primaria,4,C,Mañana,42,664,Padre
1293,16642790,Katty Rosa,Medina,Apaza,F,2017-10-13,Primaria,4,C,Mañana,42,834,Madre
1294,11439643,Paula Katty,Rodriguez,Mendoza,F,2017-01-05,Primaria,4,C,Mañana,42,1226,Padre
1295,39929707,Kiara Estefany,Apaza,Marin,F,2017-06-30,Primaria,4,C,Mañana,42,604,Madre
1296,24292328,Raul Leonardo,Apaza,Lazo,M,2017-03-08,Primaria,4,C,Mañana,42,1260,Madre
1297,27489063,Milagros Patricia,Vega,Cabanillas,F,2017-04-09,Primaria,4,C,Mañana,42,2613,Padre
1298,47117803,Flor Dulce,Ortiz,Rojas,F,2017-03-08,Primaria,4,C,Mañana,42,2697,Padre
1299,17653720,Flor Alexandra,Farfan,Yupanqui,F,2017-07-15,Primaria,4,C,Mañana,42,2408,Madre
1300,24381704,Jose Rodrigo,Huaraca,Ortiz,M,2017-05-22,Primaria,4,C,Mañana,42,533,Padre
1301,49729583,Elmer Ivan,Machaca,Yupanqui,M,2017-09-05,Primaria,4,C,Mañana,42,1645,Padre
1302,54908888,Isabel Lucia,Fernandez,Campos,F,2017-03-08,Primaria,4,C,Mañana,42,1196,Madre
1303,29238418,Pedro Julio,Villanueva,Vilca,M,2017-10-19,Primaria,4,C,Mañana,42,2844,Madre
1304,65363621,Xiomara Flor,Gutierrez,Zavala,F,2017-05-02,Primaria,4,C,Mañana,42,2694,Padre
1305,69184077,Isabel Estefany,Leon,Salvador,F,2017-03-09,Primaria,4,C,Mañana,42,340,Padre
1306,65518925,Julio Miguel,Gutierrez,Espinoza,M,2017-12-07,Primaria,4,C,Mañana,42,2560,Madre
1307,29672915,Marco Joaquin,Delgado,Zavala,M,2017-07-22,Primaria,4,C,Mañana,42,1668,Padre
1308,73167801,Fiorella Carmen,Farfan,Aguilar,F,2017-01-11,Primaria,4,C,Mañana,42,653,Padre
1309,53567784,Mateo Joaquin,Herrera,Vilca,M,2017-11-23,Primaria,4,C,Mañana,42,2096,Madre
1310,12295635,Sofia Mia,Palacios,Machaca,F,2017-06-24,Primaria,4,D,Mañana,43,474,Padre
1311,67573432,Sofia Lucia,Rivera,Villanueva,F,2017-12-07,Primaria,4,D,Mañana,43,2935,Padre
1312,61282036,Luz Melissa,Espinoza,Mendoza,F,2017-07-17,Primaria,4,D,Mañana,43,1158,Padre
1313,54118342,Emilio Joaquin,Ruiz,Apaza,M,2017-11-15,Primaria,4,D,Mañana,43,1871,Madre
1314,67776739,Paula Vanessa,Rojas,Gutierrez,F,2017-03-23,Primaria,4,D,Mañana,43,2018,Padre
1315,39825282,Nayeli Ruth,Rimac,Huaraca,F,2017-10-22,Primaria,4,D,Mañana,43,2847,Padre
1316,32404251,Jhoel Miguel,Cabrera,Espinoza,M,2017-07-15,Primaria,4,D,Mañana,43,214,Madre
1317,56450709,Samuel Dylan,Gutierrez,Quispe,M,2017-02-25,Primaria,4,D,Mañana,43,2154,Madre
1318,62754401,Luz Luana,Nunez,Chavez,F,2017-09-20,Primaria,4,D,Mañana,43,2940,Madre
1319,26022932,Teresa Luz,Condori,Cruz,F,2017-01-23,Primaria,4,D,Mañana,43,515,Madre
1320,13390411,Erick Hugo,Aquino,Delgado,M,2017-11-06,Primaria,4,D,Mañana,43,1234,Madre
1321,42993329,Ana Nayeli,Nunez,Cardenas,F,2017-06-24,Primaria,4,D,Mañana,43,2698,Madre
1322,77372048,Alberto Ian,Silva,Ccahuana,M,2017-01-29,Primaria,4,D,Mañana,43,2330,Padre
1323,47056329,Xiomara Katty,Carrillo,Chavez,F,2017-04-29,Primaria,4,D,Mañana,43,852,Madre
1324,18088646,Estefany Danna,Sanchez,Vilca,F,2017-05-19,Primaria,4,D,Mañana,43,1153,Madre
1325,51300337,Walter Benjamin,Ruiz,Fernandez,M,2017-08-03,Primaria,4,D,Mañana,43,2603,Madre
1326,52493093,Paula Jhoana,Salvador,Sanchez,F,2017-09-12,Primaria,4,D,Mañana,43,2895,Madre
1327,68909710,Lucia Alessandra,Ortiz,Rojas,F,2017-05-05,Primaria,4,D,Mañana,43,257,Padre
1328,72449717,Renzo Gustavo,Espinoza,Rojas,M,2017-07-07,Primaria,4,D,Mañana,43,482,Madre
1329,19970873,Gonzalo Renzo,Herrera,Romero,M,2017-08-06,Primaria,4,D,Mañana,43,1767,Padre
1330,35472947,Julia Daniela,Vargas,Farfan,F,2017-02-06,Primaria,4,D,Mañana,43,921,Madre
1331,13586719,Paula Kiara,Paucar,Espinoza,F,2017-10-05,Primaria,4,D,Mañana,43,1854,Madre
1332,18443006,Hugo Walter,Condori,Soto,M,2017-06-29,Primaria,4,D,Mañana,43,1400,Padre
1333,14725959,Andres Diego,Ticona,Ccahuana,M,2017-06-19,Primaria,4,D,Mañana,43,2528,Padre
1334,64683439,Mateo Cesar,Paredes,Torres,M,2017-07-16,Primaria,4,D,Mañana,43,1175,Padre
1335,55177703,Nicolas Emilio,Lazo,Fernandez,M,2017-04-27,Primaria,4,D,Mañana,43,247,Madre
1336,57947679,Wilson Alexander,Chavez,Salazar,M,2017-10-21,Primaria,4,D,Mañana,43,264,Madre
1337,16278819,Rafaella Yesenia,Huaraca,Reyes,F,2017-06-24,Primaria,4,D,Mañana,43,2270,Padre
1338,54386453,Walter Ivan,Fernandez,Vega,M,2017-04-15,Primaria,4,D,Mañana,43,2763,Padre
1339,25771352,Mia Nayeli,Cabanillas,Alvarez,F,2017-01-26,Primaria,4,D,Mañana,43,31,Padre
1340,43992926,Fernando Jorge,Garcia,Vega,M,2017-07-08,Primaria,4,D,Mañana,43,2964,Padre
1341,60790381,Kiara Mia,Ticona,Marin,F,2017-06-07,Primaria,4,D,Mañana,43,455,Padre
1342,45773436,Alexis Juan,Zavala,Mendoza,M,2017-01-02,Primaria,4,D,Mañana,43,2708,Padre
1343,14971333,Maria Dulce,Delgado,Ibarra,F,2017-03-23,Primaria,4,D,Mañana,43,402,Padre
1344,51946668,Yamil Edgar,Vargas,Lazo,M,2017-05-30,Primaria,4,E,Mañana,44,153,Padre
1345,24413389,Adrian Aaron,Nunez,Romero,M,2017-03-21,Primaria,4,E,Mañana,44,1850,Madre
1346,64634184,Fabricio Ian,Medina,Condori,M,2017-12-07,Primaria,4,E,Mañana,44,1018,Padre
1347,79472651,Carlos Luis,Bautista,Vilca,M,2017-03-26,Primaria,4,E,Mañana,44,2101,Padre
1348,24776245,Luis Anthony,Espinoza,Ccahuana,M,2017-01-15,Primaria,4,E,Mañana,44,970,Padre
1349,65182336,Fiorella Brenda,Pacheco,Diaz,F,2017-11-16,Primaria,4,E,Mañana,44,2131,Padre
1350,38489804,Dulce Luana,Vilca,Silva,F,2017-10-05,Primaria,4,E,Mañana,44,83,Madre
1351,42424044,Benjamin Martin,Alarcon,Vasquez,M,2017-05-01,Primaria,4,E,Mañana,44,1788,Madre
1352,25479078,Ricardo Ricardo,Gonzales,Ochoa,M,2017-11-22,Primaria,4,E,Mañana,44,1603,Madre
1353,24864590,Benjamin Erick,Romero,Machaca,M,2017-05-20,Primaria,4,E,Mañana,44,1616,Madre
1354,17245674,Victor Carlos,Bravo,Yupanqui,M,2017-09-17,Primaria,4,E,Mañana,44,1224,Madre
1355,26358140,Joaquin Aaron,Rojas,Cruz,M,2017-10-29,Primaria,4,E,Mañana,44,1276,Madre
1356,32637996,Luana Ariana,Delgado,Rojas,F,2017-04-17,Primaria,4,E,Mañana,44,183,Padre
1357,34038199,Susan Gabriela,Pacheco,Delgado,F,2017-01-31,Primaria,4,E,Mañana,44,394,Padre
1358,62435620,Alexis Marco,Choque,Paucar,M,2017-08-17,Primaria,4,E,Mañana,44,95,Padre
1359,14524326,Rosa Luana,Paucar,Reyes,F,2017-03-26,Primaria,4,E,Mañana,44,162,Padre
1360,22401284,Antonella Alexandra,Carrillo,Cruz,F,2017-05-15,Primaria,4,E,Mañana,44,1165,Madre
1361,32335688,Erick Alexander,Delgado,Ccahuana,M,2017-01-15,Primaria,4,E,Mañana,44,1508,Padre
1362,66870017,Rosa Susan,Carrillo,Mamani,F,2017-12-17,Primaria,4,E,Mañana,44,2629,Madre
1363,47034798,Fernando Aaron,Ibarra,Medina,M,2017-09-13,Primaria,4,E,Mañana,44,628,Madre
1364,61255170,Bryan Jose,Garcia,Nunez,M,2017-01-07,Primaria,4,E,Mañana,44,1385,Padre
1365,24141247,Milagros Kiara,Mendoza,Garcia,F,2017-01-02,Primaria,4,E,Mañana,44,1437,Madre
1366,58792407,Lucia Pilar,Gonzales,Aquino,F,2017-05-26,Primaria,4,E,Mañana,44,1183,Madre
1367,25805698,Miguel Angel,Vasquez,Delgado,M,2017-04-13,Primaria,4,E,Mañana,44,555,Padre
1368,44682952,Luz Valentina,Vargas,Paucar,F,2017-01-11,Primaria,4,F,Mañana,45,558,Padre
1369,31733098,Jhoana Ximena,Yupanqui,Reyes,F,2017-03-15,Primaria,4,F,Mañana,45,2574,Padre
1370,60733267,Ashley Yesica,Apaza,Huaraca,F,2017-03-14,Primaria,4,F,Mañana,45,1737,Madre
1371,48275257,Kiara Luz,Cardenas,Quispe,F,2017-04-24,Primaria,4,F,Mañana,45,1394,Madre
1372,32351272,Valentina Camila,Flores,Fernandez,F,2017-01-22,Primaria,4,F,Mañana,45,2867,Padre
1373,25636657,Renata Antonella,Mamani,Cabanillas,F,2017-08-14,Primaria,4,F,Mañana,45,2493,Padre
1374,11821786,Brenda Jhoana,Vargas,Garcia,F,2017-08-05,Primaria,4,F,Mañana,45,2882,Padre
1375,26502512,Piero Alexis,Cabrera,Ramos,M,2017-03-08,Primaria,4,F,Mañana,45,1168,Padre
1376,22728292,Ricardo Sebastian,Romero,Choque,M,2017-11-05,Primaria,4,F,Mañana,45,2567,Madre
1377,74079030,Luis Cristian,Huaman,Yataco,M,2017-01-26,Primaria,4,F,Mañana,45,1869,Madre
1378,42623308,Juan Bryan,Rimac,Cruz,M,2017-01-05,Primaria,4,F,Mañana,45,1912,Padre
1379,21481619,Ana Grecia,Leon,Espinoza,F,2017-09-12,Primaria,4,F,Mañana,45,898,Madre
1380,63780214,Jose Jorge,Mamani,Paredes,M,2017-09-07,Primaria,4,F,Mañana,45,2968,Padre
1381,65258369,Melissa Alessandra,Cruz,Vega,F,2017-10-16,Primaria,4,F,Mañana,45,1614,Madre
1382,78055382,Anthony Gustavo,Ccahuana,Aquino,M,2017-07-03,Primaria,4,F,Mañana,45,719,Padre
1383,27339864,Rodrigo Anthony,Flores,Chavez,M,2017-04-12,Primaria,4,F,Mañana,45,2462,Padre
1384,43088482,Julia Rosa,Marin,Gonzales,F,2017-11-14,Primaria,4,F,Mañana,45,2851,Madre
1385,47564752,Fabricio Angel,Alarcon,Salazar,M,2017-12-27,Primaria,4,F,Mañana,45,15,Padre
1386,47571330,Vanessa Teresa,Mendoza,Ccahuana,F,2017-06-29,Primaria,4,F,Mañana,45,2004,Padre
1387,72635080,Nicole Nayeli,Aquino,Cabrera,F,2017-12-03,Primaria,4,F,Mañana,45,1530,Padre
1388,14890268,Isabel Fiorella,Cabanillas,Paucar,F,2017-09-21,Primaria,4,F,Mañana,45,2616,Padre
1389,57186471,Carmen Camila,Aguilar,Ruiz,F,2017-10-09,Primaria,4,F,Mañana,45,1186,Madre
1390,63694153,Isabel Flor,Vilca,Condori,F,2017-08-04,Primaria,4,F,Mañana,45,2001,Madre
1391,14945538,Diana Abigail,Cardenas,Villanueva,F,2017-05-14,Primaria,4,F,Mañana,45,2243,Madre
1392,27575431,Diana Camila,Condori,Herrera,F,2017-03-14,Primaria,4,F,Mañana,45,1559,Madre
1393,47405762,Pilar Valentina,Reyes,Ramos,F,2017-05-02,Primaria,4,F,Mañana,45,1098,Padre
1394,79657103,Andres Yamil,Lazo,Ibarra,M,2017-03-27,Primaria,4,F,Mañana,45,1246,Padre
1395,27210012,Lucia Gabriela,Fernandez,Vasquez,F,2017-04-09,Primaria,4,F,Mañana,45,1264,Madre
1396,77785295,Ximena Teresa,Cutipa,Gonzales,F,2017-09-29,Primaria,4,F,Mañana,45,3090,Madre
1397,67399518,Camila Maria,Fernandez,Lazo,F,2017-10-22,Primaria,4,F,Mañana,45,2237,Madre
1398,49889439,Julio Yamil,Yataco,Gonzales,M,2017-10-26,Primaria,4,F,Mañana,45,813,Padre
1399,29505249,Dulce Ana,Cornejo,Lazo,F,2017-04-19,Primaria,4,F,Mañana,45,1577,Madre
1400,75091295,Anthony Mateo,Alvarez,Rodriguez,M,2017-04-22,Primaria,4,F,Mañana,45,615,Padre
1401,25101240,Vanessa Luana,Garcia,Cruz,F,2017-04-08,Primaria,4,F,Mañana,45,2041,Madre
1402,48119144,Nayeli Patricia,Campos,Flores,F,2017-10-23,Primaria,4,F,Mañana,45,3017,Padre
1403,19215627,Kiara Pilar,Reyes,Villanueva,F,2017-06-12,Primaria,4,F,Mañana,45,2275,Madre
1404,33986240,Leonardo Elmer,Castillo,Vega,M,2017-08-03,Primaria,4,F,Mañana,45,2065,Madre
1405,67926693,Mateo Ivan,Sanchez,Romero,M,2017-05-19,Primaria,4,F,Mañana,45,2183,Madre
1406,13212947,Vanessa Alexandra,Bravo,Yataco,F,2017-05-08,Primaria,4,F,Mañana,45,781,Madre
1407,59838779,Erick Cesar,Delgado,Gonzales,M,2017-12-23,Primaria,4,F,Mañana,45,1475,Madre
1408,11721815,Lucia Nicole,Herrera,Ibarra,F,2017-10-28,Primaria,4,G,Tarde,46,2683,Padre
1409,13137192,Mia Renata,Gutierrez,Espinoza,F,2017-03-29,Primaria,4,G,Tarde,46,2818,Padre
1410,13931527,Anthony Gonzalo,Chavez,Huaraca,M,2017-12-15,Primaria,4,G,Tarde,46,1070,Padre
1411,16452672,Elmer Gustavo,Farfan,Rimac,M,2017-04-23,Primaria,4,G,Tarde,46,2621,Padre
1412,42372549,Brenda Renata,Paucar,Quispe,F,2017-05-23,Primaria,4,G,Tarde,46,2762,Padre
1413,25075244,Ian Benjamin,Ticona,Mamani,M,2017-01-13,Primaria,4,G,Tarde,46,1642,Madre
1414,49315831,Benjamin Ivan,Herrera,Flores,M,2017-12-02,Primaria,4,G,Tarde,46,46,Padre
1415,74921008,Alexander Dylan,Garcia,Cabrera,M,2017-03-09,Primaria,4,G,Tarde,46,1909,Madre
1416,16398313,Walter Anthony,Salvador,Marin,M,2017-11-08,Primaria,4,G,Tarde,46,3106,Padre
1417,13066012,Katherine Maria,Vargas,Ruiz,F,2017-12-11,Primaria,4,G,Tarde,46,1639,Padre
1418,72619595,Samuel Alberto,Silva,Huaman,M,2017-02-05,Primaria,4,G,Tarde,46,2812,Padre
1419,42679711,Luis Nicolas,Nunez,Vilca,M,2017-09-21,Primaria,4,G,Tarde,46,2153,Madre
1420,61151172,Antonella Danna,Romero,Cornejo,F,2017-04-01,Primaria,4,G,Tarde,46,1718,Padre
1421,38807344,Adrian Raul,Nunez,Fernandez,M,2017-10-27,Primaria,4,G,Tarde,46,759,Madre
1422,38221748,Walter Yamil,Medina,Huaman,M,2017-03-08,Primaria,4,G,Tarde,46,1079,Madre
1423,10464316,Kiara Luz,Paucar,Torres,F,2017-01-07,Primaria,4,G,Tarde,46,291,Madre
1424,61293531,Carlos Jhon,Yataco,Yupanqui,M,2017-07-01,Primaria,4,G,Tarde,46,2668,Padre
1425,65378427,Antonella Yolanda,Herrera,Condori,F,2017-06-05,Primaria,4,G,Tarde,46,2929,Padre
1426,20623889,Diego Ivan,Diaz,Reyes,M,2017-06-01,Primaria,4,G,Tarde,46,382,Madre
1427,28519266,Carmen Jhoana,Flores,Herrera,F,2017-08-30,Primaria,4,G,Tarde,46,425,Madre
1428,68519181,Gonzalo Alexis,Mamani,Lazo,M,2017-10-14,Primaria,4,G,Tarde,46,879,Madre
1429,50114700,Nayeli Diana,Garcia,Condori,F,2017-09-15,Primaria,4,G,Tarde,46,1483,Padre
1430,57706088,Erick Luis,Vilca,Reyes,M,2017-02-17,Primaria,4,G,Tarde,46,2997,Padre
1431,17283438,Angel Gonzalo,Fernandez,Delgado,M,2017-03-19,Primaria,4,G,Tarde,46,1228,Madre
1432,17768721,Luis Hugo,Yataco,Mamani,M,2017-10-15,Primaria,4,G,Tarde,46,131,Padre
1433,19831108,Rosa Antonella,Espinoza,Cornejo,F,2017-08-15,Primaria,4,G,Tarde,46,2141,Madre
1434,43260937,Ashley Katherine,Castillo,Medina,F,2017-11-02,Primaria,4,G,Tarde,46,923,Madre
1435,69399596,Isabel Fiorella,Gutierrez,Delgado,F,2017-09-16,Primaria,4,G,Tarde,46,134,Madre
1436,46061368,Oscar Gonzalo,Herrera,Rivera,M,2017-06-13,Primaria,4,G,Tarde,46,1999,Madre
1437,58565814,Yolanda Jhoana,Cabrera,Marin,F,2017-03-30,Primaria,4,G,Tarde,46,340,Padre
1438,18641255,Aaron Ivan,Aguilar,Medina,M,2017-09-15,Primaria,4,G,Tarde,46,1715,Padre
1439,53278125,Fabricio Diego,Gutierrez,Alvarez,M,2017-01-21,Primaria,4,G,Tarde,46,2838,Padre
1440,48383928,Antonella Alessandra,Lazo,Vilca,F,2017-08-05,Primaria,4,G,Tarde,46,2083,Padre
1441,29140684,Zoe Isabel,Salazar,Rimac,F,2017-07-01,Primaria,4,G,Tarde,46,2789,Madre
1442,38061516,Piero Julio,Vilca,Marin,M,2017-07-18,Primaria,4,G,Tarde,46,1531,Madre
1443,24855099,Julia Rosa,Ticona,Villanueva,F,2017-04-02,Primaria,4,G,Tarde,46,2335,Madre
1444,79923460,Britany Daniela,Ruiz,Farfan,F,2017-05-17,Primaria,4,G,Tarde,46,61,Madre
1445,58060983,Fabricio Dylan,Choque,Ruiz,M,2017-08-14,Primaria,4,G,Tarde,46,986,Madre
1446,45794544,Gabriela Diana,Bautista,Mendoza,F,2017-02-25,Primaria,4,H,Tarde,47,2490,Padre
1447,12246340,Rafaella Katherine,Silva,Silva,F,2017-05-31,Primaria,4,H,Tarde,47,2329,Madre
1448,11102938,Rosa Pilar,Alarcon,Rivera,F,2017-05-20,Primaria,4,H,Tarde,47,2997,Padre
1449,56488725,Bryan Carlos,Vilca,Delgado,M,2017-04-18,Primaria,4,H,Tarde,47,218,Padre
1450,74692621,Isabel Valentina,Yupanqui,Delgado,F,2017-09-24,Primaria,4,H,Tarde,47,101,Madre
1451,79549191,Jose Alexis,Flores,Vilca,M,2017-07-22,Primaria,4,H,Tarde,47,133,Madre
1452,21163576,Gabriela Jhoana,Mamani,Fernandez,F,2017-03-27,Primaria,4,H,Tarde,47,381,Madre
1453,58335631,Yamil Walter,Garcia,Bautista,M,2017-05-18,Primaria,4,H,Tarde,47,1969,Padre
1454,20514864,Emilio Rodrigo,Fernandez,Salvador,M,2017-05-11,Primaria,4,H,Tarde,47,1740,Padre
1455,72034676,Carmen Xiomara,Ccahuana,Mendoza,F,2017-01-29,Primaria,4,H,Tarde,47,1506,Madre
1456,42480476,Nicole Nayeli,Pacheco,Campos,F,2017-10-18,Primaria,4,H,Tarde,47,1382,Padre
1457,49569419,Gabriela Jhoana,Herrera,Gonzales,F,2017-06-13,Primaria,4,H,Tarde,47,2347,Padre
1458,12664825,Ivan Miguel,Fernandez,Vasquez,M,2017-01-10,Primaria,4,H,Tarde,47,361,Padre
1459,17947078,Rafaella Katherine,Chavez,Rimac,F,2017-07-09,Primaria,4,H,Tarde,47,240,Padre
1460,41262339,Ariana Melissa,Rimac,Gutierrez,F,2017-08-25,Primaria,4,H,Tarde,47,1003,Padre
1461,46875418,Hugo Edgar,Salazar,Fernandez,M,2017-02-02,Primaria,4,H,Tarde,47,1372,Madre
1462,21082868,Alexis Julio,Ticona,Rimac,M,2017-04-26,Primaria,4,H,Tarde,47,2368,Madre
1463,58645695,Elmer Ian,Rivera,Vilca,M,2017-11-23,Primaria,4,H,Tarde,47,2063,Madre
1464,15697284,Nayeli Grecia,Yupanqui,Lazo,F,2017-03-06,Primaria,4,H,Tarde,47,1726,Padre
1465,34156811,Oscar Andres,Torres,Ruiz,M,2017-04-20,Primaria,4,H,Tarde,47,2686,Madre
1466,74484792,Jhoana Pilar,Yataco,Bravo,F,2017-06-11,Primaria,4,H,Tarde,47,2146,Madre
1467,36122124,Susan Antonella,Cornejo,Ruiz,F,2017-01-03,Primaria,4,H,Tarde,47,2551,Padre
1468,36805313,Maria Renata,Bautista,Bravo,F,2017-03-23,Primaria,4,H,Tarde,47,189,Padre
1469,30277869,Jhoel Cristian,Salazar,Campos,M,2017-12-18,Primaria,4,H,Tarde,47,2981,Madre
1470,59220636,Ariana Zoe,Salazar,Aquino,F,2017-03-21,Primaria,4,H,Tarde,47,404,Madre
1471,14782117,Grecia Danna,Silva,Quispe,F,2017-03-20,Primaria,4,H,Tarde,47,1084,Padre
1472,26748932,Emilio Alberto,Rojas,Ccahuana,M,2017-07-28,Primaria,4,H,Tarde,47,862,Padre
1473,75143469,Ian Fernando,Flores,Reyes,M,2017-08-14,Primaria,4,H,Tarde,47,685,Padre
1474,37326246,Valentina Kiara,Mamani,Silva,F,2017-08-28,Primaria,4,H,Tarde,47,1017,Madre
1475,53380394,Aaron Franco,Palacios,Palacios,M,2017-06-04,Primaria,4,I,Tarde,48,2267,Padre
1476,64797576,Mateo Samuel,Reyes,Farfan,M,2017-08-08,Primaria,4,I,Tarde,48,2925,Padre
1477,21985563,Julia Xiomara,Fernandez,Chavez,F,2017-09-28,Primaria,4,I,Tarde,48,867,Madre
1478,78486448,Camila Yesenia,Salazar,Bautista,F,2017-03-24,Primaria,4,I,Tarde,48,1221,Padre
1479,64479269,Marco Carlos,Cornejo,Marin,M,2017-08-14,Primaria,4,I,Tarde,48,2894,Padre
1480,17400167,Xiomara Yesica,Flores,Ramos,F,2017-06-27,Primaria,4,I,Tarde,48,3082,Madre
1481,23014693,Jorge Kevin,Sanchez,Garcia,M,2017-11-30,Primaria,4,I,Tarde,48,229,Padre
1482,39106821,Pedro Andres,Espinoza,Vargas,M,2017-03-02,Primaria,4,I,Tarde,48,2596,Madre
1483,14604796,Cristian Pedro,Alvarez,Condori,M,2017-06-26,Primaria,4,I,Tarde,48,2058,Padre
1484,58948586,Gonzalo Gabriel,Alarcon,Alarcon,M,2017-07-06,Primaria,4,I,Tarde,48,1878,Padre
1485,17585879,Yamil Martin,Ochoa,Cabanillas,M,2017-05-28,Primaria,4,I,Tarde,48,1867,Padre
1486,39779775,Wilson Kevin,Cornejo,Ramos,M,2017-02-15,Primaria,4,I,Tarde,48,2934,Madre
1487,23802474,Ashley Xiomara,Salazar,Silva,F,2017-12-31,Primaria,4,I,Tarde,48,2695,Padre
1488,53959312,Adrian Jose,Cabanillas,Apaza,M,2017-10-01,Primaria,4,I,Tarde,48,2097,Padre
1489,16288134,Camila Rosa,Espinoza,Medina,F,2017-09-10,Primaria,4,I,Tarde,48,3102,Padre
1490,73312464,Ariana Daniela,Rivera,Torres,F,2017-04-18,Primaria,4,I,Tarde,48,938,Padre
1491,39355351,Yesica Yesica,Apaza,Palacios,F,2017-06-14,Primaria,4,I,Tarde,48,1700,Madre
1492,16540268,Ana Lucia,Ortiz,Rimac,F,2017-07-22,Primaria,4,I,Tarde,48,3057,Padre
1493,76215052,Yamil Franco,Lazo,Rodriguez,M,2017-05-14,Primaria,4,I,Tarde,48,1633,Madre
1494,43733034,Alexis Mateo,Cabanillas,Cardenas,M,2017-03-28,Primaria,4,I,Tarde,48,1847,Padre
1495,28856327,Raul Yamil,Yataco,Sanchez,M,2017-11-21,Primaria,4,J,Tarde,49,2242,Padre
1496,17876795,Flor Grecia,Vilca,Chavez,F,2017-06-07,Primaria,4,J,Tarde,49,2822,Madre
1497,76686243,Katherine Elena,Espinoza,Fernandez,F,2017-02-13,Primaria,4,J,Tarde,49,2818,Padre
1498,33242580,Paula Isabel,Cardenas,Condori,F,2017-06-15,Primaria,4,J,Tarde,49,231,Padre
1499,54905985,Martin Walter,Ochoa,Bravo,M,2017-11-04,Primaria,4,J,Tarde,49,1829,Madre
1500,20013521,Teresa Kiara,Pacheco,Gutierrez,F,2017-04-20,Primaria,4,J,Tarde,49,2382,Madre
1501,57075514,Joaquin Alberto,Rojas,Cabrera,M,2017-02-07,Primaria,4,J,Tarde,49,2800,Madre
1502,17184771,Teresa Mia,Mendoza,Garcia,F,2017-01-02,Primaria,4,J,Tarde,49,2126,Madre
1503,54608279,Vanessa Paula,Gonzales,Herrera,F,2017-01-09,Primaria,4,J,Tarde,49,1966,Padre
1504,42341512,Walter Ricardo,Ortiz,Alvarez,M,2017-06-24,Primaria,4,J,Tarde,49,2896,Madre
1505,68488011,Dylan Bryan,Farfan,Gutierrez,M,2017-01-12,Primaria,4,J,Tarde,49,1179,Padre
1506,28628743,Pilar Emily,Romero,Aguilar,F,2017-03-07,Primaria,4,J,Tarde,49,310,Madre
1507,58094324,Gabriela Carmen,Ramos,Mamani,F,2017-11-28,Primaria,4,J,Tarde,49,2440,Madre
1508,56612799,Emilio Gonzalo,Ticona,Chavez,M,2017-05-02,Primaria,4,J,Tarde,49,2537,Madre
1509,25288820,Gabriel Jhon,Ramos,Zavala,M,2017-10-18,Primaria,4,J,Tarde,49,1423,Padre
1510,57653361,Diana Camila,Cornejo,Quispe,F,2017-10-21,Primaria,4,J,Tarde,49,1738,Padre
1511,11615749,Martin Ricardo,Chavez,Rimac,M,2017-03-26,Primaria,4,J,Tarde,49,26,Padre
1512,12928045,Edgar Walter,Cabanillas,Castillo,M,2017-07-04,Primaria,4,J,Tarde,49,431,Padre
1513,34687330,Nayeli Pilar,Garcia,Nunez,F,2017-11-12,Primaria,4,J,Tarde,49,2352,Madre
1514,71958109,Dylan Gustavo,Espinoza,Fernandez,M,2017-06-01,Primaria,4,J,Tarde,49,206,Padre
1515,75451355,Alexis Edgar,Lazo,Farfan,M,2017-07-13,Primaria,4,J,Tarde,49,1182,Padre
1516,42098120,Emilio Walter,Ibarra,Ochoa,M,2017-12-02,Primaria,4,J,Tarde,49,2482,Padre
1517,69159228,Emilio Joaquin,Espinoza,Quispe,M,2017-05-19,Primaria,4,J,Tarde,49,1419,Padre
1518,78351570,Leonardo Edgar,Aguilar,Sanchez,M,2017-03-06,Primaria,4,J,Tarde,49,828,Padre
1519,51570706,Nayeli Grecia,Leon,Sanchez,F,2017-07-19,Primaria,4,J,Tarde,49,295,Padre
1520,68084850,Paula Camila,Yataco,Ortiz,F,2017-01-19,Primaria,4,J,Tarde,49,2134,Padre
1521,47713791,Renata Katherine,Romero,Ibarra,F,2017-02-23,Primaria,4,J,Tarde,49,174,Padre
1522,49912427,Daniela Alessandra,Delgado,Aguilar,F,2017-12-01,Primaria,4,J,Tarde,49,1967,Madre
1523,42087288,Adrian Samuel,Bautista,Campos,M,2017-10-23,Primaria,4,J,Tarde,49,1450,Madre
1524,60975384,Raul Alexander,Ibarra,Condori,M,2017-05-21,Primaria,4,J,Tarde,49,1051,Padre
1525,27853941,Camila Rafaella,Romero,Guzman,F,2017-11-16,Primaria,4,J,Tarde,49,2245,Padre
1526,57716491,Benjamin Wilson,Mamani,Farfan,M,2017-08-03,Primaria,4,K,Tarde,50,1844,Madre
1527,35774210,Sofia Maria,Delgado,Chavez,F,2017-06-15,Primaria,4,K,Tarde,50,1699,Padre
1528,21045469,Jose Gabriel,Cutipa,Gutierrez,M,2017-03-03,Primaria,4,K,Tarde,50,2769,Padre
1529,31109846,Hugo Wilson,Machaca,Cabanillas,M,2017-01-17,Primaria,4,K,Tarde,50,1939,Madre
1530,65646243,Patricia Vanessa,Vega,Zavala,F,2017-12-15,Primaria,4,K,Tarde,50,1371,Madre
1531,65563813,Carmen Ariana,Cabanillas,Lazo,F,2017-09-09,Primaria,4,K,Tarde,50,68,Padre
1532,45893488,Dylan Hugo,Ruiz,Palacios,M,2017-06-06,Primaria,4,K,Tarde,50,1263,Madre
1533,71380832,Luis Raul,Guzman,Fernandez,M,2017-05-14,Primaria,4,K,Tarde,50,1998,Padre
1534,25829465,Ana Diana,Gutierrez,Reyes,F,2017-10-13,Primaria,4,K,Tarde,50,3182,Madre
1535,23480973,Jhon Marco,Salvador,Torres,M,2017-02-22,Primaria,4,K,Tarde,50,1251,Padre
1536,41968396,Martin Alexis,Apaza,Campos,M,2017-04-06,Primaria,4,K,Tarde,50,675,Padre
1537,60902185,Fiorella Daniela,Carrillo,Machaca,F,2017-05-15,Primaria,4,K,Tarde,50,534,Madre
1538,69411832,Yolanda Luz,Vargas,Rojas,F,2017-06-14,Primaria,4,K,Tarde,50,1117,Madre
1539,14069152,Grecia Ariana,Nunez,Lazo,F,2017-08-19,Primaria,4,K,Tarde,50,105,Madre
1540,34503796,Patricia Antonella,Mendoza,Espinoza,F,2017-11-28,Primaria,4,K,Tarde,50,2752,Padre
1541,59945962,Sofia Mia,Paredes,Cornejo,F,2017-04-12,Primaria,4,K,Tarde,50,1120,Madre
1542,76795354,Walter Jhon,Machaca,Rojas,M,2017-01-22,Primaria,4,K,Tarde,50,2818,Padre
1543,35362394,Aaron Erick,Reyes,Reyes,M,2017-07-20,Primaria,4,K,Tarde,50,990,Padre
1544,50084222,Diego Mateo,Vargas,Cardenas,M,2017-06-11,Primaria,4,K,Tarde,50,2650,Padre
1545,60622220,Flor Xiomara,Huaman,Ccahuana,F,2017-01-15,Primaria,4,K,Tarde,50,600,Madre
1546,56149761,Flor Emily,Cutipa,Vargas,F,2017-02-13,Primaria,4,K,Tarde,50,324,Padre
1547,66170050,Yesenia Pilar,Cardenas,Alarcon,F,2017-05-19,Primaria,4,K,Tarde,50,2528,Padre
1548,42073648,Yesica Julia,Paredes,Choque,F,2017-08-07,Primaria,4,K,Tarde,50,2414,Madre
1549,69838005,Anthony Franco,Yupanqui,Torres,M,2017-04-29,Primaria,4,K,Tarde,50,1725,Padre
1550,47454175,Yesica Ariana,Garcia,Ochoa,F,2017-03-03,Primaria,4,K,Tarde,50,574,Madre
1551,67871981,Diego Bryan,Cabrera,Ticona,M,2017-02-04,Primaria,4,K,Tarde,50,2796,Padre
1552,64026725,Valentina Xiomara,Mamani,Rojas,F,2017-06-16,Primaria,4,K,Tarde,50,1516,Padre
1553,69102054,Gabriela Rosa,Ortiz,Marin,F,2017-07-08,Primaria,4,K,Tarde,50,1399,Padre
1554,11605894,Gustavo Pedro,Machaca,Garcia,M,2017-01-21,Primaria,4,K,Tarde,50,1038,Padre
1555,14166170,Ian Elmer,Zavala,Bravo,M,2017-09-25,Primaria,4,K,Tarde,50,3143,Madre
1556,64088570,Gabriel Manuel,Alvarez,Garcia,M,2017-05-22,Primaria,4,K,Tarde,50,3071,Madre
1557,39153366,Raul Ian,Ccahuana,Herrera,M,2017-09-27,Primaria,4,L,Tarde,51,2022,Madre
1558,10387169,Ximena Lucia,Sanchez,Cornejo,F,2017-04-23,Primaria,4,L,Tarde,51,3114,Padre
1559,34931772,Paula Gabriela,Reyes,Paredes,F,2017-07-18,Primaria,4,L,Tarde,51,800,Madre
1560,48320007,Piero Andres,Garcia,Bautista,M,2017-09-29,Primaria,4,L,Tarde,51,2119,Padre
1561,64868479,Mia Luz,Vargas,Farfan,F,2017-09-16,Primaria,4,L,Tarde,51,1253,Padre
1562,64908755,Thiago Erick,Flores,Ortiz,M,2017-05-02,Primaria,4,L,Tarde,51,2372,Padre
1563,21845388,Brenda Jhoana,Huaman,Reyes,F,2017-02-23,Primaria,4,L,Tarde,51,1077,Madre
1564,68165465,Fernando Aaron,Mamani,Espinoza,M,2017-07-14,Primaria,4,L,Tarde,51,1130,Padre
1565,71608970,Ana Rafaella,Ccahuana,Reyes,F,2017-01-03,Primaria,4,L,Tarde,51,2110,Madre
1566,36257827,Julia Ximena,Farfan,Paredes,F,2017-03-31,Primaria,4,L,Tarde,51,3149,Madre
1567,20099380,Juan Fernando,Alvarez,Vargas,M,2017-06-25,Primaria,4,L,Tarde,51,1840,Madre
1568,72554956,Alexandra Valentina,Rimac,Vilca,F,2017-04-14,Primaria,4,L,Tarde,51,1312,Madre
1569,71093309,Angel Alberto,Vilca,Silva,M,2017-03-17,Primaria,4,L,Tarde,51,1162,Padre
1570,18514030,Oscar Leonardo,Ortiz,Bravo,M,2017-03-29,Primaria,4,L,Tarde,51,2709,Padre
1571,66466885,Wilson Cristian,Alvarez,Villanueva,M,2017-07-12,Primaria,4,L,Tarde,51,1557,Madre
1572,78662819,Valentina Camila,Salvador,Yupanqui,F,2017-02-13,Primaria,4,L,Tarde,51,2631,Padre
1573,12272606,Martin Diego,Choque,Guzman,M,2017-12-23,Primaria,4,L,Tarde,51,2672,Madre
1574,76934088,Vanessa Susan,Mamani,Chavez,F,2017-06-28,Primaria,4,L,Tarde,51,3142,Padre
1575,48748277,Luz Danna,Pacheco,Espinoza,F,2017-03-29,Primaria,4,L,Tarde,51,2087,Madre
1576,37066891,Martin Renzo,Ruiz,Aquino,M,2017-01-02,Primaria,4,L,Tarde,51,2080,Madre
1577,66787788,Pedro Edgar,Apaza,Ccahuana,M,2017-08-02,Primaria,4,L,Tarde,51,1950,Madre
1578,32087983,Alessandra Abigail,Aguilar,Choque,F,2017-10-30,Primaria,4,L,Tarde,51,307,Madre
1579,50717180,Edgar Luis,Espinoza,Yupanqui,M,2017-08-28,Primaria,4,L,Tarde,51,1193,Padre
1580,52395578,Carmen Milagros,Mamani,Romero,F,2017-01-07,Primaria,4,L,Tarde,51,2785,Padre
1581,41406655,Valentina Diana,Huaraca,Cornejo,F,2017-04-25,Primaria,4,L,Tarde,51,3147,Madre
1582,65498881,Jhoana Carmen,Vega,Ticona,F,2017-06-28,Primaria,4,L,Tarde,51,2180,Padre
1583,52858718,Valentina Daniela,Yupanqui,Flores,F,2017-08-03,Primaria,4,L,Tarde,51,196,Padre
1584,73535887,Patricia Antonella,Rojas,Paredes,F,2017-09-14,Primaria,4,L,Tarde,51,2938,Madre
1585,69057737,Manuel Gabriel,Bautista,Rodriguez,M,2017-10-05,Primaria,4,L,Tarde,51,2436,Madre
1586,27110675,Samuel Piero,Carrillo,Pacheco,M,2017-05-21,Primaria,4,L,Tarde,51,147,Padre
1587,72627677,Patricia Katty,Aquino,Vega,F,2017-02-07,Primaria,4,L,Tarde,51,2496,Padre
1588,30591339,Gonzalo Diego,Mendoza,Cornejo,M,2017-09-25,Primaria,4,L,Tarde,51,1419,Padre
1589,76210707,Ricardo Kevin,Ortiz,Herrera,M,2017-03-08,Primaria,4,L,Tarde,51,1562,Madre
1590,60093810,Gonzalo Dylan,Sanchez,Bautista,M,2017-05-02,Primaria,4,L,Tarde,51,674,Madre
1591,55157339,Abigail Rosa,Romero,Apaza,F,2017-04-11,Primaria,4,M,Tarde,52,2912,Madre
1592,12068971,Victor Elmer,Ibarra,Paucar,M,2017-05-27,Primaria,4,M,Tarde,52,3066,Madre
1593,61824994,Susan Julia,Castillo,Salvador,F,2017-04-02,Primaria,4,M,Tarde,52,2532,Madre
1594,10521639,Benjamin Adrian,Mendoza,Ortiz,M,2017-03-22,Primaria,4,M,Tarde,52,985,Madre
1595,26844833,Flor Ana,Ruiz,Delgado,F,2017-03-08,Primaria,4,M,Tarde,52,2586,Madre
1596,26403404,Antonella Zoe,Condori,Cabanillas,F,2017-03-01,Primaria,4,M,Tarde,52,681,Madre
1597,70985880,Oscar Victor,Vilca,Marin,M,2017-08-17,Primaria,4,M,Tarde,52,2015,Padre
1598,64109801,Grecia Abigail,Huaraca,Cornejo,F,2017-12-30,Primaria,4,M,Tarde,52,2658,Padre
1599,59202416,Paula Grecia,Paredes,Leon,F,2017-08-08,Primaria,4,M,Tarde,52,698,Padre
1600,23106366,Valentina Susan,Cabrera,Huaraca,F,2017-11-01,Primaria,4,M,Tarde,52,2558,Padre
1601,49334944,Alexis Miguel,Espinoza,Fernandez,M,2017-03-09,Primaria,4,M,Tarde,52,2854,Padre
1602,41800929,Maria Katherine,Mendoza,Aquino,F,2017-11-24,Primaria,4,M,Tarde,52,1817,Padre
1603,47895451,Pedro Thiago,Quispe,Garcia,M,2017-01-20,Primaria,4,M,Tarde,52,2014,Madre
1604,72181690,Samuel Anthony,Ochoa,Huaraca,M,2017-10-01,Primaria,4,M,Tarde,52,788,Padre
1605,74003847,Valentina Ariana,Ruiz,Gutierrez,F,2017-09-01,Primaria,4,M,Tarde,52,40,Madre
1606,63545658,Miguel Bryan,Sanchez,Cruz,M,2017-05-24,Primaria,4,M,Tarde,52,1321,Madre
1607,31417746,Karen Jhoana,Mamani,Aquino,F,2017-04-12,Primaria,4,M,Tarde,52,2256,Padre
1608,42077681,Diana Rafaella,Nunez,Choque,F,2017-10-03,Primaria,4,M,Tarde,52,77,Padre
1609,66906117,Ximena Estefany,Villanueva,Guzman,F,2017-07-01,Primaria,4,M,Tarde,52,2625,Madre
1610,51451762,Wilson Renzo,Ibarra,Rojas,M,2017-09-06,Primaria,4,M,Tarde,52,848,Madre
1611,27283653,Bryan Franco,Farfan,Flores,M,2017-07-30,Primaria,4,M,Tarde,52,2857,Padre
1612,45202149,Edgar Mateo,Rojas,Choque,M,2017-01-25,Primaria,4,M,Tarde,52,222,Padre
1613,11104328,Maria Luz,Nunez,Medina,F,2017-12-26,Primaria,4,M,Tarde,52,159,Madre
1614,78931289,Samuel Fernando,Rodriguez,Vilca,M,2017-01-16,Primaria,4,M,Tarde,52,2266,Padre
1615,72712008,Yesenia Gabriela,Huaman,Ochoa,F,2017-12-21,Primaria,4,M,Tarde,52,1728,Madre
1616,60168569,Dulce Julia,Lazo,Pacheco,F,2017-04-16,Primaria,4,M,Tarde,52,2321,Madre
1617,77849993,Isabel Karen,Cardenas,Cornejo,F,2017-01-12,Primaria,4,M,Tarde,52,1230,Padre
1618,52088496,Marco Renzo,Ibarra,Carrillo,M,2017-07-18,Primaria,4,M,Tarde,52,2623,Madre
1619,29687460,Estefany Pilar,Diaz,Guzman,F,2017-02-14,Primaria,4,M,Tarde,52,36,Madre
1620,70259212,Patricia Julia,Campos,Palacios,F,2017-01-07,Primaria,4,M,Tarde,52,1703,Padre
1621,37665175,Ana Jhoana,Guzman,Vega,F,2017-08-03,Primaria,4,M,Tarde,52,561,Padre
1622,75663259,Luis Alberto,Apaza,Paredes,M,2017-01-22,Primaria,4,M,Tarde,52,977,Padre
1623,32377836,Nayeli Abigail,Gutierrez,Fernandez,F,2017-07-01,Primaria,4,M,Tarde,52,805,Madre
1624,29386323,Carlos Piero,Guzman,Espinoza,M,2016-05-15,Primaria,5,A,Mañana,53,977,Padre
1625,57578942,Jose Andres,Pacheco,Cabrera,M,2016-09-19,Primaria,5,A,Mañana,53,1970,Madre
1626,61101790,Carmen Grecia,Mamani,Gutierrez,F,2016-08-27,Primaria,5,A,Mañana,53,1375,Madre
1627,63599586,Renzo Fernando,Reyes,Huaraca,M,2016-10-31,Primaria,5,A,Mañana,53,176,Madre
1628,65767343,Elena Grecia,Ibarra,Alarcon,F,2016-11-28,Primaria,5,A,Mañana,53,919,Madre
1629,37682739,Luis Gonzalo,Nunez,Torres,M,2016-04-13,Primaria,5,A,Mañana,53,202,Madre
1630,75005790,Fernando Gustavo,Marin,Ibarra,M,2016-05-03,Primaria,5,A,Mañana,53,2926,Madre
1631,22100420,Rodrigo Wilson,Paucar,Campos,M,2016-01-03,Primaria,5,A,Mañana,53,1535,Madre
1632,52533516,Julio Aaron,Vargas,Cabrera,M,2016-06-28,Primaria,5,A,Mañana,53,20,Padre
1633,56402671,Thiago Benjamin,Cabanillas,Romero,M,2016-12-07,Primaria,5,A,Mañana,53,2807,Madre
1634,61182400,Luis Pedro,Garcia,Cardenas,M,2016-05-21,Primaria,5,A,Mañana,53,2902,Madre
1635,44658029,Dylan Mateo,Cutipa,Huaraca,M,2016-11-10,Primaria,5,A,Mañana,53,3007,Madre
1636,26574718,Gabriel Luis,Vilca,Torres,M,2016-01-10,Primaria,5,A,Mañana,53,877,Padre
1637,59289429,Fernando Pedro,Apaza,Huaraca,M,2016-03-12,Primaria,5,A,Mañana,53,2835,Padre
1638,68675462,Ariana Abigail,Bravo,Espinoza,F,2016-01-15,Primaria,5,A,Mañana,53,1945,Madre
1639,69446425,Ruth Flor,Quispe,Rodriguez,F,2016-03-05,Primaria,5,A,Mañana,53,151,Madre
1640,75318680,Diana Flor,Ortiz,Machaca,F,2016-02-23,Primaria,5,A,Mañana,53,3073,Madre
1641,79740493,Juan Bryan,Ibarra,Yupanqui,M,2016-01-13,Primaria,5,A,Mañana,53,3005,Padre
1642,65048549,Milagros Fiorella,Rivera,Pacheco,F,2016-04-02,Primaria,5,A,Mañana,53,3018,Madre
1643,78688146,Flor Kiara,Marin,Rimac,F,2016-09-27,Primaria,5,A,Mañana,53,2815,Padre
1644,26618760,Camila Susan,Silva,Ccahuana,F,2016-01-03,Primaria,5,A,Mañana,53,1750,Padre
1645,65777496,Anthony Bryan,Gutierrez,Guzman,M,2016-03-11,Primaria,5,A,Mañana,53,1641,Padre
1646,78222444,Leonardo Dylan,Alvarez,Mamani,M,2016-11-04,Primaria,5,B,Mañana,54,2946,Padre
1647,73438263,Yamil Juan,Lazo,Nunez,M,2016-12-02,Primaria,5,B,Mañana,54,360,Madre
1648,45679943,Anthony Gabriel,Alvarez,Lazo,M,2016-05-11,Primaria,5,B,Mañana,54,2224,Madre
1649,10236037,Walter Alberto,Carrillo,Lazo,M,2016-10-20,Primaria,5,B,Mañana,54,3067,Madre
1650,46236597,Sofia Renata,Farfan,Cornejo,F,2016-02-07,Primaria,5,B,Mañana,54,1868,Madre
1651,77001203,Andres Jose,Cornejo,Bautista,M,2016-01-22,Primaria,5,B,Mañana,54,1360,Madre
1652,42907930,Pedro Joaquin,Cardenas,Ruiz,M,2016-04-07,Primaria,5,B,Mañana,54,3200,Padre
1653,39466217,Zoe Dulce,Machaca,Vilca,F,2016-06-09,Primaria,5,B,Mañana,54,658,Padre
1654,20428534,Gabriela Ana,Nunez,Torres,F,2016-10-01,Primaria,5,B,Mañana,54,3010,Padre
1655,51444763,Alexis Gonzalo,Gutierrez,Mendoza,M,2016-07-26,Primaria,5,B,Mañana,54,1557,Madre
1656,72603977,Alexander Walter,Paredes,Carrillo,M,2016-05-20,Primaria,5,B,Mañana,54,418,Padre
1657,38422366,Julia Gabriela,Vega,Palacios,F,2016-06-24,Primaria,5,B,Mañana,54,2962,Padre
1658,22023467,Oscar Jhoel,Carrillo,Garcia,M,2016-09-17,Primaria,5,B,Mañana,54,1209,Padre
1659,38827222,Elena Rafaella,Ramos,Herrera,F,2016-06-29,Primaria,5,B,Mañana,54,1323,Madre
1660,56529287,Alexander Kevin,Apaza,Nunez,M,2016-01-11,Primaria,5,B,Mañana,54,756,Padre
1661,47463629,Marco Juan,Condori,Ramos,M,2016-01-16,Primaria,5,B,Mañana,54,113,Padre
1662,53304019,Andres Alexis,Alarcon,Rimac,M,2016-06-28,Primaria,5,B,Mañana,54,2756,Padre
1663,72368645,Flor Daniela,Zavala,Alarcon,F,2016-04-28,Primaria,5,B,Mañana,54,1866,Padre
1664,21006430,Isabel Kiara,Espinoza,Chavez,F,2016-06-04,Primaria,5,B,Mañana,54,2042,Madre
1665,54188346,Carlos Wilson,Aquino,Cabrera,M,2016-06-11,Primaria,5,B,Mañana,54,2449,Madre
1666,62469256,Nayeli Yesica,Nunez,Condori,F,2016-06-07,Primaria,5,B,Mañana,54,2428,Padre
1667,78588221,Nayeli Paula,Rimac,Rivera,F,2016-07-16,Primaria,5,B,Mañana,54,583,Madre
1668,64459235,Ximena Paula,Silva,Aguilar,F,2016-04-08,Primaria,5,B,Mañana,54,1250,Madre
1669,67837782,Vanessa Ariana,Salazar,Choque,F,2016-12-04,Primaria,5,B,Mañana,54,250,Madre
1670,49742105,Cristian Leonardo,Cabrera,Nunez,M,2016-11-22,Primaria,5,B,Mañana,54,1129,Padre
1671,16264075,Mateo Thiago,Aquino,Carrillo,M,2016-12-01,Primaria,5,B,Mañana,54,2950,Padre
1672,49958601,Yesenia Katherine,Torres,Quispe,F,2016-08-06,Primaria,5,B,Mañana,54,2881,Padre
1673,43838254,Mia Valentina,Fernandez,Salvador,F,2016-07-31,Primaria,5,B,Mañana,54,3184,Madre
1674,78147664,Rosa Karen,Herrera,Rivera,F,2016-09-23,Primaria,5,B,Mañana,54,607,Padre
1675,65379890,Walter Cristian,Huaraca,Chavez,M,2016-09-19,Primaria,5,B,Mañana,54,969,Padre
1676,68343883,Vanessa Maria,Cabanillas,Ochoa,F,2016-04-26,Primaria,5,B,Mañana,54,2799,Padre
1677,54238422,Bryan Aaron,Paredes,Cornejo,M,2016-05-20,Primaria,5,B,Mañana,54,1018,Padre
1678,45730233,Fiorella Karen,Soto,Aguilar,F,2016-07-08,Primaria,5,C,Mañana,55,2221,Padre
1679,79535007,Anthony Edgar,Huaraca,Cabrera,M,2016-01-11,Primaria,5,C,Mañana,55,2019,Padre
1680,71265099,Oscar Benjamin,Cabanillas,Alarcon,M,2016-04-26,Primaria,5,C,Mañana,55,2570,Padre
1681,27730640,Jorge Martin,Marin,Salazar,M,2016-02-20,Primaria,5,C,Mañana,55,1767,Padre
1682,17929371,Yesenia Antonella,Fernandez,Diaz,F,2016-06-15,Primaria,5,C,Mañana,55,1110,Padre
1683,70699986,Victor Juan,Campos,Paredes,M,2016-03-20,Primaria,5,C,Mañana,55,1072,Padre
1684,60278297,Flor Emily,Rodriguez,Guzman,F,2016-03-22,Primaria,5,C,Mañana,55,2072,Padre
1685,66748527,Ivan Jose,Carrillo,Ticona,M,2016-04-29,Primaria,5,C,Mañana,55,1505,Madre
1686,22953388,Fabricio Andres,Espinoza,Alarcon,M,2016-07-24,Primaria,5,C,Mañana,55,716,Madre
1687,42116870,Brenda Diana,Machaca,Flores,F,2016-01-02,Primaria,5,C,Mañana,55,1872,Madre
1688,54252026,Thiago Oscar,Cabanillas,Vilca,M,2016-04-30,Primaria,5,C,Mañana,55,26,Padre
1689,18687066,Sofia Rosa,Bautista,Lazo,F,2016-04-07,Primaria,5,C,Mañana,55,346,Madre
1690,37541456,Diana Dulce,Cruz,Soto,F,2016-03-22,Primaria,5,C,Mañana,55,854,Padre
1691,73168388,Erick Yamil,Pacheco,Vargas,M,2016-07-14,Primaria,5,C,Mañana,55,1034,Padre
1692,29543876,Pilar Karen,Castillo,Leon,F,2016-10-28,Primaria,5,C,Mañana,55,893,Madre
1693,38027644,Ivan Raul,Soto,Lazo,M,2016-05-29,Primaria,5,C,Mañana,55,489,Padre
1694,46499695,Lucia Nicole,Ticona,Diaz,F,2016-10-23,Primaria,5,C,Mañana,55,2468,Padre
1695,57518455,Samuel Piero,Ccahuana,Fernandez,M,2016-05-31,Primaria,5,C,Mañana,55,730,Madre
1696,60605274,Zoe Ariana,Palacios,Ibarra,F,2016-04-27,Primaria,5,C,Mañana,55,296,Padre
1697,21623388,Leonardo Benjamin,Vargas,Vargas,M,2016-01-16,Primaria,5,C,Mañana,55,2402,Madre
1698,29183593,Julia Zoe,Delgado,Bautista,F,2016-06-04,Primaria,5,C,Mañana,55,3184,Madre
1699,18212609,Angel Fabricio,Espinoza,Cornejo,M,2016-07-31,Primaria,5,C,Mañana,55,461,Madre
1700,68401660,Patricia Maria,Aquino,Huaraca,F,2016-11-18,Primaria,5,C,Mañana,55,214,Madre
1701,35759030,Adrian Hugo,Vega,Ruiz,M,2016-05-20,Primaria,5,C,Mañana,55,1149,Padre
1702,48546266,Fabricio Benjamin,Ticona,Campos,M,2016-03-14,Primaria,5,C,Mañana,55,1854,Madre
1703,61321233,Karen Gabriela,Marin,Cutipa,F,2016-06-01,Primaria,5,C,Mañana,55,2546,Padre
1704,21953763,Isabel Gabriela,Cabrera,Rojas,F,2016-01-12,Primaria,5,C,Mañana,55,3176,Madre
1705,12249282,Renzo Cristian,Medina,Flores,M,2016-06-15,Primaria,5,C,Mañana,55,1443,Padre
1706,35926101,Melissa Rosa,Gutierrez,Rimac,F,2016-08-08,Primaria,5,C,Mañana,55,164,Padre
1707,41154753,Ariana Abigail,Salazar,Herrera,F,2016-10-30,Primaria,5,C,Mañana,55,866,Madre
1708,30609893,Flor Luana,Villanueva,Cabrera,F,2016-12-09,Primaria,5,C,Mañana,55,790,Madre
1709,65463012,Teresa Yolanda,Soto,Castillo,F,2016-03-07,Primaria,5,C,Mañana,55,1662,Madre
1710,35060257,Benjamin Cristian,Zavala,Chavez,M,2016-08-08,Primaria,5,C,Mañana,55,2558,Padre
1711,75797824,Manuel Mateo,Silva,Cruz,M,2016-05-02,Primaria,5,C,Mañana,55,2871,Padre
1712,25800712,Abigail Luz,Marin,Villanueva,F,2016-01-30,Primaria,5,C,Mañana,55,1018,Padre
1713,59076797,Joaquin Fabricio,Leon,Ruiz,M,2016-08-19,Primaria,5,C,Mañana,55,1955,Padre
1714,79082677,Yamil Carlos,Garcia,Yupanqui,M,2016-09-11,Primaria,5,C,Mañana,55,963,Madre
1715,70189560,Kevin Bryan,Bautista,Gutierrez,M,2016-02-03,Primaria,5,C,Mañana,55,1580,Madre
1716,13481394,Rodrigo Jhoel,Gutierrez,Rivera,M,2016-07-09,Primaria,5,D,Mañana,56,2205,Madre
1717,28722441,Gonzalo Aaron,Huaraca,Aguilar,M,2016-10-07,Primaria,5,D,Mañana,56,127,Padre
1718,70371967,Katherine Pilar,Mendoza,Rodriguez,F,2016-11-27,Primaria,5,D,Mañana,56,1643,Madre
1719,21047697,Pilar Susan,Espinoza,Rodriguez,F,2016-05-29,Primaria,5,D,Mañana,56,984,Padre
1720,23973082,Valentina Brenda,Flores,Yupanqui,F,2016-03-30,Primaria,5,D,Mañana,56,3003,Padre
1721,13682128,Yamil Elmer,Carrillo,Sanchez,M,2016-08-14,Primaria,5,D,Mañana,56,2370,Madre
1722,60180379,Raul Jose,Huaraca,Pacheco,M,2016-05-18,Primaria,5,D,Mañana,56,423,Madre
1723,51150368,Fernando Bryan,Ochoa,Medina,M,2016-10-03,Primaria,5,D,Mañana,56,798,Madre
1724,63550923,Elena Antonella,Ticona,Ccahuana,F,2016-06-23,Primaria,5,D,Mañana,56,2371,Padre
1725,47527704,Marco Samuel,Gutierrez,Garcia,M,2016-06-19,Primaria,5,D,Mañana,56,3091,Madre
1726,69350679,Emily Julia,Aquino,Reyes,F,2016-03-25,Primaria,5,D,Mañana,56,1064,Madre
1727,62209502,Patricia Danna,Zavala,Castillo,F,2016-03-26,Primaria,5,D,Mañana,56,2526,Padre
1728,51315285,Hugo Bryan,Salazar,Nunez,M,2016-12-18,Primaria,5,D,Mañana,56,2868,Madre
1729,73350678,Gabriela Luana,Vasquez,Machaca,F,2016-04-29,Primaria,5,D,Mañana,56,1981,Padre
1730,26499383,Carmen Emily,Zavala,Ccahuana,F,2016-01-09,Primaria,5,D,Mañana,56,2645,Padre
1731,44641621,Andres Alexander,Huaman,Espinoza,M,2016-05-16,Primaria,5,D,Mañana,56,492,Madre
1732,18081159,Dulce Rosa,Nunez,Cruz,F,2016-01-13,Primaria,5,D,Mañana,56,1992,Padre
1733,33393493,Rodrigo Jhon,Cruz,Zavala,M,2016-08-05,Primaria,5,D,Mañana,56,375,Padre
1734,62657396,Brenda Isabel,Zavala,Medina,F,2016-06-09,Primaria,5,D,Mañana,56,1036,Madre
1735,50570704,Ashley Mia,Lazo,Torres,F,2016-03-22,Primaria,5,D,Mañana,56,3041,Padre
1736,64031598,Gabriela Antonella,Espinoza,Ramos,F,2016-03-01,Primaria,5,D,Mañana,56,2577,Madre
1737,15967731,Ian Piero,Zavala,Mendoza,M,2016-08-10,Primaria,5,D,Mañana,56,217,Madre
1738,32974998,Elmer Marco,Aguilar,Sanchez,M,2016-12-27,Primaria,5,D,Mañana,56,1347,Madre
1739,57787086,Melissa Katty,Soto,Medina,F,2016-06-13,Primaria,5,D,Mañana,56,421,Padre
1740,28138365,Jorge Emilio,Chavez,Ochoa,M,2016-03-21,Primaria,5,D,Mañana,56,497,Padre
1741,60523451,Aaron Pedro,Fernandez,Bravo,M,2016-05-02,Primaria,5,D,Mañana,56,1429,Madre
1742,29562281,Valentina Melissa,Cabanillas,Rimac,F,2016-07-21,Primaria,5,D,Mañana,56,1939,Madre
1743,21881592,Alexis Alberto,Carrillo,Ruiz,M,2016-05-16,Primaria,5,D,Mañana,56,705,Madre
1744,46189364,Aaron Yamil,Espinoza,Delgado,M,2016-04-04,Primaria,5,D,Mañana,56,199,Madre
1745,47990641,Katty Karen,Condori,Carrillo,F,2016-02-09,Primaria,5,D,Mañana,56,2367,Madre
1746,17685194,Raul Edgar,Cruz,Quispe,M,2016-04-10,Primaria,5,D,Mañana,56,2046,Madre
1747,28980174,Flor Emily,Delgado,Huaraca,F,2016-06-29,Primaria,5,D,Mañana,56,145,Padre
1748,56674819,Abigail Estefany,Vilca,Zavala,F,2016-10-19,Primaria,5,D,Mañana,56,2797,Madre
1749,38221653,Melissa Elena,Mamani,Villanueva,F,2016-03-14,Primaria,5,D,Mañana,56,1810,Padre
1750,56964936,Gustavo Manuel,Aguilar,Nunez,M,2016-12-05,Primaria,5,D,Mañana,56,2709,Padre
1751,32686313,Elmer Luis,Cabanillas,Yupanqui,M,2016-09-23,Primaria,5,D,Mañana,56,2248,Padre
1752,16919142,Isabel Alexandra,Palacios,Huaman,F,2016-01-15,Primaria,5,D,Mañana,56,1884,Madre
1753,79004434,Ashley Ana,Huaman,Medina,F,2016-03-05,Primaria,5,E,Mañana,57,1465,Padre
1754,40005031,Dulce Rafaella,Ibarra,Reyes,F,2016-10-26,Primaria,5,E,Mañana,57,282,Madre
1755,25272061,Marco Erick,Romero,Palacios,M,2016-09-18,Primaria,5,E,Mañana,57,3119,Padre
1756,41711581,Wilson Fernando,Lazo,Romero,M,2016-01-15,Primaria,5,E,Mañana,57,2725,Padre
1757,72303521,Xiomara Luana,Bautista,Salazar,F,2016-07-31,Primaria,5,E,Mañana,57,319,Padre
1758,67892444,Juan Samuel,Rodriguez,Cutipa,M,2016-04-04,Primaria,5,E,Mañana,57,3084,Madre
1759,25192179,Yolanda Estefany,Carrillo,Salazar,F,2016-05-22,Primaria,5,E,Mañana,57,520,Madre
1760,16122794,Gonzalo Yamil,Campos,Flores,M,2016-12-16,Primaria,5,E,Mañana,57,2826,Padre
1761,55385869,Jose Jorge,Rojas,Carrillo,M,2016-05-26,Primaria,5,E,Mañana,57,761,Madre
1762,19708048,Gabriel Cristian,Cabanillas,Silva,M,2016-06-03,Primaria,5,E,Mañana,57,750,Padre
1763,20044991,Daniela Julia,Alvarez,Medina,F,2016-04-21,Primaria,5,E,Mañana,57,3121,Madre
1764,58257396,Julio Alexander,Paucar,Ibarra,M,2016-07-21,Primaria,5,E,Mañana,57,932,Madre
1765,23798925,Alberto Ricardo,Guzman,Ccahuana,M,2016-09-05,Primaria,5,E,Mañana,57,1415,Madre
1766,22854875,Carlos Andres,Rojas,Alarcon,M,2016-08-15,Primaria,5,E,Mañana,57,1414,Madre
1767,65600274,Alexandra Teresa,Condori,Cornejo,F,2016-06-25,Primaria,5,E,Mañana,57,1704,Padre
1768,13334049,Sofia Fiorella,Medina,Salvador,F,2016-05-18,Primaria,5,E,Mañana,57,1756,Padre
1769,47206712,Yesenia Nayeli,Ortiz,Cardenas,F,2016-12-21,Primaria,5,E,Mañana,57,1775,Madre
1770,43529255,Susan Ruth,Alvarez,Rojas,F,2016-05-23,Primaria,5,E,Mañana,57,859,Madre
1771,79071308,Yamil Edgar,Palacios,Garcia,M,2016-10-06,Primaria,5,E,Mañana,57,3158,Madre
1772,16933276,Miguel Edgar,Aguilar,Fernandez,M,2016-11-11,Primaria,5,E,Mañana,57,1937,Madre
1773,48986703,Joaquin Aaron,Castillo,Bautista,M,2016-05-02,Primaria,5,E,Mañana,57,2008,Padre
1774,55425756,Jhon Yamil,Apaza,Machaca,M,2016-03-29,Primaria,5,E,Mañana,57,2231,Madre
1775,76729684,Pilar Luana,Cutipa,Yataco,F,2016-09-08,Primaria,5,E,Mañana,57,1968,Madre
1776,16822007,Abigail Yesenia,Lazo,Condori,F,2016-09-29,Primaria,5,E,Mañana,57,235,Madre
1777,18904848,Daniela Brenda,Gonzales,Espinoza,F,2016-11-14,Primaria,5,E,Mañana,57,704,Padre
1778,46048564,Paula Rosa,Choque,Gonzales,F,2016-09-18,Primaria,5,E,Mañana,57,442,Madre
1779,65031533,Cristian Miguel,Vega,Huaraca,M,2016-04-06,Primaria,5,E,Mañana,57,89,Madre
1780,30810915,Gabriela Nayeli,Paredes,Vega,F,2016-08-26,Primaria,5,E,Mañana,57,2656,Padre
1781,16714824,Alberto Oscar,Herrera,Reyes,M,2016-03-07,Primaria,5,E,Mañana,57,699,Madre
1782,79858830,Abigail Ruth,Mendoza,Rojas,F,2016-02-06,Primaria,5,E,Mañana,57,947,Padre
1783,42397734,Pedro Victor,Ticona,Ibarra,M,2016-08-06,Primaria,5,E,Mañana,57,696,Padre
1784,53724792,Elmer Benjamin,Torres,Paucar,M,2016-09-01,Primaria,5,E,Mañana,57,3072,Padre
1785,57989849,Abigail Luana,Espinoza,Silva,F,2016-08-09,Primaria,5,E,Mañana,57,1403,Padre
1786,15036988,Renata Ana,Garcia,Alvarez,F,2016-10-09,Primaria,5,E,Mañana,57,2861,Madre
1787,50642212,Katherine Ximena,Sanchez,Villanueva,F,2016-07-06,Primaria,5,E,Mañana,57,1377,Madre
1788,16804537,Julia Alessandra,Marin,Bautista,F,2016-08-25,Primaria,5,F,Mañana,58,1319,Madre
1789,20289258,Alessandra Valentina,Garcia,Palacios,F,2016-01-25,Primaria,5,F,Mañana,58,2186,Padre
1790,76408260,Katherine Elena,Yataco,Ramos,F,2016-03-29,Primaria,5,F,Mañana,58,1711,Padre
1791,24844078,Yesenia Dulce,Ortiz,Delgado,F,2016-02-05,Primaria,5,F,Mañana,58,400,Madre
1792,40094611,Diana Xiomara,Vega,Farfan,F,2016-03-14,Primaria,5,F,Mañana,58,1761,Padre
1793,16773839,Ian Bryan,Carrillo,Chavez,M,2016-10-05,Primaria,5,F,Mañana,58,1164,Madre
1794,57563967,Fernando Jhon,Aguilar,Rodriguez,M,2016-01-16,Primaria,5,F,Mañana,58,2107,Padre
1795,56618845,Pedro Anthony,Palacios,Gutierrez,M,2016-10-22,Primaria,5,F,Mañana,58,263,Padre
1796,42525708,Pedro Walter,Castillo,Romero,M,2016-10-12,Primaria,5,F,Mañana,58,2693,Padre
1797,52696690,Emily Paula,Sanchez,Espinoza,F,2016-01-12,Primaria,5,F,Mañana,58,2078,Madre
1798,24163795,Anthony Renzo,Chavez,Castillo,M,2016-04-03,Primaria,5,F,Mañana,58,1574,Padre
1799,69824280,Pedro Marco,Vasquez,Lazo,M,2016-12-25,Primaria,5,F,Mañana,58,559,Padre
1800,68472766,Estefany Fiorella,Marin,Lazo,F,2016-06-23,Primaria,5,F,Mañana,58,414,Padre
1801,75196237,Raul Alberto,Alarcon,Pacheco,M,2016-04-05,Primaria,5,F,Mañana,58,652,Madre
1802,19047520,Fiorella Ruth,Delgado,Bravo,F,2016-07-16,Primaria,5,F,Mañana,58,3090,Madre
1803,19371991,Katty Renata,Rojas,Quispe,F,2016-08-17,Primaria,5,F,Mañana,58,230,Madre
1804,59826256,Luz Danna,Gutierrez,Farfan,F,2016-03-09,Primaria,5,F,Mañana,58,2796,Padre
1805,15940017,Yesenia Dulce,Cutipa,Diaz,F,2016-07-07,Primaria,5,F,Mañana,58,181,Madre
1806,29235978,Jose Martin,Romero,Cabanillas,M,2016-01-20,Primaria,5,F,Mañana,58,2852,Padre
1807,59151983,Danna Mia,Rimac,Cabrera,F,2016-08-09,Primaria,5,F,Mañana,58,827,Madre
1808,50181319,Estefany Sofia,Cutipa,Cabanillas,F,2016-03-30,Primaria,5,F,Mañana,58,34,Madre
1809,28003943,Ricardo Franco,Reyes,Farfan,M,2016-05-11,Primaria,5,F,Mañana,58,1196,Madre
1810,56349105,Yesica Ashley,Huaraca,Farfan,F,2016-01-04,Primaria,5,F,Mañana,58,1574,Padre
1811,64141214,Gonzalo Samuel,Flores,Aquino,M,2016-11-17,Primaria,5,G,Tarde,59,693,Madre
1812,32531484,Ana Yesenia,Diaz,Ccahuana,F,2016-12-28,Primaria,5,G,Tarde,59,3152,Padre
1813,63578360,Angel Adrian,Cabanillas,Yataco,M,2016-11-08,Primaria,5,G,Tarde,59,952,Padre
1814,23091624,Aaron Cesar,Villanueva,Cutipa,M,2016-08-02,Primaria,5,G,Tarde,59,980,Padre
1815,70234909,Yolanda Yesica,Ccahuana,Campos,F,2016-03-19,Primaria,5,G,Tarde,59,1777,Padre
1816,79433268,Rafaella Elena,Aquino,Zavala,F,2016-08-23,Primaria,5,G,Tarde,59,1670,Padre
1817,65945798,Gabriela Nicole,Soto,Cutipa,F,2016-02-07,Primaria,5,G,Tarde,59,669,Madre
1818,46308357,Dulce Ariana,Vargas,Rojas,F,2016-03-30,Primaria,5,G,Tarde,59,1705,Madre
1819,49616080,Andres Sebastian,Espinoza,Salvador,M,2016-05-22,Primaria,5,G,Tarde,59,1405,Padre
1820,37292272,Martin Marco,Torres,Zavala,M,2016-10-14,Primaria,5,G,Tarde,59,3076,Padre
1821,22481299,Leonardo Dylan,Bautista,Salazar,M,2016-06-26,Primaria,5,G,Tarde,59,2195,Padre
1822,72542372,Katherine Lucia,Pacheco,Silva,F,2016-01-29,Primaria,5,G,Tarde,59,890,Madre
1823,24462932,Melissa Patricia,Alarcon,Vargas,F,2016-04-23,Primaria,5,G,Tarde,59,1353,Padre
1824,22696725,Fernando Andres,Nunez,Zavala,M,2016-12-13,Primaria,5,G,Tarde,59,311,Madre
1825,14556163,Oscar Sebastian,Palacios,Zavala,M,2016-07-09,Primaria,5,G,Tarde,59,2874,Padre
1826,29035137,Mia Kiara,Ramos,Delgado,F,2016-05-12,Primaria,5,G,Tarde,59,2738,Padre
1827,39465142,Jorge Sebastian,Ramos,Delgado,M,2016-10-28,Primaria,5,G,Tarde,59,984,Padre
1828,50706871,Yesica Julia,Cutipa,Gutierrez,F,2016-08-07,Primaria,5,G,Tarde,59,3179,Padre
1829,64210396,Britany Elena,Alarcon,Ochoa,F,2016-11-09,Primaria,5,G,Tarde,59,1584,Padre
1830,46023202,Ana Estefany,Quispe,Zavala,F,2016-02-12,Primaria,5,G,Tarde,59,2649,Padre
1831,60072307,Elmer Luis,Guzman,Condori,M,2016-04-22,Primaria,5,G,Tarde,59,1818,Padre
1832,53044205,Renzo Gonzalo,Cabrera,Ochoa,M,2016-11-14,Primaria,5,G,Tarde,59,452,Madre
1833,12137702,Diana Paula,Chavez,Vargas,F,2016-04-10,Primaria,5,G,Tarde,59,2916,Padre
1834,33742629,Camila Ruth,Ruiz,Espinoza,F,2016-09-17,Primaria,5,G,Tarde,59,44,Padre
1835,58200839,Bryan Fernando,Soto,Delgado,M,2016-03-01,Primaria,5,G,Tarde,59,1805,Madre
1836,63340853,Fabricio Wilson,Soto,Rojas,M,2016-11-06,Primaria,5,G,Tarde,59,1839,Padre
1837,64928603,Elena Karen,Farfan,Paredes,F,2016-02-07,Primaria,5,G,Tarde,59,1146,Madre
1838,42628267,Manuel Hugo,Soto,Leon,M,2016-02-20,Primaria,5,G,Tarde,59,74,Madre
1839,30570517,Julia Emily,Aquino,Cornejo,F,2016-06-21,Primaria,5,G,Tarde,59,1402,Madre
1840,32596698,Erick Jhon,Aguilar,Vega,M,2016-02-10,Primaria,5,G,Tarde,59,1522,Padre
1841,45576018,Thiago Benjamin,Condori,Ochoa,M,2016-10-03,Primaria,5,G,Tarde,59,845,Padre
1842,20744426,Xiomara Luz,Vargas,Gonzales,F,2016-08-09,Primaria,5,G,Tarde,59,1176,Padre
1843,28028452,Katherine Ashley,Mendoza,Quispe,F,2016-07-05,Primaria,5,G,Tarde,59,1390,Madre
1844,21488061,Katherine Grecia,Alarcon,Alvarez,F,2016-07-19,Primaria,5,H,Tarde,60,946,Madre
1845,31375074,Paula Dulce,Leon,Vega,F,2016-04-30,Primaria,5,H,Tarde,60,606,Padre
1846,14863665,Wilson Joaquin,Choque,Bautista,M,2016-01-25,Primaria,5,H,Tarde,60,746,Madre
1847,32438561,Zoe Karen,Torres,Choque,F,2016-05-23,Primaria,5,H,Tarde,60,2832,Padre
1848,11096100,Leonardo Yamil,Villanueva,Choque,M,2016-05-14,Primaria,5,H,Tarde,60,2957,Padre
1849,63265710,Pedro Hugo,Espinoza,Reyes,M,2016-11-08,Primaria,5,H,Tarde,60,757,Padre
1850,65516445,Zoe Yesenia,Cabanillas,Soto,F,2016-03-23,Primaria,5,H,Tarde,60,52,Padre
1851,54474777,Cesar Victor,Zavala,Vilca,M,2016-01-17,Primaria,5,H,Tarde,60,328,Padre
1852,38042880,Teresa Carmen,Guzman,Salazar,F,2016-09-14,Primaria,5,H,Tarde,60,1820,Padre
1853,27774753,Martin Miguel,Reyes,Ticona,M,2016-02-07,Primaria,5,H,Tarde,60,944,Madre
1854,13078188,Cristian Franco,Pacheco,Nunez,M,2016-01-03,Primaria,5,H,Tarde,60,266,Madre
1855,71245601,Kiara Pilar,Huaman,Lazo,F,2016-05-27,Primaria,5,H,Tarde,60,507,Padre
1856,74631456,Fabricio Mateo,Ramos,Ticona,M,2016-06-07,Primaria,5,H,Tarde,60,2565,Madre
1857,12839717,Maria Vanessa,Reyes,Vega,F,2016-04-26,Primaria,5,H,Tarde,60,764,Madre
1858,32735069,Adrian Manuel,Bravo,Leon,M,2016-04-26,Primaria,5,H,Tarde,60,107,Padre
1859,44030425,Adrian Wilson,Vega,Palacios,M,2016-10-22,Primaria,5,H,Tarde,60,199,Madre
1860,27039398,Renzo Cristian,Cabrera,Cabanillas,M,2016-03-24,Primaria,5,H,Tarde,60,2167,Madre
1861,55808027,Carlos Ivan,Ticona,Delgado,M,2016-08-23,Primaria,5,H,Tarde,60,1989,Padre
1862,25866048,Yolanda Danna,Ibarra,Torres,F,2016-02-09,Primaria,5,H,Tarde,60,1539,Madre
1863,41852001,Dulce Dulce,Farfan,Herrera,F,2016-11-11,Primaria,5,H,Tarde,60,1621,Padre
1864,38239395,Teresa Ashley,Machaca,Ramos,F,2016-06-28,Primaria,5,H,Tarde,60,316,Madre
1865,71702654,Paula Paula,Cruz,Delgado,F,2016-07-16,Primaria,5,H,Tarde,60,760,Madre
1866,24861236,Vanessa Patricia,Vega,Mendoza,F,2016-06-12,Primaria,5,H,Tarde,60,2237,Madre
1867,75936429,Fiorella Kiara,Salvador,Quispe,F,2016-11-17,Primaria,5,H,Tarde,60,312,Padre
1868,34366083,Nicole Renata,Rimac,Ccahuana,F,2016-03-29,Primaria,5,H,Tarde,60,2247,Madre
1869,31196612,Ian Thiago,Mendoza,Lazo,M,2016-01-27,Primaria,5,H,Tarde,60,783,Madre
1870,11611125,Alberto Hugo,Marin,Cardenas,M,2016-09-21,Primaria,5,H,Tarde,60,1647,Padre
1871,51860163,Aaron Thiago,Vargas,Cabanillas,M,2016-11-16,Primaria,5,H,Tarde,60,1398,Madre
1872,71436968,Teresa Paula,Ticona,Carrillo,F,2016-03-01,Primaria,5,H,Tarde,60,917,Padre
1873,73375635,Diego Jhon,Gonzales,Marin,M,2016-06-23,Primaria,5,H,Tarde,60,1750,Padre
1874,10866867,Jorge Piero,Bautista,Guzman,M,2016-09-20,Primaria,5,H,Tarde,60,3168,Padre
1875,65402102,Ashley Nayeli,Castillo,Rivera,F,2016-08-01,Primaria,5,H,Tarde,60,437,Madre
1876,36784270,Edgar Angel,Mamani,Marin,M,2016-10-13,Primaria,5,H,Tarde,60,262,Padre
1877,57241106,Grecia Maria,Ramos,Farfan,F,2016-04-04,Primaria,5,H,Tarde,60,2160,Padre
1878,69255810,Ana Mia,Guzman,Cabanillas,F,2016-01-14,Primaria,5,H,Tarde,60,623,Madre
1879,43544881,Mateo Kevin,Rimac,Rimac,M,2016-03-12,Primaria,5,H,Tarde,60,1928,Padre
1880,27108500,Maria Kiara,Choque,Ortiz,F,2016-06-27,Primaria,5,I,Tarde,61,1049,Padre
1881,14537092,Jorge Martin,Cardenas,Torres,M,2016-07-16,Primaria,5,I,Tarde,61,2545,Madre
1882,74073802,Yolanda Yesenia,Palacios,Cutipa,F,2016-08-03,Primaria,5,I,Tarde,61,713,Padre
1883,49656512,Gonzalo Walter,Ccahuana,Delgado,M,2016-03-18,Primaria,5,I,Tarde,61,1618,Padre
1884,33711491,Bryan Dylan,Bautista,Quispe,M,2016-02-12,Primaria,5,I,Tarde,61,2316,Padre
1885,68317255,Yesenia Emily,Bautista,Delgado,F,2016-04-30,Primaria,5,I,Tarde,61,384,Padre
1886,41713372,Nicolas Emilio,Reyes,Gutierrez,M,2016-03-20,Primaria,5,I,Tarde,61,2348,Padre
1887,18920494,Abigail Luana,Ibarra,Yupanqui,F,2016-09-30,Primaria,5,I,Tarde,61,1245,Madre
1888,32016105,Lucia Yolanda,Cabanillas,Delgado,F,2016-01-26,Primaria,5,I,Tarde,61,2182,Madre
1889,36232523,Estefany Abigail,Sanchez,Gutierrez,F,2016-10-27,Primaria,5,I,Tarde,61,3006,Madre
1890,45351408,Yesica Mia,Chavez,Zavala,F,2016-09-13,Primaria,5,I,Tarde,61,1755,Padre
1891,49133405,Angel Hugo,Palacios,Zavala,M,2016-11-08,Primaria,5,I,Tarde,61,1671,Padre
1892,42123712,Andres Victor,Quispe,Mamani,M,2016-08-01,Primaria,5,I,Tarde,61,1926,Padre
1893,73506777,Gonzalo Dylan,Nunez,Rodriguez,M,2016-12-24,Primaria,5,I,Tarde,61,1745,Madre
1894,37748653,Isabel Julia,Condori,Sanchez,F,2016-04-14,Primaria,5,I,Tarde,61,761,Madre
1895,21509138,Alexander Diego,Aguilar,Zavala,M,2016-08-08,Primaria,5,I,Tarde,61,137,Padre
1896,50130662,Elena Britany,Palacios,Fernandez,F,2016-02-07,Primaria,5,I,Tarde,61,1276,Madre
1897,25611568,Juan Cristian,Yataco,Quispe,M,2016-03-31,Primaria,5,I,Tarde,61,1934,Padre
1898,61794256,Fabricio Luis,Cardenas,Medina,M,2016-05-14,Primaria,5,I,Tarde,61,2665,Padre
1899,62527903,Leonardo Walter,Vargas,Yupanqui,M,2016-05-11,Primaria,5,I,Tarde,61,1032,Madre
1900,15628834,Marco Jhoel,Salvador,Mendoza,M,2016-05-06,Primaria,5,I,Tarde,61,671,Padre
1901,27810042,Xiomara Zoe,Nunez,Chavez,F,2016-05-19,Primaria,5,I,Tarde,61,1665,Padre
1902,18363150,Piero Ricardo,Cabanillas,Silva,M,2016-06-28,Primaria,5,I,Tarde,61,819,Padre
1903,22112524,Carlos Benjamin,Castillo,Mamani,M,2016-02-18,Primaria,5,I,Tarde,61,3191,Padre
1904,33021450,Teresa Renata,Farfan,Ortiz,F,2016-07-06,Primaria,5,I,Tarde,61,2223,Madre
1905,23594774,Patricia Antonella,Campos,Vilca,F,2016-04-15,Primaria,5,I,Tarde,61,2086,Madre
1906,65010540,Gabriel Raul,Salvador,Salvador,M,2016-07-13,Primaria,5,I,Tarde,61,2157,Madre
1907,54329282,Erick Adrian,Alvarez,Cornejo,M,2016-03-10,Primaria,5,I,Tarde,61,2996,Padre
1908,18344406,Rafaella Lucia,Palacios,Mamani,F,2016-01-07,Primaria,5,I,Tarde,61,1349,Padre
1909,18414394,Diego Elmer,Aguilar,Zavala,M,2016-07-14,Primaria,5,I,Tarde,61,1029,Madre
1910,10050739,Victor Fabricio,Reyes,Huaraca,M,2016-09-14,Primaria,5,I,Tarde,61,2808,Madre
1911,67413091,Yesenia Elena,Mamani,Gutierrez,F,2016-03-24,Primaria,5,I,Tarde,61,118,Padre
1912,69548252,Cesar Joaquin,Gutierrez,Ibarra,M,2016-11-22,Primaria,5,I,Tarde,61,2945,Padre
1913,11237109,Martin Marco,Ramos,Bautista,M,2016-03-11,Primaria,5,I,Tarde,61,55,Madre
1914,42663923,Hugo Miguel,Yataco,Apaza,M,2016-10-12,Primaria,5,I,Tarde,61,1366,Madre
1915,26746675,Emily Ruth,Herrera,Garcia,F,2016-10-27,Primaria,5,I,Tarde,61,1897,Madre
1916,79161365,Elmer Aaron,Chavez,Vargas,M,2016-01-14,Primaria,5,I,Tarde,61,2908,Madre
1917,74372085,Samuel Manuel,Villanueva,Leon,M,2016-12-20,Primaria,5,I,Tarde,61,2852,Padre
1918,10284777,Julio Erick,Campos,Cruz,M,2016-01-25,Primaria,5,I,Tarde,61,2129,Padre
1919,67285094,Renata Antonella,Yataco,Espinoza,F,2016-01-01,Primaria,5,J,Tarde,62,701,Madre
1920,57472318,Alessandra Jhoana,Medina,Vargas,F,2016-10-13,Primaria,5,J,Tarde,62,2310,Madre
1921,18571626,Luis Alexander,Zavala,Ibarra,M,2016-09-08,Primaria,5,J,Tarde,62,2258,Padre
1922,64774352,Diana Maria,Silva,Marin,F,2016-10-18,Primaria,5,J,Tarde,62,2308,Madre
1923,12762337,Renata Paula,Carrillo,Rivera,F,2016-09-04,Primaria,5,J,Tarde,62,2964,Padre
1924,11710956,Samuel Julio,Vilca,Salazar,M,2016-07-07,Primaria,5,J,Tarde,62,777,Madre
1925,55778953,Camila Flor,Villanueva,Vasquez,F,2016-10-16,Primaria,5,J,Tarde,62,786,Madre
1926,23844035,Alexandra Rafaella,Carrillo,Flores,F,2016-04-09,Primaria,5,J,Tarde,62,1180,Madre
1927,39562074,Jhoel Martin,Cabanillas,Romero,M,2016-01-27,Primaria,5,J,Tarde,62,640,Padre
1928,12755255,Ashley Teresa,Lazo,Guzman,F,2016-03-13,Primaria,5,J,Tarde,62,2806,Madre
1929,38215436,Mateo Aaron,Torres,Cabrera,M,2016-04-22,Primaria,5,J,Tarde,62,2796,Padre
1930,34747961,Walter Pedro,Alarcon,Rivera,M,2016-01-02,Primaria,5,J,Tarde,62,121,Madre
1931,70208562,Ximena Dulce,Sanchez,Vasquez,F,2016-01-21,Primaria,5,J,Tarde,62,1124,Madre
1932,41431820,Yolanda Lucia,Cardenas,Pacheco,F,2016-09-10,Primaria,5,J,Tarde,62,2795,Madre
1933,16943876,Bryan Fabricio,Chavez,Salazar,M,2016-11-05,Primaria,5,J,Tarde,62,735,Padre
1934,31406939,Danna Lucia,Aquino,Huaman,F,2016-11-28,Primaria,5,J,Tarde,62,1635,Padre
1935,32723175,Luz Ximena,Yataco,Cabanillas,F,2016-12-26,Primaria,5,J,Tarde,62,1412,Padre
1936,72749026,Kiara Daniela,Machaca,Ccahuana,F,2016-03-24,Primaria,5,J,Tarde,62,1162,Padre
1937,30449416,Adrian Luis,Flores,Flores,M,2016-10-02,Primaria,5,J,Tarde,62,20,Padre
1938,14709910,Rosa Gabriela,Reyes,Vasquez,F,2016-04-14,Primaria,5,J,Tarde,62,246,Madre
1939,20009135,Ximena Sofia,Yupanqui,Ruiz,F,2016-03-19,Primaria,5,J,Tarde,62,2592,Madre
1940,26534187,Dulce Lucia,Vega,Soto,F,2016-03-18,Primaria,5,J,Tarde,62,2082,Madre
1941,58487978,Hugo Marco,Huaraca,Condori,M,2016-07-02,Primaria,5,J,Tarde,62,2322,Madre
1942,20321339,Bryan Oscar,Machaca,Mamani,M,2016-08-22,Primaria,5,J,Tarde,62,2690,Madre
1943,19946891,Katty Gabriela,Garcia,Marin,F,2016-02-25,Primaria,5,J,Tarde,62,886,Madre
1944,53831980,Daniela Daniela,Guzman,Huaman,F,2016-01-08,Primaria,5,J,Tarde,62,21,Madre
1945,29597681,Kiara Luana,Diaz,Leon,F,2016-03-19,Primaria,5,J,Tarde,62,1135,Madre
1946,48168764,Nayeli Luana,Mendoza,Palacios,F,2016-10-26,Primaria,5,J,Tarde,62,206,Padre
1947,17079668,Patricia Daniela,Garcia,Ochoa,F,2016-05-09,Primaria,5,J,Tarde,62,2232,Madre
1948,51566981,Abigail Alexandra,Medina,Ibarra,F,2016-06-19,Primaria,5,J,Tarde,62,2288,Padre
1949,63173620,Dylan Kevin,Bautista,Romero,M,2016-11-15,Primaria,5,J,Tarde,62,1046,Madre
1950,18950467,Benjamin Angel,Castillo,Bautista,M,2016-02-26,Primaria,5,J,Tarde,62,1076,Madre
1951,15092796,Thiago Miguel,Vasquez,Fernandez,M,2016-12-26,Primaria,5,J,Tarde,62,1026,Padre
1952,16935096,Carlos Raul,Ochoa,Bravo,M,2016-09-20,Primaria,5,J,Tarde,62,2773,Padre
1953,61135628,Susan Antonella,Rodriguez,Machaca,F,2016-08-20,Primaria,5,J,Tarde,62,2806,Madre
1954,15943226,Alessandra Melissa,Marin,Villanueva,F,2016-05-02,Primaria,5,K,Tarde,63,584,Madre
1955,59521834,Dulce Isabel,Alvarez,Cardenas,F,2016-02-02,Primaria,5,K,Tarde,63,3031,Madre
1956,72834820,Ariana Antonella,Ramos,Rodriguez,F,2016-04-09,Primaria,5,K,Tarde,63,533,Padre
1957,76547442,Yesica Rafaella,Alarcon,Ccahuana,F,2016-10-15,Primaria,5,K,Tarde,63,293,Padre
1958,62321065,Fabricio Piero,Cabanillas,Cruz,M,2016-12-13,Primaria,5,K,Tarde,63,2038,Madre
1959,23892526,Marco Sebastian,Pacheco,Cruz,M,2016-01-13,Primaria,5,K,Tarde,63,2420,Madre
1960,66175825,Antonella Paula,Medina,Pacheco,F,2016-02-10,Primaria,5,K,Tarde,63,1742,Padre
1961,19588285,Renata Katherine,Fernandez,Choque,F,2016-12-28,Primaria,5,K,Tarde,63,1922,Padre
1962,56593185,Pedro Cristian,Ramos,Cutipa,M,2016-10-23,Primaria,5,K,Tarde,63,171,Madre
1963,15862233,Ian Manuel,Reyes,Rivera,M,2016-09-22,Primaria,5,K,Tarde,63,299,Madre
1964,35483917,Nicolas Oscar,Cabrera,Bautista,M,2016-02-29,Primaria,5,K,Tarde,63,2673,Madre
1965,31016867,Piero Elmer,Yataco,Flores,M,2016-03-05,Primaria,5,K,Tarde,63,660,Madre
1966,78166386,Kevin Diego,Ibarra,Soto,M,2016-10-11,Primaria,5,K,Tarde,63,2562,Padre
1967,18943612,Grecia Nayeli,Silva,Huaman,F,2016-06-15,Primaria,5,K,Tarde,63,2100,Madre
1968,17245325,Rodrigo Luis,Marin,Gonzales,M,2016-10-08,Primaria,5,K,Tarde,63,574,Madre
1969,68088033,Yamil Pedro,Zavala,Espinoza,M,2016-10-16,Primaria,5,K,Tarde,63,894,Padre
1970,65134931,Kevin Jose,Rivera,Guzman,M,2016-07-09,Primaria,5,K,Tarde,63,1754,Padre
1971,73136325,Yesenia Diana,Pacheco,Ccahuana,F,2016-08-20,Primaria,5,K,Tarde,63,645,Madre
1972,30058835,Rodrigo Leonardo,Soto,Herrera,M,2016-06-21,Primaria,5,K,Tarde,63,3061,Madre
1973,56444037,Melissa Camila,Aguilar,Garcia,F,2016-08-01,Primaria,5,K,Tarde,63,2489,Madre
1974,24344356,Brenda Yolanda,Sanchez,Bautista,F,2016-11-12,Primaria,5,K,Tarde,63,3171,Padre
1975,34798923,Jorge Kevin,Ruiz,Garcia,M,2016-10-02,Primaria,5,K,Tarde,63,2214,Madre
1976,22357059,Carmen Antonella,Farfan,Lazo,F,2016-02-25,Primaria,5,K,Tarde,63,1216,Madre
1977,55710650,Britany Lucia,Alvarez,Ticona,F,2016-02-23,Primaria,5,K,Tarde,63,1383,Madre
1978,65728538,Kiara Julia,Pacheco,Yataco,F,2016-09-19,Primaria,5,K,Tarde,63,289,Padre
1979,35444562,Rodrigo Ian,Choque,Yupanqui,M,2016-09-25,Primaria,5,K,Tarde,63,1400,Padre
1980,72231891,Dylan Miguel,Pacheco,Medina,M,2016-02-20,Primaria,5,K,Tarde,63,524,Padre
1981,11563593,Melissa Vanessa,Palacios,Chavez,F,2016-01-08,Primaria,5,K,Tarde,63,1690,Padre
1982,53822364,Antonella Mia,Quispe,Vargas,F,2016-10-22,Primaria,5,K,Tarde,63,642,Madre
1983,41518967,Zoe Zoe,Yataco,Flores,F,2016-06-07,Primaria,5,K,Tarde,63,1440,Padre
1984,56487635,Miguel Hugo,Espinoza,Salvador,M,2016-10-31,Primaria,5,K,Tarde,63,1697,Padre
1985,63289765,Abigail Alessandra,Huaraca,Leon,F,2016-01-21,Primaria,5,K,Tarde,63,2413,Madre
1986,35739715,Valentina Luz,Castillo,Farfan,F,2016-01-29,Primaria,5,L,Tarde,64,2523,Madre
1987,42401320,Nicolas Alberto,Espinoza,Reyes,M,2016-10-29,Primaria,5,L,Tarde,64,2484,Madre
1988,16806493,Daniela Fiorella,Apaza,Leon,F,2016-12-11,Primaria,5,L,Tarde,64,1858,Padre
1989,59923445,Yesenia Camila,Ramos,Zavala,F,2016-02-27,Primaria,5,L,Tarde,64,2001,Madre
1990,29080511,Ashley Yesenia,Medina,Choque,F,2016-01-27,Primaria,5,L,Tarde,64,1342,Padre
1991,38551660,Ian Angel,Ortiz,Herrera,M,2016-03-17,Primaria,5,L,Tarde,64,901,Madre
1992,78017725,Ian Fabricio,Machaca,Yupanqui,M,2016-08-14,Primaria,5,L,Tarde,64,1551,Madre
1993,23507223,Cesar Alberto,Quispe,Cutipa,M,2016-05-04,Primaria,5,L,Tarde,64,1615,Madre
1994,56365652,Luis Dylan,Yupanqui,Huaraca,M,2016-04-03,Primaria,5,L,Tarde,64,3186,Padre
1995,19461492,Aaron Emilio,Paredes,Yupanqui,M,2016-03-14,Primaria,5,L,Tarde,64,1388,Padre
1996,47681040,Joaquin Hugo,Cabanillas,Guzman,M,2016-06-23,Primaria,5,L,Tarde,64,2760,Padre
1997,29899746,Diana Xiomara,Yupanqui,Ibarra,F,2016-05-30,Primaria,5,L,Tarde,64,742,Madre
1998,11655739,Walter Nicolas,Cornejo,Salvador,M,2016-07-23,Primaria,5,L,Tarde,64,936,Padre
1999,70485838,Jhon Julio,Ticona,Vargas,M,2016-03-22,Primaria,5,L,Tarde,64,406,Padre
2000,65549235,Diego Walter,Alarcon,Torres,M,2016-10-02,Primaria,5,L,Tarde,64,157,Padre
2001,68328800,Fiorella Abigail,Mendoza,Espinoza,F,2016-02-05,Primaria,5,L,Tarde,64,1147,Padre
2002,16872162,Alessandra Danna,Bravo,Alarcon,F,2016-04-11,Primaria,5,L,Tarde,64,2823,Padre
2003,79933775,Oscar Adrian,Yupanqui,Vasquez,M,2016-06-20,Primaria,5,L,Tarde,64,1050,Madre
2004,13002779,Fiorella Sofia,Cruz,Gonzales,F,2016-02-10,Primaria,5,L,Tarde,64,3162,Padre
2005,44824653,Melissa Ashley,Bautista,Espinoza,F,2016-02-20,Primaria,5,L,Tarde,64,2934,Madre
2006,59495609,Ximena Estefany,Garcia,Quispe,F,2016-03-03,Primaria,5,L,Tarde,64,818,Madre
2007,46972681,Wilson Emilio,Espinoza,Campos,M,2016-03-14,Primaria,5,L,Tarde,64,273,Padre
2008,55579570,Dylan Emilio,Rivera,Yupanqui,M,2016-02-11,Primaria,5,L,Tarde,64,135,Madre
2009,34365526,Ashley Lucia,Paucar,Lazo,F,2016-01-17,Primaria,5,L,Tarde,64,1237,Padre
2010,29942969,Milagros Flor,Bravo,Pacheco,F,2016-10-20,Primaria,5,L,Tarde,64,1325,Madre
2011,34488154,Cristian Juan,Cruz,Bravo,M,2016-03-24,Primaria,5,L,Tarde,64,291,Madre
2012,19345156,Ivan Victor,Gutierrez,Rimac,M,2016-09-19,Primaria,5,L,Tarde,64,922,Padre
2013,16275624,Jorge Dylan,Quispe,Gonzales,M,2016-09-10,Primaria,5,L,Tarde,64,1984,Padre
2014,74152179,Nicole Renata,Ortiz,Salvador,F,2016-03-17,Primaria,5,L,Tarde,64,1833,Padre
2015,44382363,Isabel Susan,Vega,Flores,F,2016-07-16,Primaria,5,L,Tarde,64,612,Padre
2016,73080827,Ana Grecia,Medina,Cabanillas,F,2016-12-27,Primaria,5,L,Tarde,64,864,Padre
2017,75487329,Diana Yesica,Mendoza,Bravo,F,2016-11-27,Primaria,5,L,Tarde,64,97,Madre
2018,66014217,Diana Rafaella,Alarcon,Nunez,F,2016-08-31,Primaria,5,L,Tarde,64,1469,Padre
2019,52368972,Cesar Walter,Huaman,Quispe,M,2016-10-20,Primaria,5,L,Tarde,64,1155,Madre
2020,25300644,Renzo Yamil,Paucar,Cutipa,M,2016-12-20,Primaria,5,L,Tarde,64,2628,Padre
2021,54653160,Gustavo Jose,Cornejo,Ibarra,M,2016-07-07,Primaria,5,L,Tarde,64,2768,Madre
2022,67242484,Katherine Gabriela,Rojas,Mendoza,F,2016-03-16,Primaria,5,M,Tarde,65,3008,Madre
2023,17787695,Raul Sebastian,Machaca,Medina,M,2016-01-07,Primaria,5,M,Tarde,65,2000,Madre
2024,68605727,Leonardo Gabriel,Sanchez,Vilca,M,2016-11-25,Primaria,5,M,Tarde,65,1325,Madre
2025,28069066,Piero Martin,Marin,Campos,M,2016-09-13,Primaria,5,M,Tarde,65,363,Padre
2026,60847362,Raul Edgar,Rodriguez,Medina,M,2016-08-07,Primaria,5,M,Tarde,65,2910,Madre
2027,73313908,Diana Emily,Vega,Salvador,F,2016-05-31,Primaria,5,M,Tarde,65,365,Madre
2028,79099270,Sofia Carmen,Huaraca,Rodriguez,F,2016-09-11,Primaria,5,M,Tarde,65,2590,Padre
2029,19300506,Leonardo Leonardo,Paucar,Medina,M,2016-09-08,Primaria,5,M,Tarde,65,2187,Madre
2030,15218674,Abigail Danna,Espinoza,Campos,F,2016-10-13,Primaria,5,M,Tarde,65,1025,Madre
2031,41276023,Dulce Zoe,Huaman,Vilca,F,2016-02-11,Primaria,5,M,Tarde,65,634,Madre
2032,79280356,Isabel Nayeli,Ibarra,Diaz,F,2016-04-30,Primaria,5,M,Tarde,65,2352,Madre
2033,57094621,Milagros Vanessa,Cardenas,Delgado,F,2016-01-09,Primaria,5,M,Tarde,65,1552,Padre
2034,10428635,Maria Rosa,Rojas,Guzman,F,2016-01-08,Primaria,5,M,Tarde,65,479,Padre
2035,68925497,Diego Jorge,Ccahuana,Condori,M,2016-10-12,Primaria,5,M,Tarde,65,2345,Padre
2036,20902041,Karen Fiorella,Huaman,Romero,F,2016-06-20,Primaria,5,M,Tarde,65,3037,Padre
2037,65102716,Lucia Vanessa,Huaman,Ticona,F,2016-09-13,Primaria,5,M,Tarde,65,619,Madre
2038,10352738,Ruth Britany,Medina,Pacheco,F,2016-08-31,Primaria,5,M,Tarde,65,2676,Padre
2039,38431138,Wilson Ricardo,Aquino,Leon,M,2016-06-30,Primaria,5,M,Tarde,65,1957,Padre
2040,76684131,Gonzalo Martin,Villanueva,Vargas,M,2016-06-10,Primaria,5,M,Tarde,65,413,Padre
2041,14207630,Karen Katty,Espinoza,Ortiz,F,2016-08-14,Primaria,5,M,Tarde,65,1022,Padre
2042,22629451,Andres Benjamin,Rimac,Diaz,M,2016-10-01,Primaria,5,M,Tarde,65,131,Padre
2043,22232624,Carlos Alberto,Huaraca,Alvarez,M,2016-06-21,Primaria,5,M,Tarde,65,3021,Padre
2044,16325115,Daniela Isabel,Vargas,Flores,F,2016-07-15,Primaria,5,M,Tarde,65,3174,Padre
2045,42258327,Benjamin Rodrigo,Chavez,Ochoa,M,2016-04-13,Primaria,5,M,Tarde,65,1685,Madre
2046,16101386,Luz Pilar,Aguilar,Lazo,F,2016-11-12,Primaria,5,M,Tarde,65,1475,Madre
2047,17666537,Walter Fabricio,Vilca,Cornejo,M,2016-12-02,Primaria,5,M,Tarde,65,995,Madre
2048,17623289,Valentina Maria,Ticona,Medina,F,2016-03-15,Primaria,5,M,Tarde,65,416,Padre
2049,35683896,Oscar Piero,Cutipa,Mendoza,M,2016-03-17,Primaria,5,M,Tarde,65,1424,Madre
2050,25402025,Isabel Britany,Paucar,Rivera,F,2015-09-14,Secundaria,1,A,Mañana,66,912,Madre
2051,27991638,Yesica Kiara,Pacheco,Ccahuana,F,2015-05-10,Secundaria,1,A,Mañana,66,1191,Madre
2052,53926523,Gustavo Martin,Machaca,Campos,M,2015-08-10,Secundaria,1,A,Mañana,66,1171,Madre
2053,69761310,Emily Ruth,Cutipa,Ccahuana,F,2015-12-31,Secundaria,1,A,Mañana,66,3002,Madre
2054,57658871,Yolanda Camila,Rivera,Machaca,F,2015-02-07,Secundaria,1,A,Mañana,66,350,Madre
2055,47653330,Ashley Danna,Yupanqui,Campos,F,2015-12-18,Secundaria,1,A,Mañana,66,1973,Padre
2056,26513434,Walter Aaron,Villanueva,Cutipa,M,2015-01-09,Secundaria,1,A,Mañana,66,1634,Madre
2057,77362386,Bryan Rodrigo,Alvarez,Silva,M,2015-09-26,Secundaria,1,A,Mañana,66,1816,Padre
2058,72843302,Vanessa Patricia,Rojas,Cardenas,F,2015-08-28,Secundaria,1,A,Mañana,66,817,Madre
2059,46954909,Teresa Zoe,Alvarez,Rimac,F,2015-12-19,Secundaria,1,A,Mañana,66,982,Madre
2060,68563260,Joaquin Manuel,Espinoza,Sanchez,M,2015-06-21,Secundaria,1,A,Mañana,66,1571,Padre
2061,57813370,Gonzalo Edgar,Palacios,Rojas,M,2015-01-16,Secundaria,1,A,Mañana,66,725,Madre
2062,68055889,Emily Yesenia,Machaca,Reyes,F,2015-02-01,Secundaria,1,A,Mañana,66,990,Padre
2063,55029688,Ricardo Walter,Bautista,Gutierrez,M,2015-02-27,Secundaria,1,A,Mañana,66,2553,Madre
2064,74354654,Sebastian Piero,Rimac,Ticona,M,2015-07-03,Secundaria,1,A,Mañana,66,531,Padre
2065,32376967,Zoe Luana,Ochoa,Rimac,F,2015-03-31,Secundaria,1,A,Mañana,66,2853,Padre
2066,56028886,Erick Joaquin,Huaman,Ccahuana,M,2015-12-27,Secundaria,1,A,Mañana,66,841,Padre
2067,71951754,Pedro Carlos,Mamani,Alarcon,M,2015-07-28,Secundaria,1,A,Mañana,66,606,Padre
2068,37772137,Miguel Jose,Romero,Pacheco,M,2015-09-01,Secundaria,1,A,Mañana,66,1790,Madre
2069,48149537,Luis Ricardo,Diaz,Bravo,M,2015-07-22,Secundaria,1,A,Mañana,66,740,Madre
2070,55184435,Paula Nayeli,Fernandez,Flores,F,2015-01-30,Secundaria,1,A,Mañana,66,286,Padre
2071,67320944,Dulce Julia,Flores,Villanueva,F,2015-12-28,Secundaria,1,A,Mañana,66,795,Padre
2072,10357333,Abigail Ashley,Ramos,Torres,F,2015-10-27,Secundaria,1,A,Mañana,66,3025,Padre
2073,30092312,Joaquin Ivan,Gonzales,Guzman,M,2015-08-20,Secundaria,1,A,Mañana,66,2720,Madre
2074,15179266,Daniela Rosa,Nunez,Ccahuana,F,2015-03-12,Secundaria,1,A,Mañana,66,477,Madre
2075,51481634,Lucia Rafaella,Mamani,Villanueva,F,2015-09-28,Secundaria,1,A,Mañana,66,169,Madre
2076,77617341,Gabriel Franco,Huaraca,Apaza,M,2015-09-22,Secundaria,1,A,Mañana,66,234,Madre
2077,55182153,Antonella Britany,Campos,Chavez,F,2015-05-02,Secundaria,1,A,Mañana,66,1252,Padre
2078,45498324,Alexandra Jhoana,Vargas,Huaraca,F,2015-04-15,Secundaria,1,A,Mañana,66,2745,Madre
2079,72617907,Angel Luis,Paredes,Soto,M,2015-01-16,Secundaria,1,A,Mañana,66,2022,Madre
2080,74860911,Karen Lucia,Delgado,Medina,F,2015-08-26,Secundaria,1,A,Mañana,66,2901,Madre
2081,28869371,Ariana Daniela,Aquino,Alvarez,F,2015-12-09,Secundaria,1,A,Mañana,66,2506,Madre
2082,33008242,Hugo Dylan,Rodriguez,Paredes,M,2015-11-12,Secundaria,1,A,Mañana,66,1759,Madre
2083,36646304,Fabricio Jorge,Chavez,Leon,M,2015-02-27,Secundaria,1,B,Mañana,67,509,Madre
2084,71088008,Dulce Ashley,Rodriguez,Villanueva,F,2015-04-20,Secundaria,1,B,Mañana,67,3172,Padre
2085,56627828,Elena Yolanda,Vilca,Herrera,F,2015-09-10,Secundaria,1,B,Mañana,67,136,Madre
2086,42994820,Renata Carmen,Bautista,Rimac,F,2015-09-21,Secundaria,1,B,Mañana,67,1776,Madre
2087,15661260,Estefany Pilar,Villanueva,Cabanillas,F,2015-02-05,Secundaria,1,B,Mañana,67,1125,Padre
2088,71979107,Edgar Juan,Vega,Villanueva,M,2015-12-16,Secundaria,1,B,Mañana,67,1447,Padre
2089,15647218,Luana Diana,Alarcon,Vilca,F,2015-06-10,Secundaria,1,B,Mañana,67,723,Madre
2090,53468497,Yolanda Danna,Delgado,Salvador,F,2015-08-26,Secundaria,1,B,Mañana,67,2403,Madre
2091,35140529,Milagros Susan,Gutierrez,Ramos,F,2015-12-10,Secundaria,1,B,Mañana,67,1922,Padre
2092,44646512,Ximena Camila,Delgado,Fernandez,F,2015-06-24,Secundaria,1,B,Mañana,67,472,Madre
2093,45235099,Dylan Marco,Salvador,Choque,M,2015-08-05,Secundaria,1,B,Mañana,67,2877,Madre
2094,29626211,Lucia Pilar,Vilca,Cruz,F,2015-06-30,Secundaria,1,B,Mañana,67,493,Madre
2095,74189652,Yesica Rafaella,Villanueva,Ccahuana,F,2015-03-03,Secundaria,1,B,Mañana,67,1543,Padre
2096,33703079,Xiomara Brenda,Vargas,Aquino,F,2015-02-07,Secundaria,1,B,Mañana,67,2900,Padre
2097,15092898,Milagros Lucia,Zavala,Guzman,F,2015-10-12,Secundaria,1,B,Mañana,67,1873,Madre
2098,20867824,Jose Cristian,Aquino,Yataco,M,2015-04-11,Secundaria,1,B,Mañana,67,380,Madre
2099,22907492,Andres Walter,Rivera,Rivera,M,2015-07-27,Secundaria,1,B,Mañana,67,1429,Madre
2100,41500053,Nayeli Ruth,Castillo,Aquino,F,2015-09-18,Secundaria,1,B,Mañana,67,2399,Padre
2101,44169545,Valentina Flor,Vega,Sanchez,F,2015-07-19,Secundaria,1,B,Mañana,67,843,Madre
2102,45756383,Julio Ricardo,Condori,Diaz,M,2015-12-17,Secundaria,1,B,Mañana,67,2013,Padre
2103,34060455,Joaquin Fernando,Lazo,Soto,M,2015-10-13,Secundaria,1,B,Mañana,67,2126,Madre
2104,12282275,Leonardo Andres,Gonzales,Aguilar,M,2015-09-05,Secundaria,1,B,Mañana,67,1741,Madre
2105,36703142,Adrian Renzo,Vasquez,Cruz,M,2015-11-05,Secundaria,1,B,Mañana,67,1232,Padre
2106,45554948,Walter Kevin,Huaman,Cutipa,M,2015-07-28,Secundaria,1,B,Mañana,67,3194,Padre
2107,75139746,Gustavo Gustavo,Aguilar,Bautista,M,2015-03-05,Secundaria,1,B,Mañana,67,989,Padre
2108,74352428,Carlos Cesar,Rivera,Cutipa,M,2015-07-05,Secundaria,1,B,Mañana,67,1631,Padre
2109,41998707,Gabriel Cristian,Gonzales,Silva,M,2015-04-19,Secundaria,1,B,Mañana,67,2136,Madre
2110,38522510,Luis Joaquin,Gonzales,Cruz,M,2015-09-27,Secundaria,1,B,Mañana,67,391,Madre
2111,37701793,Vanessa Grecia,Espinoza,Romero,F,2015-06-22,Secundaria,1,B,Mañana,67,1066,Madre
2112,43841537,Grecia Ximena,Rodriguez,Sanchez,F,2015-05-01,Secundaria,1,B,Mañana,67,1308,Padre
2113,71287277,Fiorella Lucia,Delgado,Mamani,F,2015-12-07,Secundaria,1,B,Mañana,67,2780,Madre
2114,27735306,Luis Walter,Delgado,Rimac,M,2015-07-30,Secundaria,1,B,Mañana,67,1913,Padre
2115,40012003,Abigail Yesenia,Herrera,Vargas,F,2015-01-28,Secundaria,1,B,Mañana,67,3110,Madre
2116,26763680,Milagros Isabel,Salvador,Marin,F,2015-07-15,Secundaria,1,B,Mañana,67,1045,Padre
2117,75247635,Oscar Samuel,Ochoa,Yataco,M,2015-04-27,Secundaria,1,B,Mañana,67,2609,Madre
2118,17668492,Edgar Angel,Ochoa,Reyes,M,2015-01-24,Secundaria,1,B,Mañana,67,3183,Madre
2119,44009279,Ivan Yamil,Huaraca,Vega,M,2015-07-26,Secundaria,1,B,Mañana,67,141,Madre
2120,21903844,Samuel Victor,Machaca,Cabrera,M,2015-10-13,Secundaria,1,B,Mañana,67,415,Madre
2121,53415364,Melissa Diana,Yupanqui,Mendoza,F,2015-12-08,Secundaria,1,C,Mañana,68,2701,Padre
2122,50762447,Vanessa Daniela,Flores,Machaca,F,2015-09-12,Secundaria,1,C,Mañana,68,1117,Madre
2123,45411287,Edgar Adrian,Herrera,Campos,M,2015-01-19,Secundaria,1,C,Mañana,68,3138,Padre
2124,29802938,Mateo Victor,Salazar,Rojas,M,2015-06-05,Secundaria,1,C,Mañana,68,1892,Padre
2125,71982869,Erick Elmer,Chavez,Flores,M,2015-03-24,Secundaria,1,C,Mañana,68,1161,Madre
2126,13934498,Emilio Rodrigo,Lazo,Alvarez,M,2015-09-06,Secundaria,1,C,Mañana,68,2948,Madre
2127,20037851,Kiara Rosa,Cardenas,Vargas,F,2015-10-27,Secundaria,1,C,Mañana,68,2479,Padre
2128,43183116,Julio Alexis,Choque,Apaza,M,2015-09-01,Secundaria,1,C,Mañana,68,1962,Madre
2129,35092729,Patricia Katty,Nunez,Cruz,F,2015-02-09,Secundaria,1,C,Mañana,68,1473,Madre
2130,32981158,Estefany Ana,Vega,Cutipa,F,2015-05-11,Secundaria,1,C,Mañana,68,2958,Madre
2131,74441783,Renzo Victor,Vargas,Rodriguez,M,2015-09-27,Secundaria,1,C,Mañana,68,398,Madre
2132,18138701,Jorge Victor,Mamani,Pacheco,M,2015-04-13,Secundaria,1,C,Mañana,68,505,Madre
2133,79159409,Adrian Edgar,Guzman,Espinoza,M,2015-12-07,Secundaria,1,C,Mañana,68,2917,Padre
2134,67184492,Luana Susan,Bravo,Ibarra,F,2015-08-18,Secundaria,1,C,Mañana,68,2305,Madre
2135,45699559,Estefany Xiomara,Apaza,Paredes,F,2015-10-11,Secundaria,1,C,Mañana,68,827,Madre
2136,56857181,Ruth Elena,Flores,Ticona,F,2015-12-17,Secundaria,1,C,Mañana,68,2687,Madre
2137,35820324,Danna Luz,Silva,Aguilar,F,2015-07-21,Secundaria,1,C,Mañana,68,2898,Madre
2138,23796571,Rafaella Milagros,Cutipa,Cutipa,F,2015-05-11,Secundaria,1,C,Mañana,68,2029,Padre
2139,59917327,Ricardo Alexander,Huaman,Nunez,M,2015-04-20,Secundaria,1,C,Mañana,68,806,Madre
2140,15660838,Ivan Gabriel,Marin,Fernandez,M,2015-04-22,Secundaria,1,C,Mañana,68,1560,Padre
2141,14341507,Kevin Emilio,Guzman,Gonzales,M,2015-07-06,Secundaria,1,C,Mañana,68,1724,Madre
2142,60544418,Aaron Franco,Flores,Cruz,M,2015-04-26,Secundaria,1,C,Mañana,68,3154,Padre
2143,56680726,Julia Carmen,Palacios,Gutierrez,F,2015-06-18,Secundaria,1,C,Mañana,68,2359,Madre
2144,53527764,Angel Jhoel,Huaraca,Espinoza,M,2015-02-12,Secundaria,1,C,Mañana,68,3187,Madre
2145,33500261,Adrian Wilson,Leon,Herrera,M,2015-06-19,Secundaria,1,C,Mañana,68,642,Madre
2146,28909032,Renzo Ricardo,Alvarez,Mamani,M,2015-07-26,Secundaria,1,C,Mañana,68,3062,Madre
2147,20509679,Ashley Luana,Aquino,Quispe,F,2015-05-27,Secundaria,1,C,Mañana,68,221,Madre
2148,78908653,Nicole Katty,Farfan,Diaz,F,2015-08-14,Secundaria,1,C,Mañana,68,1953,Padre
2149,20185330,Andres Elmer,Fernandez,Rimac,M,2015-07-18,Secundaria,1,C,Mañana,68,2918,Madre
2150,71790488,Antonella Zoe,Bautista,Rivera,F,2015-09-27,Secundaria,1,C,Mañana,68,387,Madre
2151,76192214,Katty Valentina,Espinoza,Flores,F,2015-07-28,Secundaria,1,C,Mañana,68,1960,Padre
2152,78101778,Fiorella Rosa,Paucar,Machaca,F,2015-02-12,Secundaria,1,C,Mañana,68,111,Padre
2153,57537010,Susan Teresa,Leon,Espinoza,F,2015-08-15,Secundaria,1,C,Mañana,68,303,Madre
2154,65563058,Zoe Teresa,Gonzales,Ibarra,F,2015-03-22,Secundaria,1,C,Mañana,68,193,Padre
2155,30872000,Yesenia Gabriela,Huaman,Espinoza,F,2015-12-12,Secundaria,1,C,Mañana,68,409,Madre
2156,45121634,Katherine Ashley,Huaraca,Fernandez,F,2015-03-26,Secundaria,1,D,Mañana,69,1931,Padre
2157,19374497,Alberto Martin,Quispe,Chavez,M,2015-05-13,Secundaria,1,D,Mañana,69,1652,Madre
2158,39371524,Alexander Cristian,Espinoza,Lazo,M,2015-01-22,Secundaria,1,D,Mañana,69,987,Padre
2159,30399340,Fiorella Xiomara,Chavez,Gonzales,F,2015-04-22,Secundaria,1,D,Mañana,69,962,Madre
2160,25191346,Julia Ashley,Lazo,Cabrera,F,2015-09-07,Secundaria,1,D,Mañana,69,467,Padre
2161,59226167,Dulce Ruth,Huaraca,Yataco,F,2015-10-23,Secundaria,1,D,Mañana,69,2732,Padre
2162,42328800,Thiago Marco,Guzman,Cutipa,M,2015-02-07,Secundaria,1,D,Mañana,69,3177,Padre
2163,12714852,Bryan Dylan,Leon,Espinoza,M,2015-12-19,Secundaria,1,D,Mañana,69,2651,Padre
2164,12172389,Edgar Samuel,Marin,Ruiz,M,2015-04-20,Secundaria,1,D,Mañana,69,1241,Madre
2165,50722229,Fabricio Joaquin,Silva,Fernandez,M,2015-01-29,Secundaria,1,D,Mañana,69,1873,Madre
2166,52363654,Samuel Wilson,Aguilar,Cabanillas,M,2015-02-22,Secundaria,1,D,Mañana,69,2106,Madre
2167,11929751,Xiomara Zoe,Yupanqui,Machaca,F,2015-09-13,Secundaria,1,D,Mañana,69,465,Madre
2168,35688553,Luz Ariana,Cardenas,Yupanqui,F,2015-08-22,Secundaria,1,D,Mañana,69,743,Padre
2169,77682707,Miguel Juan,Huaraca,Espinoza,M,2015-05-29,Secundaria,1,D,Mañana,69,2105,Padre
2170,29678029,Britany Karen,Ccahuana,Herrera,F,2015-01-27,Secundaria,1,D,Mañana,69,1764,Madre
2171,54179881,Julio Angel,Alarcon,Espinoza,M,2015-04-11,Secundaria,1,D,Mañana,69,811,Padre
2172,13779459,Gabriel Fabricio,Romero,Chavez,M,2015-01-05,Secundaria,1,D,Mañana,69,125,Padre
2173,60543356,Thiago Marco,Marin,Huaman,M,2015-09-28,Secundaria,1,D,Mañana,69,3027,Padre
2174,59573143,Maria Karen,Paucar,Romero,F,2015-10-10,Secundaria,1,D,Mañana,69,1752,Madre
2175,60444897,Gabriel Renzo,Flores,Condori,M,2015-01-09,Secundaria,1,D,Mañana,69,913,Padre
2176,56887383,Estefany Nayeli,Rivera,Silva,F,2015-10-19,Secundaria,1,D,Mañana,69,289,Padre
2177,68954263,Yolanda Luana,Rodriguez,Vega,F,2015-07-15,Secundaria,1,D,Mañana,69,560,Madre
2178,77916273,Elena Rafaella,Vasquez,Aguilar,F,2015-03-11,Secundaria,1,D,Mañana,69,3089,Padre
2179,55905620,Wilson Aaron,Rimac,Espinoza,M,2015-03-16,Secundaria,1,D,Mañana,69,2396,Madre
2180,49433702,Gustavo Jhon,Aguilar,Espinoza,M,2015-01-20,Secundaria,1,D,Mañana,69,240,Padre
2181,67552363,Gabriela Abigail,Ortiz,Cabanillas,F,2015-02-05,Secundaria,1,D,Mañana,69,2648,Padre
2182,76264695,Carlos Bryan,Machaca,Mendoza,M,2015-04-05,Secundaria,1,D,Mañana,69,1495,Padre
2183,13398918,Andres Erick,Ochoa,Nunez,M,2015-08-11,Secundaria,1,D,Mañana,69,1192,Madre
2184,76308113,Diana Rosa,Castillo,Quispe,F,2015-06-18,Secundaria,1,D,Mañana,69,2181,Padre
2185,41919294,Renzo Juan,Espinoza,Vega,M,2015-07-06,Secundaria,1,D,Mañana,69,1096,Madre
2186,22180817,Franco Gonzalo,Ortiz,Garcia,M,2015-08-29,Secundaria,1,D,Mañana,69,878,Madre
2187,43987672,Adrian Gabriel,Gutierrez,Reyes,M,2015-10-06,Secundaria,1,D,Mañana,69,1130,Padre
2188,56685062,Ian Alexander,Flores,Mendoza,M,2015-10-05,Secundaria,1,D,Mañana,69,718,Madre
2189,65063081,Samuel Piero,Garcia,Guzman,M,2015-06-24,Secundaria,1,D,Mañana,69,84,Madre
2190,58079062,Rodrigo Hugo,Cabanillas,Castillo,M,2015-10-14,Secundaria,1,D,Mañana,69,2671,Madre
2191,63137016,Piero Fabricio,Ortiz,Gonzales,M,2015-10-16,Secundaria,1,D,Mañana,69,2531,Madre
2192,31754863,Cristian Carlos,Fernandez,Espinoza,M,2015-12-28,Secundaria,1,E,Mañana,70,968,Padre
2193,20356642,Juan Victor,Rojas,Rivera,M,2015-07-21,Secundaria,1,E,Mañana,70,2667,Madre
2194,78853558,Joaquin Fabricio,Bautista,Cruz,M,2015-06-19,Secundaria,1,E,Mañana,70,389,Padre
2195,24782574,Ximena Ashley,Salazar,Flores,F,2015-03-29,Secundaria,1,E,Mañana,70,2640,Padre
2196,67230782,Grecia Paula,Palacios,Gonzales,F,2015-02-02,Secundaria,1,E,Mañana,70,906,Padre
2197,34429307,Marco Gonzalo,Rojas,Silva,M,2015-08-06,Secundaria,1,E,Mañana,70,2949,Madre
2198,13681208,Pilar Pilar,Ticona,Gonzales,F,2015-12-27,Secundaria,1,E,Mañana,70,1900,Madre
2199,78818131,Nicole Luz,Leon,Choque,F,2015-07-22,Secundaria,1,E,Mañana,70,270,Madre
2200,48149558,Nayeli Ariana,Ramos,Ruiz,F,2015-11-03,Secundaria,1,E,Mañana,70,278,Padre
2201,58531161,Juan Marco,Bautista,Bautista,M,2015-09-19,Secundaria,1,E,Mañana,70,1570,Padre
2202,21885096,Lucia Lucia,Campos,Romero,F,2015-04-11,Secundaria,1,E,Mañana,70,2715,Padre
2203,43743838,Yamil Jose,Sanchez,Paucar,M,2015-06-07,Secundaria,1,E,Mañana,70,1572,Padre
2204,53862078,Yesica Rafaella,Quispe,Yataco,F,2015-10-19,Secundaria,1,E,Mañana,70,1946,Padre
2205,54044707,Ricardo Yamil,Pacheco,Espinoza,M,2015-11-30,Secundaria,1,E,Mañana,70,1813,Padre
2206,18029403,Manuel Carlos,Salazar,Ccahuana,M,2015-01-23,Secundaria,1,E,Mañana,70,3031,Madre
2207,32869483,Rodrigo Jose,Cardenas,Romero,M,2015-09-29,Secundaria,1,E,Mañana,70,900,Madre
2208,33408037,Fernando Sebastian,Rimac,Alvarez,M,2015-10-17,Secundaria,1,E,Mañana,70,1814,Padre
2209,69462315,Ian Benjamin,Salvador,Sanchez,M,2015-05-02,Secundaria,1,E,Mañana,70,2575,Padre
2210,52389245,Ivan Gonzalo,Ramos,Sanchez,M,2015-12-10,Secundaria,1,E,Mañana,70,3188,Madre
2211,48462745,Camila Britany,Apaza,Salazar,F,2015-05-09,Secundaria,1,E,Mañana,70,238,Padre
2212,74209841,Nicolas Benjamin,Rimac,Fernandez,M,2015-04-07,Secundaria,1,E,Mañana,70,3068,Madre
2213,36771103,Anthony Julio,Rodriguez,Salvador,M,2015-07-26,Secundaria,1,E,Mañana,70,2638,Padre
2214,65125037,Cristian Nicolas,Salazar,Flores,M,2015-12-12,Secundaria,1,E,Mañana,70,1606,Padre
2215,17393892,Fiorella Paula,Delgado,Fernandez,F,2015-08-26,Secundaria,1,E,Mañana,70,697,Padre
2216,37271520,Andres Carlos,Salvador,Condori,M,2015-11-07,Secundaria,1,E,Mañana,70,2446,Madre
2217,65693404,Vanessa Teresa,Rojas,Quispe,F,2015-12-21,Secundaria,1,E,Mañana,70,2705,Padre
2218,34129616,Diana Isabel,Guzman,Condori,F,2015-10-22,Secundaria,1,E,Mañana,70,617,Madre
2219,35010502,Ashley Yesica,Alvarez,Villanueva,F,2015-06-21,Secundaria,1,E,Mañana,70,2885,Madre
2220,42226794,Julio Carlos,Guzman,Pacheco,M,2015-01-12,Secundaria,1,E,Mañana,70,785,Padre
2221,19185881,Ruth Milagros,Castillo,Alvarez,F,2015-11-10,Secundaria,1,E,Mañana,70,2849,Padre
2222,77527412,Antonella Rosa,Rojas,Vargas,F,2015-06-05,Secundaria,1,E,Mañana,70,1184,Padre
2223,22054399,Fernando Ivan,Alarcon,Aquino,M,2015-10-04,Secundaria,1,E,Mañana,70,2424,Madre
2224,15417476,Xiomara Ariana,Castillo,Paredes,F,2015-11-14,Secundaria,1,E,Mañana,70,2678,Madre
2225,28400987,Julia Valentina,Flores,Cabrera,F,2015-04-29,Secundaria,1,E,Mañana,70,868,Madre
2226,54216957,Britany Flor,Rojas,Cornejo,F,2015-11-06,Secundaria,1,E,Mañana,70,2259,Madre
2227,50350992,Melissa Melissa,Bautista,Ticona,F,2015-02-23,Secundaria,1,E,Mañana,70,1118,Madre
2228,53471191,Renzo Fabricio,Rivera,Paucar,M,2015-04-29,Secundaria,1,F,Mañana,71,1727,Madre
2229,58393750,Renata Daniela,Alvarez,Cornejo,F,2015-04-05,Secundaria,1,F,Mañana,71,2955,Padre
2230,67213941,Isabel Isabel,Carrillo,Cabanillas,F,2015-05-24,Secundaria,1,F,Mañana,71,828,Padre
2231,70382090,Alberto Angel,Huaman,Alarcon,M,2015-04-08,Secundaria,1,F,Mañana,71,1575,Madre
2232,31405123,Gustavo Anthony,Nunez,Rodriguez,M,2015-07-07,Secundaria,1,F,Mañana,71,341,Padre
2233,59397840,Elena Karen,Cruz,Ramos,F,2015-11-14,Secundaria,1,F,Mañana,71,2523,Madre
2234,50807407,Joaquin Alberto,Cardenas,Rivera,M,2015-03-03,Secundaria,1,F,Mañana,71,1907,Padre
2235,16940953,Camila Melissa,Sanchez,Sanchez,F,2015-06-28,Secundaria,1,F,Mañana,71,2363,Padre
2236,37705729,Diego Nicolas,Palacios,Guzman,M,2015-04-29,Secundaria,1,F,Mañana,71,183,Padre
2237,72205405,Yolanda Renata,Chavez,Cabanillas,F,2015-10-21,Secundaria,1,F,Mañana,71,1608,Padre
2238,50028752,Raul Renzo,Salazar,Cutipa,M,2015-11-12,Secundaria,1,F,Mañana,71,2685,Madre
2239,65616033,Jhoana Ariana,Condori,Alvarez,F,2015-04-16,Secundaria,1,F,Mañana,71,1283,Padre
2240,21914856,Alexandra Britany,Zavala,Condori,F,2015-10-14,Secundaria,1,F,Mañana,71,1768,Madre
2241,77737475,Sofia Britany,Torres,Sanchez,F,2015-01-07,Secundaria,1,F,Mañana,71,2066,Padre
2242,67005144,Grecia Jhoana,Rimac,Vasquez,F,2015-05-12,Secundaria,1,F,Mañana,71,2034,Padre
2243,51396011,Ximena Flor,Aquino,Cardenas,F,2015-12-19,Secundaria,1,F,Mañana,71,2963,Madre
2244,10001242,Jhoana Britany,Reyes,Cutipa,F,2015-06-10,Secundaria,1,F,Mañana,71,2616,Padre
2245,28512670,Alexander Mateo,Mamani,Sanchez,M,2015-04-23,Secundaria,1,F,Mañana,71,712,Padre
2246,40652758,Katherine Renata,Guzman,Farfan,F,2015-06-08,Secundaria,1,F,Mañana,71,51,Madre
2247,15287503,Wilson Dylan,Romero,Huaman,M,2015-01-06,Secundaria,1,F,Mañana,71,1671,Padre
2248,63337151,Alberto Juan,Nunez,Vilca,M,2015-02-07,Secundaria,1,G,Tarde,72,1139,Padre
2249,64940290,Jhon Dylan,Silva,Herrera,M,2015-04-08,Secundaria,1,G,Tarde,72,453,Madre
2250,71299165,Vanessa Yesica,Cornejo,Apaza,F,2015-05-26,Secundaria,1,G,Tarde,72,2301,Padre
2251,67248457,Diana Rafaella,Cruz,Nunez,F,2015-02-19,Secundaria,1,G,Tarde,72,1480,Madre
2252,68026736,Mateo Alexander,Lazo,Bautista,M,2015-07-26,Secundaria,1,G,Tarde,72,2839,Madre
2253,29743349,Patricia Britany,Gutierrez,Alvarez,F,2015-09-14,Secundaria,1,G,Tarde,72,2904,Madre
2254,71724816,Luis Victor,Ruiz,Gonzales,M,2015-02-22,Secundaria,1,G,Tarde,72,1720,Madre
2255,41725126,Abigail Paula,Ccahuana,Nunez,F,2015-09-24,Secundaria,1,G,Tarde,72,703,Padre
2256,10549018,Vanessa Pilar,Sanchez,Huaraca,F,2015-03-31,Secundaria,1,G,Tarde,72,354,Madre
2257,45642665,Lucia Jhoana,Nunez,Salvador,F,2015-02-20,Secundaria,1,G,Tarde,72,2711,Padre
2258,27555289,Edgar Gabriel,Cruz,Rivera,M,2015-10-16,Secundaria,1,G,Tarde,72,2027,Padre
2259,25454354,Franco Wilson,Apaza,Bautista,M,2015-11-09,Secundaria,1,G,Tarde,72,2389,Padre
2260,30565054,Ashley Milagros,Aguilar,Soto,F,2015-09-21,Secundaria,1,G,Tarde,72,200,Padre
2261,28842570,Diana Milagros,Ruiz,Ramos,F,2015-01-21,Secundaria,1,G,Tarde,72,951,Padre
2262,70953644,Melissa Camila,Huaman,Zavala,F,2015-07-17,Secundaria,1,G,Tarde,72,3048,Padre
2263,37226661,Ian Jhon,Gonzales,Ortiz,M,2015-08-11,Secundaria,1,G,Tarde,72,749,Padre
2264,18521111,Alessandra Gabriela,Apaza,Paredes,F,2015-06-27,Secundaria,1,G,Tarde,72,1941,Madre
2265,30117408,Ruth Elena,Paredes,Diaz,F,2015-06-23,Secundaria,1,G,Tarde,72,945,Madre
2266,61865768,Katty Xiomara,Rodriguez,Cornejo,F,2015-09-23,Secundaria,1,G,Tarde,72,2310,Madre
2267,31631917,Katty Alexandra,Vilca,Ortiz,F,2015-03-23,Secundaria,1,G,Tarde,72,359,Padre
2268,36087988,Aaron Manuel,Cruz,Romero,M,2015-10-22,Secundaria,1,G,Tarde,72,1939,Madre
2269,52188757,Manuel Mateo,Fernandez,Choque,M,2015-11-04,Secundaria,1,G,Tarde,72,2777,Padre
2270,62677194,Camila Gabriela,Romero,Condori,F,2015-11-17,Secundaria,1,G,Tarde,72,2373,Padre
2271,75139605,Rosa Xiomara,Gonzales,Fernandez,F,2015-06-26,Secundaria,1,G,Tarde,72,2961,Madre
2272,32519060,Dylan Diego,Mamani,Apaza,M,2015-09-10,Secundaria,1,G,Tarde,72,1795,Madre
2273,50729153,Diego Jhoel,Alarcon,Espinoza,M,2015-10-18,Secundaria,1,G,Tarde,72,577,Padre
2274,79123151,Fabricio Elmer,Vega,Apaza,M,2015-05-17,Secundaria,1,G,Tarde,72,1696,Padre
2275,78903086,Zoe Katherine,Zavala,Sanchez,F,2015-09-17,Secundaria,1,G,Tarde,72,782,Padre
2276,46455184,Rafaella Katty,Condori,Vasquez,F,2015-04-17,Secundaria,1,G,Tarde,72,907,Padre
2277,41279570,Renata Karen,Bravo,Cabanillas,F,2015-02-24,Secundaria,1,G,Tarde,72,1818,Padre
2278,19823116,Yesica Luz,Villanueva,Rimac,F,2015-05-30,Secundaria,1,G,Tarde,72,1118,Madre
2279,54041015,Jhon Sebastian,Rodriguez,Huaman,M,2015-02-13,Secundaria,1,G,Tarde,72,59,Padre
2280,11767314,Rodrigo Edgar,Soto,Salazar,M,2015-09-08,Secundaria,1,G,Tarde,72,2622,Padre
2281,24886114,Jose Angel,Paredes,Vargas,M,2015-06-13,Secundaria,1,G,Tarde,72,1540,Padre
2282,74619772,Ivan Emilio,Bravo,Farfan,M,2015-02-09,Secundaria,1,G,Tarde,72,272,Madre
2283,66671069,Valentina Fiorella,Ibarra,Silva,F,2015-12-22,Secundaria,1,G,Tarde,72,526,Madre
2284,28145630,Yolanda Ruth,Silva,Carrillo,F,2015-10-04,Secundaria,1,G,Tarde,72,1723,Padre
2285,19436786,Sofia Xiomara,Ochoa,Delgado,F,2015-05-26,Secundaria,1,G,Tarde,72,1717,Madre
2286,51232573,Paula Rosa,Espinoza,Vasquez,F,2015-08-04,Secundaria,1,H,Tarde,73,2739,Padre
2287,43525328,Luz Britany,Fernandez,Mendoza,F,2015-11-25,Secundaria,1,H,Tarde,73,2162,Madre
2288,16170476,Mia Antonella,Alvarez,Ramos,F,2015-03-31,Secundaria,1,H,Tarde,73,102,Madre
2289,49341898,Yesica Diana,Rodriguez,Apaza,F,2015-08-13,Secundaria,1,H,Tarde,73,1470,Madre
2290,42414003,Sebastian Fernando,Carrillo,Herrera,M,2015-02-23,Secundaria,1,H,Tarde,73,1167,Madre
2291,29290309,Victor Edgar,Paredes,Huaraca,M,2015-01-22,Secundaria,1,H,Tarde,73,2083,Padre
2292,48736708,Franco Yamil,Huaraca,Soto,M,2015-04-23,Secundaria,1,H,Tarde,73,483,Padre
2293,69039730,Grecia Ximena,Gonzales,Bravo,F,2015-06-17,Secundaria,1,H,Tarde,73,1514,Padre
2294,17008552,Paula Kiara,Alvarez,Mendoza,F,2015-01-29,Secundaria,1,H,Tarde,73,1427,Padre
2295,54401349,Manuel Samuel,Rojas,Cornejo,M,2015-06-20,Secundaria,1,H,Tarde,73,541,Padre
2296,25391331,Walter Rodrigo,Ibarra,Alarcon,M,2015-05-22,Secundaria,1,H,Tarde,73,2091,Padre
2297,29452938,Ruth Katty,Vilca,Diaz,F,2015-10-31,Secundaria,1,H,Tarde,73,2454,Madre
2298,61869848,Elena Isabel,Salazar,Silva,F,2015-04-13,Secundaria,1,H,Tarde,73,115,Madre
2299,54444121,Gonzalo Oscar,Vargas,Leon,M,2015-12-13,Secundaria,1,H,Tarde,73,351,Madre
2300,12676611,Isabel Ana,Chavez,Espinoza,F,2015-03-02,Secundaria,1,H,Tarde,73,1962,Madre
2301,69775624,Pilar Paula,Apaza,Rojas,F,2015-02-11,Secundaria,1,H,Tarde,73,2670,Madre
2302,19677583,Andres Marco,Alarcon,Alvarez,M,2015-05-10,Secundaria,1,H,Tarde,73,821,Padre
2303,24421268,Daniela Fiorella,Aguilar,Choque,F,2015-03-08,Secundaria,1,H,Tarde,73,379,Madre
2304,67341383,Erick Oscar,Bautista,Chavez,M,2015-10-20,Secundaria,1,H,Tarde,73,306,Madre
2305,22662671,Julio Dylan,Medina,Salazar,M,2015-10-01,Secundaria,1,H,Tarde,73,1899,Padre
2306,72235761,Luis Ian,Ruiz,Apaza,M,2015-04-06,Secundaria,1,H,Tarde,73,2055,Padre
2307,13681757,Jose Emilio,Torres,Aquino,M,2015-08-09,Secundaria,1,H,Tarde,73,641,Madre
2308,42818938,Pedro Yamil,Rivera,Aquino,M,2015-02-05,Secundaria,1,H,Tarde,73,1059,Padre
2309,45450519,Carlos Miguel,Salazar,Machaca,M,2015-11-13,Secundaria,1,H,Tarde,73,1396,Padre
2310,23235748,Estefany Yesenia,Lazo,Ochoa,F,2015-03-15,Secundaria,1,H,Tarde,73,697,Padre
2311,68708273,Ximena Patricia,Medina,Ruiz,F,2015-03-28,Secundaria,1,H,Tarde,73,3121,Madre
2312,10079972,Kiara Rosa,Cabrera,Vasquez,F,2015-09-11,Secundaria,1,H,Tarde,73,1409,Padre
2313,31755830,Nayeli Antonella,Gonzales,Chavez,F,2015-08-02,Secundaria,1,I,Tarde,74,2129,Padre
2314,61342745,Jorge Jhoel,Alvarez,Palacios,M,2015-02-08,Secundaria,1,I,Tarde,74,265,Padre
2315,14241764,Carmen Antonella,Cornejo,Quispe,F,2015-03-28,Secundaria,1,I,Tarde,74,139,Madre
2316,23052814,Abigail Yolanda,Vilca,Alvarez,F,2015-06-20,Secundaria,1,I,Tarde,74,1012,Padre
2317,64398333,Rodrigo Jhon,Cornejo,Ortiz,M,2015-07-13,Secundaria,1,I,Tarde,74,2162,Madre
2318,75101120,Bryan Alexander,Salazar,Herrera,M,2015-01-04,Secundaria,1,I,Tarde,74,1065,Madre
2319,12354873,Adrian Cristian,Rojas,Machaca,M,2015-08-06,Secundaria,1,I,Tarde,74,1009,Madre
2320,39731409,Susan Yolanda,Bravo,Vasquez,F,2015-03-08,Secundaria,1,I,Tarde,74,2793,Madre
2321,58590705,Danna Kiara,Rivera,Alarcon,F,2015-11-20,Secundaria,1,I,Tarde,74,2552,Madre
2322,16326964,Zoe Susan,Zavala,Garcia,F,2015-07-14,Secundaria,1,I,Tarde,74,602,Madre
2323,60122947,Daniela Mia,Soto,Aquino,F,2015-10-11,Secundaria,1,I,Tarde,74,1220,Padre
2324,27907913,Luis Miguel,Gonzales,Rojas,M,2015-05-25,Secundaria,1,I,Tarde,74,1190,Madre
2325,37760658,Joaquin Jhoel,Rodriguez,Vega,M,2015-05-17,Secundaria,1,I,Tarde,74,2726,Padre
2326,45841520,Milagros Carmen,Mamani,Mendoza,F,2015-01-16,Secundaria,1,I,Tarde,74,576,Padre
2327,20416026,Xiomara Valentina,Medina,Gutierrez,F,2015-08-05,Secundaria,1,I,Tarde,74,2687,Madre
2328,62139556,Antonella Mia,Alvarez,Aquino,F,2015-11-21,Secundaria,1,I,Tarde,74,232,Padre
2329,71167440,Cesar Cristian,Choque,Zavala,M,2015-06-01,Secundaria,1,I,Tarde,74,1919,Madre
2330,48141910,Kevin Diego,Mamani,Ochoa,M,2015-03-03,Secundaria,1,I,Tarde,74,364,Madre
2331,72465523,Yesenia Ximena,Castillo,Rojas,F,2015-05-30,Secundaria,1,I,Tarde,74,772,Madre
2332,67954875,Alexander Manuel,Ortiz,Paucar,M,2015-11-09,Secundaria,1,I,Tarde,74,240,Padre
2333,27283306,Gabriel Elmer,Sanchez,Cabanillas,M,2015-03-18,Secundaria,1,I,Tarde,74,2364,Madre
2334,71451904,Samuel Walter,Medina,Diaz,M,2015-03-23,Secundaria,1,I,Tarde,74,285,Padre
2335,45265637,Wilson Ivan,Vargas,Vasquez,M,2015-09-04,Secundaria,1,I,Tarde,74,2398,Padre
2336,76539995,Mateo Leonardo,Ccahuana,Ruiz,M,2015-03-01,Secundaria,1,I,Tarde,74,1832,Padre
2337,51990625,Alexis Jorge,Silva,Rivera,M,2015-08-26,Secundaria,1,J,Tarde,75,253,Padre
2338,18394133,Fabricio Jose,Torres,Alarcon,M,2015-08-23,Secundaria,1,J,Tarde,75,1033,Madre
2339,18923097,Xiomara Yesenia,Ticona,Alarcon,F,2015-11-02,Secundaria,1,J,Tarde,75,967,Padre
2340,63573028,Susan Susan,Silva,Pacheco,F,2015-09-28,Secundaria,1,J,Tarde,75,2971,Padre
2341,47526332,Jhon Manuel,Medina,Romero,M,2015-12-31,Secundaria,1,J,Tarde,75,753,Padre
2342,15795370,Paula Ruth,Yataco,Quispe,F,2015-06-16,Secundaria,1,J,Tarde,75,2393,Padre
2343,10570202,Diana Grecia,Aguilar,Salvador,F,2015-12-05,Secundaria,1,J,Tarde,75,1781,Madre
2344,42572406,Fiorella Zoe,Zavala,Mendoza,F,2015-03-30,Secundaria,1,J,Tarde,75,1173,Madre
2345,54918561,Sebastian Sebastian,Quispe,Cabrera,M,2015-03-04,Secundaria,1,J,Tarde,75,2313,Padre
2346,51196089,Alexander Juan,Chavez,Mamani,M,2015-11-20,Secundaria,1,J,Tarde,75,1310,Padre
2347,70425911,Thiago Pedro,Vilca,Choque,M,2015-11-04,Secundaria,1,J,Tarde,75,3128,Padre
2348,20154677,Adrian Piero,Ticona,Ochoa,M,2015-07-10,Secundaria,1,J,Tarde,75,405,Madre
2349,62904506,Alexander Carlos,Vasquez,Paredes,M,2015-09-10,Secundaria,1,J,Tarde,75,321,Madre
2350,74787012,Gabriel Gabriel,Carrillo,Vilca,M,2015-01-24,Secundaria,1,J,Tarde,75,274,Madre
2351,76572382,Estefany Emily,Huaman,Rojas,F,2015-01-20,Secundaria,1,J,Tarde,75,1015,Padre
2352,29253827,Isabel Renata,Apaza,Reyes,F,2015-09-11,Secundaria,1,J,Tarde,75,2746,Madre
2353,56013384,Diana Ximena,Villanueva,Soto,F,2015-03-26,Secundaria,1,J,Tarde,75,1828,Padre
2354,77321922,Piero Jorge,Gonzales,Zavala,M,2015-08-20,Secundaria,1,J,Tarde,75,690,Padre
2355,43261990,Julio Aaron,Espinoza,Espinoza,M,2015-03-07,Secundaria,1,J,Tarde,75,130,Madre
2356,67151783,Bryan Carlos,Cabanillas,Rodriguez,M,2015-10-12,Secundaria,1,J,Tarde,75,1701,Madre
2357,11242026,Alessandra Yolanda,Vilca,Huaman,F,2015-04-10,Secundaria,1,J,Tarde,75,451,Padre
2358,73818442,Teresa Nicole,Gutierrez,Rojas,F,2015-06-23,Secundaria,1,K,Tarde,76,655,Padre
2359,52092320,Marco Cristian,Castillo,Torres,M,2015-06-25,Secundaria,1,K,Tarde,76,620,Padre
2360,16211532,Jhoana Britany,Pacheco,Ramos,F,2015-07-03,Secundaria,1,K,Tarde,76,2198,Madre
2361,10278029,Miguel Carlos,Lazo,Ccahuana,M,2015-11-01,Secundaria,1,K,Tarde,76,80,Padre
2362,79842056,Kevin Gustavo,Rimac,Bravo,M,2015-03-15,Secundaria,1,K,Tarde,76,1921,Padre
2363,79700124,Alessandra Jhoana,Quispe,Medina,F,2015-05-09,Secundaria,1,K,Tarde,76,1666,Madre
2364,66227594,Gustavo Joaquin,Gonzales,Huaraca,M,2015-01-29,Secundaria,1,K,Tarde,76,1019,Madre
2365,25864138,Miguel Nicolas,Marin,Ortiz,M,2015-08-04,Secundaria,1,K,Tarde,76,707,Madre
2366,77364132,Adrian Raul,Rimac,Medina,M,2015-12-24,Secundaria,1,K,Tarde,76,677,Padre
2367,54065827,Nicole Melissa,Aguilar,Romero,F,2015-08-19,Secundaria,1,K,Tarde,76,449,Madre
2368,79912693,Dylan Alexis,Alarcon,Campos,M,2015-04-27,Secundaria,1,K,Tarde,76,1710,Padre
2369,56631985,Gabriel Jose,Delgado,Huaraca,M,2015-03-16,Secundaria,1,K,Tarde,76,3174,Padre
2370,21598474,Alexis Gabriel,Cardenas,Bravo,M,2015-02-27,Secundaria,1,K,Tarde,76,2384,Padre
2371,41042266,Carlos Luis,Cabrera,Carrillo,M,2015-05-18,Secundaria,1,K,Tarde,76,2106,Madre
2372,10055039,Anthony Bryan,Gutierrez,Apaza,M,2015-12-05,Secundaria,1,K,Tarde,76,957,Madre
2373,52741273,Hugo Gabriel,Nunez,Cardenas,M,2015-11-22,Secundaria,1,K,Tarde,76,1355,Madre
2374,79987045,Mateo Piero,Aquino,Nunez,M,2015-12-22,Secundaria,1,K,Tarde,76,2228,Padre
2375,27659104,Walter Carlos,Mamani,Guzman,M,2015-12-05,Secundaria,1,K,Tarde,76,1108,Padre
2376,57331918,Yesica Luana,Carrillo,Rivera,F,2015-08-09,Secundaria,1,K,Tarde,76,1683,Madre
2377,51190082,Rafaella Britany,Vargas,Carrillo,F,2015-03-03,Secundaria,1,K,Tarde,76,149,Padre
2378,39928718,Emily Emily,Alarcon,Quispe,F,2015-03-06,Secundaria,1,K,Tarde,76,2415,Madre
2379,34052713,Emilio Benjamin,Herrera,Alarcon,M,2015-04-29,Secundaria,1,K,Tarde,76,614,Madre
2380,63973811,Sebastian Pedro,Soto,Vargas,M,2015-02-09,Secundaria,1,K,Tarde,76,1804,Madre
2381,70237710,Jhoana Rafaella,Herrera,Villanueva,F,2015-11-19,Secundaria,1,K,Tarde,76,45,Padre
2382,45277938,Wilson Franco,Farfan,Ccahuana,M,2015-01-02,Secundaria,1,K,Tarde,76,1165,Madre
2383,44981063,Diana Daniela,Vega,Palacios,F,2015-09-24,Secundaria,1,K,Tarde,76,2470,Madre
2384,41162025,Katty Paula,Reyes,Mamani,F,2015-11-13,Secundaria,1,K,Tarde,76,2801,Madre
2385,75434684,Edgar Fabricio,Gonzales,Delgado,M,2015-10-15,Secundaria,1,K,Tarde,76,2464,Padre
2386,71674556,Rodrigo Oscar,Huaman,Machaca,M,2015-11-13,Secundaria,1,K,Tarde,76,730,Madre
2387,13497898,Erick Gustavo,Lazo,Alvarez,M,2015-12-11,Secundaria,1,K,Tarde,76,1438,Padre
2388,18884200,Valentina Antonella,Cabrera,Guzman,F,2015-07-13,Secundaria,1,K,Tarde,76,1411,Madre
2389,48644452,Oscar Gabriel,Cutipa,Bautista,M,2015-10-06,Secundaria,1,K,Tarde,76,728,Padre
2390,36721142,Daniela Ariana,Vega,Campos,F,2015-03-29,Secundaria,1,K,Tarde,76,2699,Padre
2391,24013942,Ivan Marco,Ccahuana,Paucar,M,2015-01-05,Secundaria,1,K,Tarde,76,1609,Padre
2392,35815972,Erick Andres,Carrillo,Ortiz,M,2015-09-20,Secundaria,1,K,Tarde,76,2540,Padre
2393,65991369,Piero Cesar,Leon,Lazo,M,2015-11-09,Secundaria,1,K,Tarde,76,3134,Madre
2394,39584797,Kevin Marco,Mendoza,Fernandez,M,2015-07-19,Secundaria,1,L,Tarde,77,621,Padre
2395,40091695,Adrian Walter,Condori,Villanueva,M,2015-04-04,Secundaria,1,L,Tarde,77,404,Madre
2396,70183403,Kiara Diana,Marin,Ortiz,F,2015-04-29,Secundaria,1,L,Tarde,77,1672,Madre
2397,50255171,Emily Ariana,Salvador,Ramos,F,2015-11-22,Secundaria,1,L,Tarde,77,1236,Madre
2398,68112480,Marco Andres,Cardenas,Vargas,M,2015-01-08,Secundaria,1,L,Tarde,77,1734,Madre
2399,47646965,Cesar Alexis,Huaman,Marin,M,2015-07-24,Secundaria,1,L,Tarde,77,2781,Padre
2400,29227570,Renata Alexandra,Cutipa,Cabanillas,F,2015-01-30,Secundaria,1,L,Tarde,77,3108,Madre
2401,20208300,Diana Renata,Palacios,Apaza,F,2015-08-03,Secundaria,1,L,Tarde,77,2148,Madre
2402,23416417,Jose Jorge,Salazar,Salvador,M,2015-08-14,Secundaria,1,L,Tarde,77,702,Madre
2403,65097513,Walter Hugo,Huaraca,Castillo,M,2015-07-02,Secundaria,1,L,Tarde,77,1802,Madre
2404,19258955,Nicole Britany,Cutipa,Salvador,F,2015-10-25,Secundaria,1,L,Tarde,77,3076,Padre
2405,55220680,Mia Valentina,Sanchez,Chavez,F,2015-03-03,Secundaria,1,L,Tarde,77,611,Madre
2406,56701770,Karen Elena,Cornejo,Villanueva,F,2015-11-02,Secundaria,1,L,Tarde,77,972,Padre
2407,77668268,Luis Piero,Paredes,Huaman,M,2015-12-09,Secundaria,1,L,Tarde,77,1463,Madre
2408,39565751,Vanessa Elena,Rodriguez,Ibarra,F,2015-05-05,Secundaria,1,L,Tarde,77,2983,Madre
2409,56087939,Adrian Fabricio,Delgado,Cornejo,M,2015-11-13,Secundaria,1,L,Tarde,77,1457,Padre
2410,25407391,Brenda Fiorella,Machaca,Alvarez,F,2015-03-23,Secundaria,1,L,Tarde,77,2500,Madre
2411,79701701,Fernando Jose,Pacheco,Fernandez,M,2015-02-09,Secundaria,1,L,Tarde,77,2502,Madre
2412,24795918,Patricia Yesenia,Ibarra,Rojas,F,2015-01-06,Secundaria,1,L,Tarde,77,1304,Madre
2413,29749933,Sebastian Benjamin,Ticona,Zavala,M,2015-04-07,Secundaria,1,L,Tarde,77,844,Padre
2414,13459700,Danna Paula,Torres,Vilca,F,2015-11-02,Secundaria,1,L,Tarde,77,2217,Padre
2415,70845393,Piero Angel,Apaza,Cardenas,M,2015-03-30,Secundaria,1,L,Tarde,77,303,Madre
2416,78284038,Manuel Aaron,Vasquez,Silva,M,2015-06-07,Secundaria,1,L,Tarde,77,959,Madre
2417,22735370,Raul Walter,Quispe,Vilca,M,2015-09-22,Secundaria,1,M,Tarde,78,943,Padre
2418,75764219,Paula Yesica,Bautista,Marin,F,2015-10-02,Secundaria,1,M,Tarde,78,315,Madre
2419,64424945,Wilson Andres,Diaz,Paredes,M,2015-09-14,Secundaria,1,M,Tarde,78,2303,Padre
2420,25762685,Leonardo Edgar,Villanueva,Marin,M,2015-02-22,Secundaria,1,M,Tarde,78,1435,Madre
2421,32688150,Wilson Adrian,Carrillo,Paredes,M,2015-03-19,Secundaria,1,M,Tarde,78,440,Padre
2422,57198866,Rafaella Nicole,Bravo,Romero,F,2015-10-13,Secundaria,1,M,Tarde,78,1089,Madre
2423,13925999,Thiago Raul,Yupanqui,Mamani,M,2015-06-18,Secundaria,1,M,Tarde,78,1586,Padre
2424,32780550,Jhoel Jhon,Reyes,Machaca,M,2015-08-22,Secundaria,1,M,Tarde,78,1526,Padre
2425,50253086,Renzo Andres,Espinoza,Ccahuana,M,2015-07-20,Secundaria,1,M,Tarde,78,501,Madre
2426,19746363,Joaquin Juan,Rodriguez,Gutierrez,M,2015-07-12,Secundaria,1,M,Tarde,78,409,Madre
2427,24982292,Anthony Nicolas,Vega,Huaraca,M,2015-04-30,Secundaria,1,M,Tarde,78,2588,Padre
2428,21488342,Diana Brenda,Aguilar,Lazo,F,2015-03-17,Secundaria,1,M,Tarde,78,3117,Padre
2429,33994728,Gonzalo Cesar,Campos,Vilca,M,2015-11-13,Secundaria,1,M,Tarde,78,2156,Madre
2430,69215740,Gustavo Erick,Ochoa,Choque,M,2015-01-18,Secundaria,1,M,Tarde,78,2118,Madre
2431,61954147,Piero Jorge,Paucar,Torres,M,2015-03-24,Secundaria,1,M,Tarde,78,2597,Madre
2432,20742336,Manuel Renzo,Yupanqui,Paucar,M,2015-08-21,Secundaria,1,M,Tarde,78,1026,Padre
2433,69223532,Jhoel Andres,Cabanillas,Vilca,M,2015-11-27,Secundaria,1,M,Tarde,78,1037,Padre
2434,57003057,Jorge Martin,Espinoza,Espinoza,M,2015-03-08,Secundaria,1,M,Tarde,78,942,Padre
2435,60215988,Melissa Yolanda,Torres,Soto,F,2015-09-08,Secundaria,1,M,Tarde,78,492,Madre
2436,77794166,Lucia Flor,Sanchez,Salazar,F,2015-03-29,Secundaria,1,M,Tarde,78,412,Padre
2437,39076343,Maria Diana,Rodriguez,Quispe,F,2015-06-10,Secundaria,1,M,Tarde,78,689,Padre
2438,66314366,Ana Diana,Ibarra,Ibarra,F,2015-06-06,Secundaria,1,M,Tarde,78,23,Madre
2439,20657792,Oscar Ricardo,Campos,Villanueva,M,2015-02-05,Secundaria,1,M,Tarde,78,119,Padre
2440,18286009,Camila Lucia,Garcia,Campos,F,2015-10-03,Secundaria,1,M,Tarde,78,1686,Madre
2441,36106614,Marco Rodrigo,Salazar,Paucar,M,2015-09-23,Secundaria,1,M,Tarde,78,3118,Madre
2442,41747104,Joaquin Kevin,Rodriguez,Leon,M,2015-01-13,Secundaria,1,M,Tarde,78,853,Madre
2443,24289784,Alberto Walter,Vargas,Chavez,M,2015-06-14,Secundaria,1,M,Tarde,78,2238,Madre
2444,61156491,Yolanda Grecia,Vilca,Salvador,F,2015-08-03,Secundaria,1,M,Tarde,78,2168,Padre
2445,57068621,Gabriela Ximena,Bravo,Lazo,F,2015-02-23,Secundaria,1,M,Tarde,78,2372,Padre
2446,76717694,Yamil Franco,Mamani,Quispe,M,2015-05-25,Secundaria,1,M,Tarde,78,3112,Padre
2447,64201372,Cesar Jhoel,Vasquez,Espinoza,M,2015-09-23,Secundaria,1,M,Tarde,78,110,Padre
2448,73967139,Ian Ian,Cardenas,Silva,M,2015-01-11,Secundaria,1,M,Tarde,78,2943,Padre
2449,10060709,Kevin Franco,Yataco,Sanchez,M,2015-12-21,Secundaria,1,M,Tarde,78,1212,Padre
2450,20115108,Cesar Marco,Romero,Salvador,M,2015-12-05,Secundaria,1,M,Tarde,78,2291,Padre
2451,55718515,Alberto Alexander,Cornejo,Leon,M,2015-01-25,Secundaria,1,M,Tarde,78,659,Padre
2452,74556765,Ashley Estefany,Paredes,Ruiz,F,2015-03-28,Secundaria,1,M,Tarde,78,937,Padre
2453,71458334,Luis Renzo,Sanchez,Ruiz,M,2015-02-18,Secundaria,1,M,Tarde,78,1374,Padre
2454,57799723,Ruth Grecia,Espinoza,Rivera,F,2015-01-12,Secundaria,1,M,Tarde,78,264,Madre
2455,37172442,Katty Grecia,Espinoza,Lazo,F,2015-07-13,Secundaria,1,M,Tarde,78,1035,Padre
2456,60488373,Abigail Elena,Quispe,Condori,F,2014-12-09,Secundaria,2,A,Mañana,79,2568,Madre
2457,33285780,Angel Cristian,Garcia,Garcia,M,2014-08-23,Secundaria,2,A,Mañana,79,427,Padre
2458,45762987,Samuel Alexander,Vilca,Vargas,M,2014-10-21,Secundaria,2,A,Mañana,79,2658,Padre
2459,62721349,Yamil Dylan,Cornejo,Romero,M,2014-05-06,Secundaria,2,A,Mañana,79,1141,Padre
2460,63234481,Jhoel Alberto,Machaca,Ibarra,M,2014-05-07,Secundaria,2,A,Mañana,79,57,Padre
2461,37967577,Aaron Diego,Cruz,Ticona,M,2014-12-01,Secundaria,2,A,Mañana,79,700,Padre
2462,56871792,Leonardo Gonzalo,Quispe,Delgado,M,2014-08-03,Secundaria,2,A,Mañana,79,3155,Padre
2463,13876801,Erick Angel,Pacheco,Cabanillas,M,2014-12-20,Secundaria,2,A,Mañana,79,2735,Padre
2464,77894642,Ariana Maria,Vasquez,Chavez,F,2014-12-30,Secundaria,2,A,Mañana,79,2887,Madre
2465,27449243,Jhoel Franco,Ibarra,Aguilar,M,2014-08-04,Secundaria,2,A,Mañana,79,41,Madre
2466,40302287,Katherine Grecia,Rojas,Ochoa,F,2014-09-29,Secundaria,2,A,Mañana,79,925,Padre
2467,21759858,Cesar Raul,Rojas,Farfan,M,2014-08-02,Secundaria,2,A,Mañana,79,1773,Madre
2468,35723848,Elmer Gonzalo,Delgado,Bravo,M,2014-02-05,Secundaria,2,A,Mañana,79,123,Madre
2469,60952183,Brenda Sofia,Soto,Ortiz,F,2014-06-18,Secundaria,2,A,Mañana,79,1078,Padre
2470,22630177,Nayeli Luana,Condori,Ortiz,F,2014-06-07,Secundaria,2,A,Mañana,79,812,Padre
2471,40352114,Ariana Danna,Huaman,Ibarra,F,2014-08-04,Secundaria,2,A,Mañana,79,3109,Padre
2472,50261724,Benjamin Gonzalo,Cornejo,Fernandez,M,2014-12-12,Secundaria,2,A,Mañana,79,1562,Madre
2473,46310192,Jhoana Flor,Flores,Sanchez,F,2014-01-22,Secundaria,2,A,Mañana,79,2412,Padre
2474,72942015,Abigail Sofia,Gutierrez,Cabrera,F,2014-04-04,Secundaria,2,A,Mañana,79,1068,Padre
2475,42404291,Milagros Xiomara,Ticona,Nunez,F,2014-09-26,Secundaria,2,A,Mañana,79,557,Padre
2476,39278866,Wilson Angel,Ibarra,Aquino,M,2014-04-20,Secundaria,2,A,Mañana,79,1413,Madre
2477,39569539,Edgar Marco,Yupanqui,Rodriguez,M,2014-07-13,Secundaria,2,A,Mañana,79,2566,Madre
2478,42779832,Karen Milagros,Choque,Pacheco,F,2014-01-21,Secundaria,2,A,Mañana,79,429,Madre
2479,37910468,Angel Pedro,Ochoa,Ccahuana,M,2014-08-09,Secundaria,2,A,Mañana,79,3025,Padre
2480,54856216,Mateo Pedro,Romero,Nunez,M,2014-07-02,Secundaria,2,A,Mañana,79,2001,Madre
2481,14211156,Manuel Mateo,Garcia,Campos,M,2014-11-07,Secundaria,2,A,Mañana,79,1764,Madre
2482,13980707,Paula Maria,Palacios,Guzman,F,2014-10-13,Secundaria,2,A,Mañana,79,533,Padre
2483,20096401,Miguel Gonzalo,Alarcon,Ccahuana,M,2014-02-18,Secundaria,2,A,Mañana,79,1489,Padre
2484,34228747,Maria Melissa,Cabanillas,Leon,F,2014-09-15,Secundaria,2,A,Mañana,79,1111,Padre
2485,11116284,Alexander Samuel,Carrillo,Villanueva,M,2014-03-14,Secundaria,2,A,Mañana,79,2687,Madre
2486,78253127,Grecia Valentina,Chavez,Rojas,F,2014-03-03,Secundaria,2,A,Mañana,79,1913,Padre
2487,79516923,Yesenia Ruth,Aquino,Huaman,F,2014-09-16,Secundaria,2,A,Mañana,79,490,Padre
2488,18933141,Cristian Jorge,Salazar,Rojas,M,2014-04-30,Secundaria,2,A,Mañana,79,2355,Padre
2489,32629128,Piero Alexis,Garcia,Ccahuana,M,2014-12-22,Secundaria,2,B,Mañana,80,2302,Madre
2490,36643431,Jorge Ivan,Paucar,Flores,M,2014-11-12,Secundaria,2,B,Mañana,80,2555,Madre
2491,10082337,Estefany Danna,Medina,Carrillo,F,2014-04-07,Secundaria,2,B,Mañana,80,2740,Madre
2492,44332164,Yamil Luis,Ccahuana,Nunez,M,2014-08-16,Secundaria,2,B,Mañana,80,1532,Padre
2493,51095640,Renzo Alexis,Salazar,Yupanqui,M,2014-08-28,Secundaria,2,B,Mañana,80,1499,Padre
2494,14630852,Patricia Camila,Pacheco,Leon,F,2014-08-17,Secundaria,2,B,Mañana,80,721,Madre
2495,64359781,Dulce Alessandra,Ccahuana,Condori,F,2014-03-27,Secundaria,2,B,Mañana,80,2788,Madre
2496,14130557,Jose Martin,Condori,Huaraca,M,2014-01-22,Secundaria,2,B,Mañana,80,1348,Padre
2497,23405463,Elena Yesica,Farfan,Vilca,F,2014-07-07,Secundaria,2,B,Mañana,80,1240,Padre
2498,70136392,Nicole Katherine,Palacios,Pacheco,F,2014-01-26,Secundaria,2,B,Mañana,80,2702,Madre
2499,16117447,Carmen Ximena,Leon,Aquino,F,2014-04-19,Secundaria,2,B,Mañana,80,3016,Padre
2500,17778946,Bryan Benjamin,Bautista,Cardenas,M,2014-07-04,Secundaria,2,B,Mañana,80,60,Madre
2501,56980095,Fabricio Piero,Ochoa,Gutierrez,M,2014-01-26,Secundaria,2,B,Mañana,80,1803,Madre
2502,12967646,Kevin Aaron,Herrera,Cardenas,M,2014-06-19,Secundaria,2,B,Mañana,80,322,Padre
2503,39580520,Victor Pedro,Ticona,Vilca,M,2014-05-25,Secundaria,2,B,Mañana,80,1422,Madre
2504,25161989,Katty Dulce,Leon,Bautista,F,2014-04-10,Secundaria,2,B,Mañana,80,2311,Madre
2505,36796907,Julio Pedro,Vargas,Vilca,M,2014-02-04,Secundaria,2,B,Mañana,80,198,Madre
2506,23721378,Britany Melissa,Paucar,Ochoa,F,2014-05-06,Secundaria,2,B,Mañana,80,397,Padre
2507,56763237,Edgar Oscar,Medina,Carrillo,M,2014-10-09,Secundaria,2,B,Mañana,80,773,Padre
2508,28812459,Julia Katherine,Rojas,Garcia,F,2014-09-19,Secundaria,2,B,Mañana,80,2978,Madre
2509,40481806,Rosa Susan,Herrera,Quispe,F,2014-01-23,Secundaria,2,B,Mañana,80,895,Madre
2510,67725436,Marco Elmer,Ortiz,Ramos,M,2014-10-26,Secundaria,2,B,Mañana,80,2893,Madre
2511,22769112,Renata Vanessa,Pacheco,Mamani,F,2014-09-24,Secundaria,2,B,Mañana,80,1879,Padre
2512,70106051,Gonzalo Gonzalo,Alarcon,Marin,M,2014-02-12,Secundaria,2,B,Mañana,80,3059,Padre
2513,75787644,Ricardo Piero,Rimac,Villanueva,M,2014-03-05,Secundaria,2,B,Mañana,80,1789,Padre
2514,15279824,Thiago Dylan,Ibarra,Ibarra,M,2014-10-12,Secundaria,2,B,Mañana,80,1384,Padre
2515,57700481,Pilar Ximena,Cardenas,Gonzales,F,2014-01-01,Secundaria,2,B,Mañana,80,2474,Madre
2516,25696594,Angel Wilson,Apaza,Castillo,M,2014-11-26,Secundaria,2,B,Mañana,80,2887,Madre
2517,53943380,Emilio Jhoel,Huaman,Paucar,M,2014-12-26,Secundaria,2,B,Mañana,80,1111,Padre
2518,65197520,Alessandra Ariana,Espinoza,Alvarez,F,2014-04-24,Secundaria,2,B,Mañana,80,1211,Padre
2519,36158558,Edgar Leonardo,Flores,Alarcon,M,2014-02-25,Secundaria,2,B,Mañana,80,1620,Padre
2520,18634268,Renata Julia,Vasquez,Castillo,F,2014-09-04,Secundaria,2,B,Mañana,80,3123,Padre
2521,64371117,Alexander Raul,Leon,Garcia,M,2014-05-04,Secundaria,2,B,Mañana,80,332,Madre
2522,14763665,Katty Nayeli,Lazo,Campos,F,2014-10-17,Secundaria,2,B,Mañana,80,2176,Padre
2523,60007719,Gabriel Jorge,Castillo,Cabrera,M,2014-12-17,Secundaria,2,B,Mañana,80,486,Madre
2524,31821669,Ana Lucia,Herrera,Torres,F,2014-06-08,Secundaria,2,C,Mañana,81,2930,Madre
2525,31011167,Ian Benjamin,Salazar,Pacheco,M,2014-08-23,Secundaria,2,C,Mañana,81,92,Madre
2526,42601143,Kiara Britany,Cutipa,Quispe,F,2014-12-03,Secundaria,2,C,Mañana,81,2170,Padre
2527,41674633,Cesar Joaquin,Reyes,Medina,M,2014-07-10,Secundaria,2,C,Mañana,81,1952,Padre
2528,60327518,Nicolas Edgar,Cabanillas,Marin,M,2014-03-13,Secundaria,2,C,Mañana,81,2202,Madre
2529,30650623,Yolanda Katherine,Delgado,Vilca,F,2014-04-09,Secundaria,2,C,Mañana,81,205,Madre
2530,41976863,Britany Nicole,Vasquez,Ramos,F,2014-12-04,Secundaria,2,C,Mañana,81,1806,Madre
2531,15480974,Adrian Jorge,Castillo,Lazo,M,2014-03-28,Secundaria,2,C,Mañana,81,514,Madre
2532,27852548,Mateo Ricardo,Yataco,Gutierrez,M,2014-02-20,Secundaria,2,C,Mañana,81,1594,Padre
2533,41149592,Elmer Gabriel,Ccahuana,Lazo,M,2014-07-22,Secundaria,2,C,Mañana,81,914,Padre
2534,71843871,Dulce Alexandra,Paredes,Rodriguez,F,2014-07-17,Secundaria,2,C,Mañana,81,883,Madre
2535,40729541,Carlos Andres,Bautista,Aguilar,M,2014-11-16,Secundaria,2,C,Mañana,81,2450,Padre
2536,73172117,Patricia Karen,Cruz,Vargas,F,2014-01-07,Secundaria,2,C,Mañana,81,860,Padre
2537,35295758,Xiomara Diana,Choque,Garcia,F,2014-01-09,Secundaria,2,C,Mañana,81,3033,Madre
2538,40068186,Edgar Marco,Silva,Gutierrez,M,2014-09-03,Secundaria,2,C,Mañana,81,1179,Padre
2539,28559270,Antonella Emily,Condori,Marin,F,2014-04-08,Secundaria,2,C,Mañana,81,1787,Madre
2540,10053192,Rafaella Ashley,Cornejo,Ibarra,F,2014-02-01,Secundaria,2,C,Mañana,81,1646,Madre
2541,75161095,Fabricio Alberto,Castillo,Campos,M,2014-07-04,Secundaria,2,C,Mañana,81,3004,Padre
2542,76041193,Kevin Dylan,Ccahuana,Garcia,M,2014-06-09,Secundaria,2,C,Mañana,81,778,Madre
2543,66558767,Ashley Katty,Cutipa,Campos,F,2014-02-02,Secundaria,2,C,Mañana,81,2104,Madre
2544,24030908,Flor Sofia,Salazar,Gonzales,F,2014-05-13,Secundaria,2,C,Mañana,81,1404,Padre
2545,62645908,Luana Pilar,Palacios,Ochoa,F,2014-08-27,Secundaria,2,C,Mañana,81,269,Padre
2546,62452241,Estefany Katty,Rodriguez,Flores,F,2014-06-28,Secundaria,2,C,Mañana,81,2601,Madre
2547,48569894,Grecia Abigail,Aquino,Paucar,F,2014-03-28,Secundaria,2,C,Mañana,81,540,Padre
2548,23007596,Milagros Yolanda,Flores,Romero,F,2014-06-27,Secundaria,2,D,Mañana,82,2066,Padre
2549,46406090,Mia Dulce,Mendoza,Huaman,F,2014-06-23,Secundaria,2,D,Mañana,82,345,Padre
2550,70669460,Adrian Gabriel,Cardenas,Fernandez,M,2014-01-01,Secundaria,2,D,Mañana,82,1442,Padre
2551,49642756,Jorge Luis,Espinoza,Ruiz,M,2014-03-28,Secundaria,2,D,Mañana,82,2831,Madre
2552,39121998,Miguel Leonardo,Condori,Fernandez,M,2014-10-07,Secundaria,2,D,Mañana,82,695,Madre
2553,13297567,Ian Franco,Campos,Aquino,M,2014-07-02,Secundaria,2,D,Mañana,82,1024,Madre
2554,44868436,Zoe Pilar,Rojas,Nunez,F,2014-01-31,Secundaria,2,D,Mañana,82,2386,Madre
2555,38051964,Yesenia Elena,Fernandez,Reyes,F,2014-06-27,Secundaria,2,D,Mañana,82,3026,Padre
2556,13520680,Franco Martin,Medina,Gutierrez,M,2014-03-15,Secundaria,2,D,Mañana,82,2607,Madre
2557,71990492,Kiara Luz,Ticona,Ruiz,F,2014-11-29,Secundaria,2,D,Mañana,82,927,Padre
2558,18231023,Ariana Abigail,Bautista,Alvarez,F,2014-07-12,Secundaria,2,D,Mañana,82,1063,Padre
2559,64041519,Diego Anthony,Cutipa,Romero,M,2014-10-24,Secundaria,2,D,Mañana,82,751,Padre
2560,22337819,Victor Alexis,Romero,Fernandez,M,2014-08-29,Secundaria,2,D,Mañana,82,512,Madre
2561,45486328,Gabriel Marco,Machaca,Delgado,M,2014-06-25,Secundaria,2,D,Mañana,82,392,Padre
2562,14607242,Piero Hugo,Ortiz,Alarcon,M,2014-12-28,Secundaria,2,D,Mañana,82,1287,Madre
2563,62483573,Mateo Edgar,Lazo,Rivera,M,2014-04-19,Secundaria,2,D,Mañana,82,856,Padre
2564,28474746,Yesenia Patricia,Ruiz,Machaca,F,2014-04-06,Secundaria,2,D,Mañana,82,1341,Madre
2565,60568580,Yolanda Alessandra,Rodriguez,Choque,F,2014-10-24,Secundaria,2,D,Mañana,82,2830,Madre
2566,15731798,Elena Mia,Ibarra,Ibarra,F,2014-04-12,Secundaria,2,D,Mañana,82,1852,Padre
2567,26184536,Franco Victor,Carrillo,Gutierrez,M,2014-04-09,Secundaria,2,D,Mañana,82,1851,Madre
2568,67858372,Walter Benjamin,Castillo,Cruz,M,2014-08-19,Secundaria,2,D,Mañana,82,1300,Madre
2569,28423666,Thiago Cristian,Campos,Espinoza,M,2014-04-09,Secundaria,2,D,Mañana,82,772,Madre
2570,49076471,Hugo Oscar,Ortiz,Ramos,M,2014-12-17,Secundaria,2,D,Mañana,82,2421,Padre
2571,52871833,Antonella Zoe,Pacheco,Cabrera,F,2014-01-16,Secundaria,2,D,Mañana,82,1575,Madre
2572,66550084,Bryan Oscar,Vilca,Medina,M,2014-02-14,Secundaria,2,D,Mañana,82,1612,Padre
2573,74010863,Alexis Andres,Alarcon,Diaz,M,2014-05-29,Secundaria,2,D,Mañana,82,2268,Madre
2574,27985337,Luana Yesica,Apaza,Aguilar,F,2014-08-13,Secundaria,2,D,Mañana,82,736,Padre
2575,43718963,Dulce Gabriela,Reyes,Ortiz,F,2014-05-05,Secundaria,2,D,Mañana,82,1780,Padre
2576,37454800,Emily Flor,Mendoza,Cornejo,F,2014-08-05,Secundaria,2,D,Mañana,82,2864,Madre
2577,38134473,Ruth Katherine,Nunez,Villanueva,F,2014-08-01,Secundaria,2,D,Mañana,82,3175,Padre
2578,60772799,Bryan Andres,Reyes,Silva,M,2014-02-02,Secundaria,2,D,Mañana,82,385,Padre
2579,42665422,Jhoana Paula,Soto,Gutierrez,F,2014-10-06,Secundaria,2,D,Mañana,82,278,Padre
2580,23167338,Antonella Brenda,Alvarez,Bravo,F,2014-11-09,Secundaria,2,D,Mañana,82,2731,Madre
2581,48604751,Sofia Rosa,Zavala,Vilca,F,2014-09-05,Secundaria,2,D,Mañana,82,2438,Padre
2582,56123438,Walter Carlos,Silva,Cabanillas,M,2014-10-07,Secundaria,2,D,Mañana,82,547,Padre
2583,25622868,Luz Valentina,Ibarra,Marin,F,2014-12-18,Secundaria,2,E,Mañana,83,737,Padre
2584,37989364,Valentina Rafaella,Herrera,Quispe,F,2014-07-13,Secundaria,2,E,Mañana,83,3075,Padre
2585,26899922,Erick Martin,Ortiz,Lazo,M,2014-08-26,Secundaria,2,E,Mañana,83,887,Padre
2586,22871885,Rafaella Maria,Machaca,Machaca,F,2014-07-14,Secundaria,2,E,Mañana,83,2536,Madre
2587,79499704,Carmen Ariana,Silva,Reyes,F,2014-07-22,Secundaria,2,E,Mañana,83,1123,Padre
2588,19473153,Mateo Dylan,Pacheco,Diaz,M,2014-09-30,Secundaria,2,E,Mañana,83,254,Padre
2589,55695882,Gabriel Marco,Cabrera,Lazo,M,2014-08-23,Secundaria,2,E,Mañana,83,2561,Padre
2590,37283997,Alexander Nicolas,Lazo,Guzman,M,2014-10-28,Secundaria,2,E,Mañana,83,1822,Padre
2591,70193930,Carmen Vanessa,Yataco,Salvador,F,2014-12-18,Secundaria,2,E,Mañana,83,2615,Padre
2592,44963593,Diana Milagros,Machaca,Leon,F,2014-10-25,Secundaria,2,E,Mañana,83,2669,Madre
2593,38992411,Fernando Manuel,Rimac,Ibarra,M,2014-04-26,Secundaria,2,E,Mañana,83,601,Madre
2594,41352786,Jhon Marco,Fernandez,Cornejo,M,2014-01-24,Secundaria,2,E,Mañana,83,2634,Madre
2595,51662215,Alexandra Ana,Villanueva,Vargas,F,2014-04-04,Secundaria,2,E,Mañana,83,2766,Madre
2596,36562646,Cesar Ivan,Castillo,Herrera,M,2014-05-28,Secundaria,2,E,Mañana,83,1005,Padre
2597,50790038,Lucia Estefany,Ticona,Alvarez,F,2014-03-16,Secundaria,2,E,Mañana,83,1863,Madre
2598,29228281,Leonardo Ian,Campos,Gutierrez,M,2014-10-07,Secundaria,2,E,Mañana,83,1099,Madre
2599,15693045,Flor Vanessa,Rivera,Cruz,F,2014-03-25,Secundaria,2,E,Mañana,83,2545,Madre
2600,75445843,Adrian Yamil,Fernandez,Chavez,M,2014-08-04,Secundaria,2,E,Mañana,83,2454,Madre
2601,10686171,Cesar Martin,Cabanillas,Quispe,M,2014-01-31,Secundaria,2,E,Mañana,83,1548,Madre
2602,22561299,Gabriela Katty,Vilca,Sanchez,F,2014-03-11,Secundaria,2,E,Mañana,83,1120,Madre
2603,49974367,Alberto Jose,Espinoza,Bravo,M,2014-03-24,Secundaria,2,E,Mañana,83,1595,Madre
2604,52655904,Brenda Jhoana,Campos,Chavez,F,2014-12-26,Secundaria,2,E,Mañana,83,1611,Padre
2605,27888966,Ricardo Anthony,Medina,Ochoa,M,2014-03-05,Secundaria,2,E,Mañana,83,859,Madre
2606,22385594,Jhoana Rosa,Apaza,Salvador,F,2014-12-12,Secundaria,2,E,Mañana,83,1266,Padre
2607,39837366,Katherine Katty,Vega,Chavez,F,2014-10-02,Secundaria,2,E,Mañana,83,2719,Madre
2608,59491034,Dulce Diana,Farfan,Vilca,F,2014-05-15,Secundaria,2,E,Mañana,83,1987,Padre
2609,55071177,Cristian Nicolas,Vilca,Ticona,M,2014-12-22,Secundaria,2,E,Mañana,83,2397,Madre
2610,45114734,Camila Ana,Ticona,Ramos,F,2014-12-27,Secundaria,2,F,Mañana,84,1229,Madre
2611,56628832,Mateo Pedro,Villanueva,Ortiz,M,2014-07-26,Secundaria,2,F,Mañana,84,1528,Padre
2612,71930488,Martin Leonardo,Alvarez,Herrera,M,2014-11-01,Secundaria,2,F,Mañana,84,2262,Padre
2613,29524670,Martin Mateo,Espinoza,Huaman,M,2014-10-25,Secundaria,2,F,Mañana,84,1990,Padre
2614,29819613,Piero Aaron,Diaz,Fernandez,M,2014-01-28,Secundaria,2,F,Mañana,84,2047,Madre
2615,20647869,Martin Martin,Machaca,Castillo,M,2014-03-07,Secundaria,2,F,Mañana,84,2265,Madre
2616,17686483,Cesar Ian,Choque,Aquino,M,2014-09-12,Secundaria,2,F,Mañana,84,1083,Madre
2617,38296010,Alberto Benjamin,Cruz,Diaz,M,2014-07-30,Secundaria,2,F,Mañana,84,194,Padre
2618,53223215,Mateo Diego,Torres,Sanchez,M,2014-03-11,Secundaria,2,F,Mañana,84,849,Madre
2619,51236101,Sofia Gabriela,Cruz,Paucar,F,2014-07-15,Secundaria,2,F,Mañana,84,184,Madre
2620,50933623,Britany Yesica,Ticona,Vega,F,2014-01-01,Secundaria,2,F,Mañana,84,364,Madre
2621,67126208,Erick Ian,Ruiz,Bravo,M,2014-07-01,Secundaria,2,F,Mañana,84,2196,Padre
2622,77721813,Ruth Patricia,Torres,Lazo,F,2014-06-12,Secundaria,2,F,Mañana,84,1305,Madre
2623,65334223,Miguel Sebastian,Ochoa,Cabanillas,M,2014-12-26,Secundaria,2,F,Mañana,84,3172,Padre
2624,56639056,Danna Rosa,Soto,Yataco,F,2014-07-04,Secundaria,2,F,Mañana,84,129,Padre
2625,23379557,Angel Oscar,Castillo,Pacheco,M,2014-03-22,Secundaria,2,F,Mañana,84,458,Madre
2626,11540837,Gabriel Cesar,Chavez,Choque,M,2014-07-08,Secundaria,2,F,Mañana,84,1332,Madre
2627,78189464,Elena Katty,Yataco,Palacios,F,2014-06-14,Secundaria,2,F,Mañana,84,717,Madre
2628,25221492,Dulce Carmen,Huaraca,Rivera,F,2014-05-25,Secundaria,2,F,Mañana,84,1132,Madre
2629,17347838,Victor Edgar,Campos,Ticona,M,2014-09-21,Secundaria,2,F,Mañana,84,1709,Madre
2630,21773012,Elmer Julio,Guzman,Machaca,M,2014-04-09,Secundaria,2,F,Mañana,84,2264,Madre
2631,21071910,Ximena Zoe,Huaman,Cabrera,F,2014-11-27,Secundaria,2,F,Mañana,84,127,Padre
2632,65901164,Rosa Susan,Yupanqui,Machaca,F,2014-02-08,Secundaria,2,F,Mañana,84,1257,Madre
2633,57917820,Andres Erick,Zavala,Nunez,M,2014-10-22,Secundaria,2,G,Tarde,85,1202,Madre
2634,65953946,Sebastian Wilson,Palacios,Yupanqui,M,2014-11-30,Secundaria,2,G,Tarde,85,3145,Padre
2635,44537781,Pilar Pilar,Cabrera,Sanchez,F,2014-09-28,Secundaria,2,G,Tarde,85,1638,Padre
2636,72898346,Katty Yolanda,Yupanqui,Gonzales,F,2014-08-12,Secundaria,2,G,Tarde,85,2843,Padre
2637,37651589,Sofia Brenda,Huaman,Cruz,F,2014-03-19,Secundaria,2,G,Tarde,85,2169,Madre
2638,60235285,Ruth Rosa,Alarcon,Romero,F,2014-03-02,Secundaria,2,G,Tarde,85,979,Madre
2639,22214464,Jhon Jhon,Rivera,Carrillo,M,2014-12-11,Secundaria,2,G,Tarde,85,1551,Madre
2640,32198715,Nicolas Elmer,Ticona,Cabrera,M,2014-06-16,Secundaria,2,G,Tarde,85,2679,Padre
2641,29778376,Yamil Oscar,Guzman,Mendoza,M,2014-05-28,Secundaria,2,G,Tarde,85,910,Madre
2642,55915562,Leonardo Walter,Farfan,Soto,M,2014-07-06,Secundaria,2,G,Tarde,85,3001,Padre
2643,46470163,Milagros Ana,Espinoza,Cornejo,F,2014-04-03,Secundaria,2,G,Tarde,85,2216,Madre
2644,41032742,Diego Raul,Farfan,Castillo,M,2014-06-27,Secundaria,2,G,Tarde,85,1329,Madre
2645,58334883,Luis Adrian,Salvador,Silva,M,2014-01-14,Secundaria,2,G,Tarde,85,2544,Padre
2646,77335808,Julio Angel,Marin,Alarcon,M,2014-06-21,Secundaria,2,G,Tarde,85,1000,Padre
2647,65298455,Diego Luis,Ortiz,Huaraca,M,2014-05-17,Secundaria,2,G,Tarde,85,3039,Padre
2648,22241511,Jhon Erick,Condori,Condori,M,2014-10-11,Secundaria,2,G,Tarde,85,961,Padre
2649,43269877,Yesenia Kiara,Gutierrez,Gonzales,F,2014-07-04,Secundaria,2,G,Tarde,85,729,Padre
2650,74609165,Flor Ruth,Choque,Farfan,F,2014-02-13,Secundaria,2,G,Tarde,85,1928,Padre
2651,48042665,Brenda Valentina,Sanchez,Vargas,F,2014-09-26,Secundaria,2,G,Tarde,85,471,Padre
2652,47374163,Rodrigo Diego,Sanchez,Huaraca,M,2014-07-02,Secundaria,2,G,Tarde,85,2619,Madre
2653,33412266,Bryan Pedro,Gonzales,Zavala,M,2014-05-21,Secundaria,2,G,Tarde,85,2,Padre
2654,57443061,Cristian Jhoel,Cutipa,Fernandez,M,2014-10-11,Secundaria,2,G,Tarde,85,1679,Padre
2655,23282120,Fiorella Sofia,Zavala,Sanchez,F,2014-07-04,Secundaria,2,G,Tarde,85,2050,Padre
2656,12134008,Alexandra Yesica,Apaza,Cabanillas,F,2014-11-29,Secundaria,2,G,Tarde,85,3124,Padre
2657,18245276,Jhoel Jorge,Vega,Gonzales,M,2014-09-19,Secundaria,2,G,Tarde,85,468,Madre
2658,40559121,Rodrigo Oscar,Gutierrez,Rodriguez,M,2014-11-28,Secundaria,2,G,Tarde,85,1797,Padre
2659,56094167,Marco Carlos,Ibarra,Quispe,M,2014-04-28,Secundaria,2,G,Tarde,85,2109,Madre
2660,11079326,Emily Estefany,Ortiz,Apaza,F,2014-09-25,Secundaria,2,G,Tarde,85,1031,Madre
2661,60973597,Luz Carmen,Delgado,Machaca,F,2014-01-19,Secundaria,2,G,Tarde,85,2869,Madre
2662,69634455,Angel Alberto,Marin,Huaman,M,2014-09-08,Secundaria,2,G,Tarde,85,2516,Madre
2663,13810335,Martin Diego,Vargas,Paucar,M,2014-09-01,Secundaria,2,G,Tarde,85,160,Padre
2664,35258526,Fernando Hugo,Villanueva,Paredes,M,2014-02-12,Secundaria,2,G,Tarde,85,551,Madre
2665,73097728,Sebastian Edgar,Yataco,Espinoza,M,2014-11-03,Secundaria,2,G,Tarde,85,462,Padre
2666,40499269,Cesar Emilio,Romero,Cornejo,M,2014-06-27,Secundaria,2,G,Tarde,85,865,Madre
2667,12923401,Susan Yesenia,Palacios,Quispe,F,2014-10-01,Secundaria,2,G,Tarde,85,42,Madre
2668,35124951,Zoe Camila,Nunez,Herrera,F,2014-03-09,Secundaria,2,G,Tarde,85,1052,Madre
2669,55323133,Yesica Paula,Ortiz,Paredes,F,2014-04-01,Secundaria,2,G,Tarde,85,803,Madre
2670,50421873,Nicolas Gabriel,Vargas,Alvarez,M,2014-03-05,Secundaria,2,G,Tarde,85,1555,Padre
2671,17989206,Alessandra Karen,Cabrera,Machaca,F,2014-03-09,Secundaria,2,G,Tarde,85,552,Padre
2672,42009067,Victor Renzo,Mendoza,Machaca,M,2014-08-27,Secundaria,2,G,Tarde,85,816,Madre
2673,47962497,Anthony Diego,Cornejo,Zavala,M,2014-01-21,Secundaria,2,H,Tarde,86,2994,Padre
2674,76214640,Bryan Gustavo,Delgado,Alvarez,M,2014-02-08,Secundaria,2,H,Tarde,86,840,Madre
2675,78519133,Ian Carlos,Cruz,Ccahuana,M,2014-01-15,Secundaria,2,H,Tarde,86,445,Madre
2676,15393571,Teresa Milagros,Vega,Quispe,F,2014-08-26,Secundaria,2,H,Tarde,86,688,Madre
2677,13181473,Aaron Edgar,Medina,Yataco,M,2014-09-06,Secundaria,2,H,Tarde,86,1677,Madre
2678,12037788,Daniela Kiara,Cutipa,Lazo,F,2014-11-06,Secundaria,2,H,Tarde,86,409,Madre
2679,46037353,Flor Jhoana,Farfan,Carrillo,F,2014-04-11,Secundaria,2,H,Tarde,86,1841,Padre
2680,62813289,Antonella Maria,Apaza,Delgado,F,2014-12-08,Secundaria,2,H,Tarde,86,1862,Padre
2681,48215450,Erick Ivan,Flores,Leon,M,2014-03-11,Secundaria,2,H,Tarde,86,2666,Madre
2682,50678772,Daniela Melissa,Garcia,Rojas,F,2014-12-16,Secundaria,2,H,Tarde,86,495,Madre
2683,31333156,Samuel Diego,Yupanqui,Alvarez,M,2014-02-04,Secundaria,2,H,Tarde,86,1602,Madre
2684,24733731,Luis Diego,Yataco,Alarcon,M,2014-10-19,Secundaria,2,H,Tarde,86,2754,Madre
2685,71104252,Manuel Anthony,Garcia,Marin,M,2014-02-08,Secundaria,2,H,Tarde,86,542,Padre
2686,11402931,Pedro Raul,Gonzales,Rimac,M,2014-09-05,Secundaria,2,H,Tarde,86,2890,Padre
2687,74330028,Antonella Jhoana,Cardenas,Ortiz,F,2014-03-11,Secundaria,2,H,Tarde,86,2829,Padre
2688,60845216,Diego Julio,Mendoza,Ochoa,M,2014-11-06,Secundaria,2,H,Tarde,86,2899,Madre
2689,15429944,Zoe Jhoana,Salazar,Alvarez,F,2014-03-20,Secundaria,2,H,Tarde,86,2290,Padre
2690,68690907,Jhoana Alessandra,Rimac,Paucar,F,2014-06-04,Secundaria,2,H,Tarde,86,1502,Padre
2691,29255119,Yesenia Rosa,Soto,Espinoza,F,2014-04-23,Secundaria,2,H,Tarde,86,1380,Padre
2692,69722775,Elmer Carlos,Chavez,Romero,M,2014-04-05,Secundaria,2,H,Tarde,86,2036,Madre
2693,30154072,Fiorella Alexandra,Huaman,Farfan,F,2014-07-03,Secundaria,2,H,Tarde,86,624,Madre
2694,72455432,Erick Bryan,Medina,Ramos,M,2014-08-09,Secundaria,2,H,Tarde,86,366,Padre
2695,67073801,Britany Yesica,Ccahuana,Fernandez,F,2014-02-24,Secundaria,2,H,Tarde,86,2939,Madre
2696,69976424,Alexandra Ariana,Palacios,Vega,F,2014-08-19,Secundaria,2,H,Tarde,86,1744,Madre
2697,39429967,Fabricio Emilio,Cruz,Aguilar,M,2014-02-06,Secundaria,2,H,Tarde,86,3198,Padre
2698,17182685,Fabricio Sebastian,Rimac,Ochoa,M,2014-07-16,Secundaria,2,H,Tarde,86,1959,Madre
2699,58028916,Rodrigo Raul,Palacios,Alvarez,M,2014-07-04,Secundaria,2,H,Tarde,86,1297,Padre
2700,41785239,Andres Cesar,Torres,Sanchez,M,2014-11-19,Secundaria,2,H,Tarde,86,1920,Padre
2701,17065976,Cristian Emilio,Campos,Cabanillas,M,2014-04-04,Secundaria,2,H,Tarde,86,1742,Padre
2702,18180014,Ruth Nicole,Romero,Nunez,F,2014-01-10,Secundaria,2,H,Tarde,86,290,Madre
2703,15432832,Jhoana Ariana,Vega,Reyes,F,2014-01-02,Secundaria,2,H,Tarde,86,1985,Madre
2704,78782269,Piero Franco,Campos,Cornejo,M,2014-06-16,Secundaria,2,H,Tarde,86,1426,Padre
2705,19716206,Jorge Ian,Silva,Vega,M,2014-10-31,Secundaria,2,H,Tarde,86,891,Padre
2706,24263679,Joaquin Kevin,Condori,Leon,M,2014-12-18,Secundaria,2,H,Tarde,86,1517,Padre
2707,28117892,Yolanda Carmen,Herrera,Machaca,F,2014-08-12,Secundaria,2,I,Tarde,87,737,Padre
2708,52554282,Danna Grecia,Carrillo,Quispe,F,2014-11-18,Secundaria,2,I,Tarde,87,572,Padre
2709,22184470,Gustavo Alexis,Gutierrez,Diaz,M,2014-11-30,Secundaria,2,I,Tarde,87,323,Madre
2710,57100397,Lucia Grecia,Quispe,Espinoza,F,2014-03-19,Secundaria,2,I,Tarde,87,1290,Madre
2711,77892829,Alberto Alberto,Cabrera,Gonzales,M,2014-10-12,Secundaria,2,I,Tarde,87,1070,Padre
2712,12153571,Bryan Oscar,Garcia,Rivera,M,2014-07-31,Secundaria,2,I,Tarde,87,1382,Padre
2713,78951401,Alexis Cristian,Pacheco,Fernandez,M,2014-11-15,Secundaria,2,I,Tarde,87,261,Padre
2714,33357988,Alexander Aaron,Paucar,Farfan,M,2014-12-21,Secundaria,2,I,Tarde,87,2259,Madre
2715,75983947,Flor Grecia,Vasquez,Alarcon,F,2014-10-16,Secundaria,2,I,Tarde,87,2752,Padre
2716,11012356,Brenda Karen,Zavala,Pacheco,F,2014-03-05,Secundaria,2,I,Tarde,87,2137,Madre
2717,46664718,Kevin Nicolas,Castillo,Soto,M,2014-08-09,Secundaria,2,I,Tarde,87,1467,Padre
2718,76224976,Julia Rosa,Rodriguez,Farfan,F,2014-07-23,Secundaria,2,I,Tarde,87,1255,Madre
2719,45340575,Anthony Joaquin,Ibarra,Yataco,M,2014-09-12,Secundaria,2,I,Tarde,87,924,Padre
2720,48981687,Melissa Mia,Huaman,Mendoza,F,2014-09-07,Secundaria,2,I,Tarde,87,2473,Madre
2721,26647540,Aaron Sebastian,Castillo,Rojas,M,2014-04-05,Secundaria,2,I,Tarde,87,3036,Padre
2722,19934917,Patricia Gabriela,Alarcon,Herrera,F,2014-08-06,Secundaria,2,I,Tarde,87,592,Padre
2723,71021448,Victor Cesar,Gutierrez,Yupanqui,M,2014-03-03,Secundaria,2,I,Tarde,87,2547,Padre
2724,63444108,Nicole Elena,Machaca,Ibarra,F,2014-09-24,Secundaria,2,I,Tarde,87,2236,Madre
2725,46999831,Sofia Patricia,Rojas,Apaza,F,2014-12-04,Secundaria,2,I,Tarde,87,2800,Madre
2726,74398608,Ivan Victor,Torres,Delgado,M,2014-05-10,Secundaria,2,I,Tarde,87,2792,Madre
2727,23063317,Victor Ivan,Pacheco,Marin,M,2014-06-09,Secundaria,2,I,Tarde,87,851,Padre
2728,28095407,Nayeli Yesenia,Paredes,Mamani,F,2014-04-30,Secundaria,2,I,Tarde,87,824,Padre
2729,69506336,Emilio Oscar,Bravo,Yataco,M,2014-07-06,Secundaria,2,I,Tarde,87,485,Padre
2730,50605510,Carmen Kiara,Lazo,Yataco,F,2014-07-26,Secundaria,2,I,Tarde,87,1243,Madre
2731,21695326,Pedro Pedro,Bravo,Delgado,M,2014-04-06,Secundaria,2,I,Tarde,87,386,Madre
2732,66936410,Ivan Thiago,Yupanqui,Espinoza,M,2014-07-24,Secundaria,2,I,Tarde,87,1039,Madre
2733,20298336,Ariana Julia,Romero,Flores,F,2014-07-29,Secundaria,2,I,Tarde,87,1231,Padre
2734,64542075,Carmen Jhoana,Rimac,Espinoza,F,2014-09-18,Secundaria,2,I,Tarde,87,2465,Padre
2735,79470813,Franco Benjamin,Fernandez,Espinoza,M,2014-02-05,Secundaria,2,I,Tarde,87,1684,Padre
2736,72369558,Cesar Fabricio,Campos,Mendoza,M,2014-03-19,Secundaria,2,I,Tarde,87,1798,Padre
2737,11548260,Ximena Katty,Guzman,Pacheco,F,2014-12-17,Secundaria,2,I,Tarde,87,1927,Padre
2738,37892722,Jhon Cristian,Mendoza,Rimac,M,2014-11-09,Secundaria,2,I,Tarde,87,1732,Madre
2739,49581153,Wilson Miguel,Ticona,Espinoza,M,2014-05-11,Secundaria,2,I,Tarde,87,551,Madre
2740,19797167,Sebastian Jhon,Ibarra,Villanueva,M,2014-08-07,Secundaria,2,I,Tarde,87,1385,Padre
2741,75212626,Xiomara Valentina,Delgado,Alarcon,F,2014-01-11,Secundaria,2,I,Tarde,87,2265,Madre
2742,42240170,Rafaella Isabel,Flores,Palacios,F,2014-08-10,Secundaria,2,J,Tarde,88,2511,Madre
2743,76915536,Bryan Luis,Salazar,Espinoza,M,2014-04-03,Secundaria,2,J,Tarde,88,2510,Madre
2744,70690099,Mateo Cesar,Vasquez,Herrera,M,2014-03-14,Secundaria,2,J,Tarde,88,2212,Padre
2745,63824056,Cristian Julio,Leon,Rojas,M,2014-04-11,Secundaria,2,J,Tarde,88,1150,Madre
2746,70088950,Emilio Thiago,Sanchez,Garcia,M,2014-12-08,Secundaria,2,J,Tarde,88,924,Padre
2747,24378907,Benjamin Jorge,Gutierrez,Paucar,M,2014-03-08,Secundaria,2,J,Tarde,88,751,Padre
2748,40814337,Ana Grecia,Guzman,Condori,F,2014-05-22,Secundaria,2,J,Tarde,88,1291,Padre
2749,61435355,Melissa Maria,Choque,Espinoza,F,2014-01-08,Secundaria,2,J,Tarde,88,530,Madre
2750,38342270,Karen Jhoana,Vasquez,Cabrera,F,2014-05-13,Secundaria,2,J,Tarde,88,830,Madre
2751,17493689,Milagros Yolanda,Apaza,Bautista,F,2014-03-31,Secundaria,2,J,Tarde,88,282,Madre
2752,58515573,Cesar Samuel,Gonzales,Herrera,M,2014-04-24,Secundaria,2,J,Tarde,88,1557,Madre
2753,22217651,Brenda Camila,Apaza,Ochoa,F,2014-08-18,Secundaria,2,J,Tarde,88,2053,Madre
2754,66463220,Julia Ashley,Zavala,Ramos,F,2014-04-21,Secundaria,2,J,Tarde,88,1980,Madre
2755,49819094,Luana Carmen,Gutierrez,Zavala,F,2014-02-07,Secundaria,2,J,Tarde,88,3052,Padre
2756,36176425,Ariana Flor,Yupanqui,Ochoa,F,2014-04-28,Secundaria,2,J,Tarde,88,3148,Padre
2757,34306860,Mia Zoe,Campos,Paredes,F,2014-09-03,Secundaria,2,J,Tarde,88,114,Padre
2758,46343892,Luz Sofia,Gutierrez,Vargas,F,2014-09-08,Secundaria,2,J,Tarde,88,1932,Padre
2759,27919553,Susan Britany,Sanchez,Rojas,F,2014-11-02,Secundaria,2,J,Tarde,88,2923,Madre
2760,36094902,Carlos Wilson,Alarcon,Rodriguez,M,2014-12-30,Secundaria,2,J,Tarde,88,2020,Padre
2761,73584652,Pilar Nayeli,Cabrera,Rimac,F,2014-10-06,Secundaria,2,J,Tarde,88,1914,Padre
2762,76243235,Britany Teresa,Cardenas,Cornejo,F,2014-08-02,Secundaria,2,J,Tarde,88,3028,Madre
2763,18167542,Mia Milagros,Alvarez,Gonzales,F,2014-02-27,Secundaria,2,J,Tarde,88,998,Madre
2764,71178657,Juan Anthony,Carrillo,Marin,M,2014-12-19,Secundaria,2,J,Tarde,88,2593,Madre
2765,65757495,Manuel Martin,Aguilar,Herrera,M,2014-12-30,Secundaria,2,J,Tarde,88,3133,Madre
2766,41761566,Alexis Jose,Medina,Bravo,M,2014-09-30,Secundaria,2,J,Tarde,88,1885,Madre
2767,49190222,Dulce Katty,Carrillo,Leon,F,2014-11-18,Secundaria,2,J,Tarde,88,2646,Padre
2768,73212042,Vanessa Katherine,Ochoa,Salvador,F,2014-05-21,Secundaria,2,J,Tarde,88,2461,Madre
2769,53127612,Abigail Patricia,Carrillo,Sanchez,F,2014-05-16,Secundaria,2,J,Tarde,88,1367,Padre
2770,10083088,Sebastian Miguel,Yupanqui,Ticona,M,2014-12-08,Secundaria,2,J,Tarde,88,2498,Padre
2771,34796853,Gustavo Emilio,Paredes,Mamani,M,2014-10-27,Secundaria,2,J,Tarde,88,923,Madre
2772,72146589,Aaron Thiago,Yupanqui,Rivera,M,2014-06-01,Secundaria,2,J,Tarde,88,2589,Padre
2773,70314056,Alexandra Yesenia,Cardenas,Pacheco,F,2014-05-03,Secundaria,2,J,Tarde,88,259,Padre
2774,33619059,Thiago Martin,Fernandez,Vasquez,M,2014-12-30,Secundaria,2,J,Tarde,88,792,Madre
2775,74445822,Alberto Hugo,Bravo,Diaz,M,2014-04-20,Secundaria,2,J,Tarde,88,1981,Padre
2776,73830372,Fabricio Erick,Cutipa,Paredes,M,2014-03-22,Secundaria,2,J,Tarde,88,22,Madre
2777,37233257,Juan Miguel,Pacheco,Herrera,M,2014-01-11,Secundaria,2,J,Tarde,88,2225,Padre
2778,69671828,Andres Mateo,Bravo,Bravo,M,2014-11-10,Secundaria,2,J,Tarde,88,2717,Madre
2779,49943843,Diego Jorge,Campos,Campos,M,2014-08-12,Secundaria,2,K,Tarde,89,2542,Madre
2780,72806135,Elena Patricia,Paucar,Yupanqui,F,2014-03-27,Secundaria,2,K,Tarde,89,3043,Madre
2781,44464032,Lucia Britany,Ruiz,Gonzales,F,2014-08-12,Secundaria,2,K,Tarde,89,588,Madre
2782,57434896,Renata Estefany,Nunez,Condori,F,2014-07-03,Secundaria,2,K,Tarde,89,2153,Madre
2783,74242712,Piero Andres,Rodriguez,Ochoa,M,2014-09-15,Secundaria,2,K,Tarde,89,3163,Padre
2784,71382809,Melissa Patricia,Delgado,Herrera,F,2014-07-01,Secundaria,2,K,Tarde,89,2755,Madre
2785,77857570,Cristian Anthony,Rimac,Huaraca,M,2014-06-10,Secundaria,2,K,Tarde,89,1663,Padre
2786,25650445,Flor Carmen,Villanueva,Aquino,F,2014-12-17,Secundaria,2,K,Tarde,89,1048,Madre
2787,32831276,Victor Angel,Medina,Romero,M,2014-10-01,Secundaria,2,K,Tarde,89,2810,Madre
2788,19164923,Alessandra Jhoana,Choque,Mendoza,F,2014-10-14,Secundaria,2,K,Tarde,89,3086,Padre
2789,79781840,Karen Alexandra,Chavez,Alvarez,F,2014-12-06,Secundaria,2,K,Tarde,89,156,Madre
2790,54852004,Cesar Cristian,Castillo,Diaz,M,2014-07-21,Secundaria,2,K,Tarde,89,3023,Madre
2791,56768915,Carmen Yesenia,Cornejo,Vasquez,F,2014-06-08,Secundaria,2,K,Tarde,89,3053,Madre
2792,43320013,Ian Aaron,Aquino,Mendoza,M,2014-06-29,Secundaria,2,K,Tarde,89,248,Padre
2793,45572951,Renzo Edgar,Herrera,Condori,M,2014-03-06,Secundaria,2,K,Tarde,89,2177,Madre
2794,50434221,Dulce Milagros,Cardenas,Quispe,F,2014-10-30,Secundaria,2,K,Tarde,89,2116,Padre
2795,46715658,Sofia Julia,Pacheco,Bravo,F,2014-01-20,Secundaria,2,K,Tarde,89,1573,Madre
2796,21849239,Luis Ivan,Ruiz,Mendoza,M,2014-03-04,Secundaria,2,K,Tarde,89,783,Madre
2797,70436478,Teresa Rosa,Pacheco,Fernandez,F,2014-07-04,Secundaria,2,K,Tarde,89,2209,Padre
2798,27768728,Benjamin Wilson,Pacheco,Gonzales,M,2014-11-23,Secundaria,2,K,Tarde,89,2423,Padre
2799,63331154,Raul Andres,Rojas,Mamani,M,2014-04-22,Secundaria,2,K,Tarde,89,1667,Padre
2800,63294314,Pedro Aaron,Vargas,Reyes,M,2014-12-03,Secundaria,2,K,Tarde,89,1394,Madre
2801,38395095,Alexandra Grecia,Paredes,Castillo,F,2014-12-02,Secundaria,2,K,Tarde,89,377,Madre
2802,63554036,Jhon Ricardo,Yupanqui,Marin,M,2014-12-25,Secundaria,2,K,Tarde,89,960,Madre
2803,12960342,Samuel Ricardo,Soto,Soto,M,2014-08-24,Secundaria,2,K,Tarde,89,534,Madre
2804,36953636,Yamil Jose,Quispe,Vasquez,M,2014-11-07,Secundaria,2,K,Tarde,89,3022,Madre
2805,61823249,Teresa Diana,Ortiz,Rimac,F,2014-12-04,Secundaria,2,K,Tarde,89,2277,Padre
2806,47226573,Alexander Anthony,Ccahuana,Condori,M,2014-05-16,Secundaria,2,K,Tarde,89,1315,Madre
2807,28175347,Katty Ruth,Reyes,Nunez,F,2014-01-15,Secundaria,2,L,Tarde,90,64,Padre
2808,20484945,Maria Alexandra,Rivera,Apaza,F,2014-12-10,Secundaria,2,L,Tarde,90,56,Padre
2809,31210733,Wilson Pedro,Huaraca,Cruz,M,2014-04-25,Secundaria,2,L,Tarde,90,2095,Madre
2810,49403856,Estefany Luana,Ochoa,Rivera,F,2014-09-18,Secundaria,2,L,Tarde,90,1399,Padre
2811,33987856,Samuel Ivan,Rimac,Farfan,M,2014-12-31,Secundaria,2,L,Tarde,90,2987,Madre
2812,42166278,Renzo Cesar,Ramos,Paucar,M,2014-06-25,Secundaria,2,L,Tarde,90,2372,Padre
2813,44747076,Patricia Pilar,Carrillo,Rojas,F,2014-02-10,Secundaria,2,L,Tarde,90,679,Madre
2814,50481893,Danna Katty,Espinoza,Cardenas,F,2014-02-21,Secundaria,2,L,Tarde,90,1242,Padre
2815,51490917,Pilar Milagros,Herrera,Yataco,F,2014-09-24,Secundaria,2,L,Tarde,90,665,Padre
2816,79645564,Julio Carlos,Machaca,Aquino,M,2014-03-16,Secundaria,2,L,Tarde,90,627,Madre
2817,46907990,Elena Abigail,Vilca,Paredes,F,2014-09-12,Secundaria,2,L,Tarde,90,2261,Padre
2818,49078925,Vanessa Luana,Rojas,Huaraca,F,2014-07-15,Secundaria,2,L,Tarde,90,1706,Padre
2819,47298448,Dylan Walter,Lazo,Cardenas,M,2014-06-21,Secundaria,2,L,Tarde,90,787,Padre
2820,49244463,Flor Luz,Ticona,Ortiz,F,2014-11-09,Secundaria,2,L,Tarde,90,2234,Madre
2821,47762792,Aaron Juan,Yupanqui,Medina,M,2014-06-18,Secundaria,2,L,Tarde,90,2239,Madre
2822,76631025,Jose Aaron,Choque,Villanueva,M,2014-12-01,Secundaria,2,L,Tarde,90,1849,Padre
2823,41016303,Walter Piero,Rimac,Vargas,M,2014-12-04,Secundaria,2,L,Tarde,90,2538,Padre
2824,76357901,Sebastian Renzo,Nunez,Rojas,M,2014-04-22,Secundaria,2,L,Tarde,90,1328,Padre
2825,48672551,Ricardo Gustavo,Cabanillas,Vargas,M,2014-01-27,Secundaria,2,L,Tarde,90,2892,Madre
2826,54738703,Fabricio Nicolas,Nunez,Torres,M,2014-03-21,Secundaria,2,L,Tarde,90,850,Padre
2827,67953157,Ruth Diana,Cabrera,Carrillo,F,2014-11-01,Secundaria,2,L,Tarde,90,2853,Padre
2828,15455111,Zoe Flor,Yupanqui,Huaman,F,2014-01-06,Secundaria,2,L,Tarde,90,2885,Madre
2829,79019357,Samuel Cristian,Ortiz,Guzman,M,2014-07-31,Secundaria,2,L,Tarde,90,2173,Madre
2830,74911763,Yesica Alexandra,Choque,Cabanillas,F,2014-08-16,Secundaria,2,L,Tarde,90,239,Padre
2831,54340111,Ian Piero,Chavez,Choque,M,2014-08-02,Secundaria,2,L,Tarde,90,1959,Madre
2832,26083319,Luis Alexis,Alarcon,Zavala,M,2014-08-07,Secundaria,2,L,Tarde,90,1449,Padre
2833,17210927,Walter Martin,Ibarra,Espinoza,M,2014-11-18,Secundaria,2,L,Tarde,90,1401,Padre
2834,67756852,Manuel Ivan,Herrera,Yataco,M,2014-10-24,Secundaria,2,L,Tarde,90,2391,Padre
2835,25451176,Flor Xiomara,Castillo,Cabanillas,F,2014-05-17,Secundaria,2,L,Tarde,90,86,Padre
2836,14120801,Sofia Mia,Cornejo,Aquino,F,2014-12-30,Secundaria,2,L,Tarde,90,1159,Padre
2837,15825868,Valentina Antonella,Yataco,Bautista,F,2014-05-28,Secundaria,2,L,Tarde,90,643,Madre
2838,70301124,Nicole Karen,Diaz,Palacios,F,2014-02-23,Secundaria,2,L,Tarde,90,2659,Padre
2839,16245741,Brenda Ashley,Rimac,Torres,F,2014-01-10,Secundaria,2,L,Tarde,90,276,Madre
2840,11776450,Isabel Fiorella,Bravo,Aquino,F,2014-07-12,Secundaria,2,L,Tarde,90,2521,Madre
2841,54290031,Nicolas Jose,Lazo,Vasquez,M,2014-10-14,Secundaria,2,L,Tarde,90,438,Padre
2842,76696375,Brenda Milagros,Cruz,Delgado,F,2014-12-28,Secundaria,2,L,Tarde,90,2757,Padre
2843,34103610,Erick Gustavo,Torres,Zavala,M,2014-06-29,Secundaria,2,L,Tarde,90,399,Madre
2844,22366471,Piero Juan,Leon,Guzman,M,2014-05-02,Secundaria,2,M,Tarde,91,358,Madre
2845,43117459,Mateo Andres,Villanueva,Huaraca,M,2014-11-13,Secundaria,2,M,Tarde,91,2827,Padre
2846,67859442,Mateo Nicolas,Campos,Ibarra,M,2014-03-21,Secundaria,2,M,Tarde,91,2360,Madre
2847,21961295,Susan Carmen,Gonzales,Cabrera,F,2014-01-31,Secundaria,2,M,Tarde,91,2937,Padre
2848,51490943,Lucia Xiomara,Pacheco,Vilca,F,2014-04-06,Secundaria,2,M,Tarde,91,933,Madre
2849,74154447,Fiorella Alessandra,Machaca,Espinoza,F,2014-04-27,Secundaria,2,M,Tarde,91,2124,Padre
2850,21074266,Angel Alberto,Castillo,Soto,M,2014-04-23,Secundaria,2,M,Tarde,91,356,Padre
2851,71877624,Alexis Jose,Villanueva,Ccahuana,M,2014-04-14,Secundaria,2,M,Tarde,91,3040,Madre
2852,20776340,Katherine Ashley,Rojas,Torres,F,2014-05-23,Secundaria,2,M,Tarde,91,41,Madre
2853,12637205,Rosa Renata,Marin,Cutipa,F,2014-06-26,Secundaria,2,M,Tarde,91,439,Madre
2854,39920155,Martin Ian,Castillo,Vasquez,M,2014-05-29,Secundaria,2,M,Tarde,91,1605,Padre
2855,60519002,Anthony Thiago,Yupanqui,Cutipa,M,2014-10-04,Secundaria,2,M,Tarde,91,370,Madre
2856,45498835,Rafaella Milagros,Condori,Herrera,F,2014-08-22,Secundaria,2,M,Tarde,91,2629,Madre
2857,41586371,Lucia Katherine,Gonzales,Machaca,F,2014-07-02,Secundaria,2,M,Tarde,91,2174,Padre
2858,78457466,Yesenia Flor,Yataco,Cabrera,F,2014-01-28,Secundaria,2,M,Tarde,91,2401,Madre
2859,54553803,Thiago Wilson,Pacheco,Gutierrez,M,2014-09-23,Secundaria,2,M,Tarde,91,1556,Madre
2860,14401399,Flor Alessandra,Bravo,Vilca,F,2014-10-05,Secundaria,2,M,Tarde,91,1151,Padre
2861,32844139,Bryan Cristian,Mamani,Huaman,M,2014-05-14,Secundaria,2,M,Tarde,91,3157,Padre
2862,13435378,Leonardo Oscar,Delgado,Salazar,M,2014-11-25,Secundaria,2,M,Tarde,91,3007,Madre
2863,14617960,Mia Antonella,Cabanillas,Ibarra,F,2014-05-25,Secundaria,2,M,Tarde,91,997,Padre
2864,75592288,Joaquin Ricardo,Ruiz,Sanchez,M,2014-08-18,Secundaria,2,M,Tarde,91,2201,Madre
2865,35002034,Jhon Emilio,Diaz,Villanueva,M,2014-11-14,Secundaria,2,M,Tarde,91,109,Madre
2866,48471509,Renata Elena,Sanchez,Ortiz,F,2014-01-05,Secundaria,2,M,Tarde,91,2235,Padre
2867,71585360,Renata Diana,Fernandez,Mendoza,F,2014-10-13,Secundaria,2,M,Tarde,91,3063,Madre
2868,41528118,Juan Cristian,Rojas,Machaca,M,2014-07-01,Secundaria,2,M,Tarde,91,1219,Madre
2869,42321319,Dulce Antonella,Romero,Vega,F,2014-02-21,Secundaria,2,M,Tarde,91,284,Madre
2870,28950201,Ivan Victor,Ramos,Cabrera,M,2014-02-06,Secundaria,2,M,Tarde,91,1334,Padre
2871,12734865,Paula Ashley,Salazar,Medina,F,2014-08-24,Secundaria,2,M,Tarde,91,1103,Madre
2872,72527614,Vanessa Ariana,Herrera,Cardenas,F,2014-07-05,Secundaria,2,M,Tarde,91,2581,Madre
2873,15001252,Kiara Rafaella,Farfan,Rimac,F,2014-01-07,Secundaria,2,M,Tarde,91,1007,Padre
2874,67749076,Ricardo Edgar,Ccahuana,Nunez,M,2014-06-24,Secundaria,2,M,Tarde,91,942,Padre
2875,17251955,Luz Ruth,Espinoza,Mendoza,F,2014-06-05,Secundaria,2,M,Tarde,91,226,Madre
2876,57184069,Alexandra Alexandra,Espinoza,Medina,F,2013-03-05,Secundaria,3,A,Mañana,92,2713,Madre
2877,78565008,Patricia Kiara,Cabanillas,Rimac,F,2013-09-11,Secundaria,3,A,Mañana,92,1476,Madre
2878,77822746,Brenda Grecia,Aquino,Espinoza,F,2013-12-18,Secundaria,3,A,Mañana,92,1880,Madre
2879,27602926,Estefany Nicole,Cornejo,Torres,F,2013-03-05,Secundaria,3,A,Mañana,92,2501,Madre
2880,46202649,Luz Alessandra,Huaraca,Rivera,F,2013-11-29,Secundaria,3,A,Mañana,92,100,Padre
2881,11565123,Nicole Luana,Torres,Bravo,F,2013-02-23,Secundaria,3,A,Mañana,92,2094,Padre
2882,71442537,Rosa Xiomara,Paucar,Diaz,F,2013-04-13,Secundaria,3,A,Mañana,92,593,Madre
2883,75444296,Abigail Xiomara,Medina,Vega,F,2013-05-05,Secundaria,3,A,Mañana,92,1294,Madre
2884,61187591,Bryan Manuel,Cornejo,Chavez,M,2013-01-18,Secundaria,3,A,Mañana,92,814,Padre
2885,65140710,Sebastian Juan,Quispe,Condori,M,2013-07-21,Secundaria,3,A,Mañana,92,1163,Madre
2886,10607603,Jorge Adrian,Lazo,Garcia,M,2013-02-01,Secundaria,3,A,Mañana,92,1765,Padre
2887,63624887,Angel Bryan,Ticona,Pacheco,M,2013-01-02,Secundaria,3,A,Mañana,92,237,Madre
2888,37473558,Gabriel Pedro,Aquino,Reyes,M,2013-01-25,Secundaria,3,A,Mañana,92,1040,Madre
2889,46878313,Julia Julia,Vega,Castillo,F,2013-05-14,Secundaria,3,A,Mañana,92,744,Padre
2890,75198052,Ruth Nicole,Garcia,Pacheco,F,2013-10-28,Secundaria,3,A,Mañana,92,2182,Madre
2891,37348292,Jhon Juan,Mendoza,Ccahuana,M,2013-08-29,Secundaria,3,A,Mañana,92,1328,Padre
2892,25868703,Xiomara Daniela,Cruz,Ruiz,F,2013-07-16,Secundaria,3,A,Mañana,92,2005,Padre
2893,65815685,Teresa Ariana,Espinoza,Gutierrez,F,2013-02-06,Secundaria,3,A,Mañana,92,2798,Madre
2894,49124834,Emily Diana,Fernandez,Machaca,F,2013-05-06,Secundaria,3,A,Mañana,92,675,Padre
2895,60996776,Pilar Brenda,Choque,Paredes,F,2013-06-06,Secundaria,3,A,Mañana,92,605,Padre
2896,63353384,Rodrigo Victor,Leon,Pacheco,M,2013-09-12,Secundaria,3,A,Mañana,92,980,Padre
2897,41314225,Diego Victor,Reyes,Marin,M,2013-10-28,Secundaria,3,A,Mañana,92,1393,Padre
2898,52420636,Ian Jose,Ticona,Leon,M,2013-08-10,Secundaria,3,A,Mañana,92,1583,Madre
2899,73659558,Piero Luis,Vasquez,Gutierrez,M,2013-09-15,Secundaria,3,A,Mañana,92,2134,Padre
2900,69933166,Kevin Emilio,Lazo,Salazar,M,2013-09-19,Secundaria,3,A,Mañana,92,1095,Padre
2901,43833122,Thiago Alberto,Ortiz,Cutipa,M,2013-08-11,Secundaria,3,A,Mañana,92,2331,Madre
2902,54945410,Nayeli Ruth,Ticona,Choque,F,2013-02-10,Secundaria,3,A,Mañana,92,66,Padre
2903,19650176,Anthony Benjamin,Medina,Rojas,M,2013-12-16,Secundaria,3,A,Mañana,92,1741,Madre
2904,27711952,Alexandra Mia,Lazo,Vega,F,2013-09-14,Secundaria,3,A,Mañana,92,148,Padre
2905,49470843,Paula Zoe,Flores,Sanchez,F,2013-05-03,Secundaria,3,B,Mañana,93,302,Padre
2906,69269248,Marco Ricardo,Vega,Mendoza,M,2013-12-18,Secundaria,3,B,Mañana,93,1967,Madre
2907,70704187,Antonella Ashley,Fernandez,Herrera,F,2013-09-28,Secundaria,3,B,Mañana,93,1585,Padre
2908,30135168,Valentina Katherine,Carrillo,Salazar,F,2013-04-21,Secundaria,3,B,Mañana,93,2382,Madre
2909,73357930,Mateo Martin,Soto,Mendoza,M,2013-11-11,Secundaria,3,B,Mañana,93,2696,Padre
2910,48647039,Zoe Karen,Bautista,Choque,F,2013-03-07,Secundaria,3,B,Mañana,93,780,Padre
2911,60329579,Leonardo Oscar,Nunez,Guzman,M,2013-12-30,Secundaria,3,B,Mañana,93,2633,Madre
2912,76532374,Ivan Elmer,Machaca,Leon,M,2013-09-14,Secundaria,3,B,Mañana,93,2261,Padre
2913,76970490,Ruth Britany,Castillo,Villanueva,F,2013-06-19,Secundaria,3,B,Mañana,93,3094,Madre
2914,76538055,Camila Danna,Machaca,Ramos,F,2013-03-05,Secundaria,3,B,Mañana,93,325,Madre
2915,29800263,Patricia Rafaella,Vilca,Rivera,F,2013-03-17,Secundaria,3,B,Mañana,93,808,Padre
2916,17285347,Adrian Hugo,Espinoza,Gutierrez,M,2013-11-10,Secundaria,3,B,Mañana,93,1499,Padre
2917,39489296,Katherine Luana,Zavala,Vega,F,2013-07-08,Secundaria,3,B,Mañana,93,446,Madre
2918,36066265,Ashley Yesenia,Lazo,Ccahuana,F,2013-06-02,Secundaria,3,B,Mañana,93,2585,Madre
2919,19633016,Kiara Lucia,Marin,Herrera,F,2013-10-24,Secundaria,3,B,Mañana,93,65,Padre
2920,57345557,Elena Susan,Cabrera,Aquino,F,2013-12-23,Secundaria,3,B,Mañana,93,447,Madre
2921,73782953,Alexander Nicolas,Nunez,Romero,M,2013-10-27,Secundaria,3,B,Mañana,93,550,Padre
2922,60659117,Franco Julio,Yataco,Salazar,M,2013-04-26,Secundaria,3,B,Mañana,93,1423,Padre
2923,47710131,Kiara Camila,Ruiz,Silva,F,2013-06-05,Secundaria,3,B,Mañana,93,2418,Padre
2924,52407738,Gustavo Rodrigo,Ortiz,Salvador,M,2013-09-26,Secundaria,3,B,Mañana,93,1392,Padre
2925,54897370,Brenda Yesica,Salvador,Farfan,F,2013-03-30,Secundaria,3,B,Mañana,93,2179,Madre
2926,10519139,Aaron Gabriel,Huaraca,Yataco,M,2013-10-17,Secundaria,3,B,Mañana,93,2944,Madre
2927,79456125,Fiorella Elena,Cardenas,Quispe,F,2013-03-17,Secundaria,3,B,Mañana,93,973,Padre
2928,54258696,Ian Samuel,Espinoza,Yataco,M,2013-02-27,Secundaria,3,B,Mañana,93,974,Madre
2929,41042405,Miguel Anthony,Alarcon,Alarcon,M,2013-10-01,Secundaria,3,B,Mañana,93,1807,Padre
2930,34295009,Kiara Xiomara,Delgado,Alarcon,F,2013-10-28,Secundaria,3,B,Mañana,93,756,Padre
2931,79005224,Jose Alexis,Rimac,Nunez,M,2013-10-14,Secundaria,3,B,Mañana,93,3062,Madre
2932,48891444,Andres Wilson,Fernandez,Ochoa,M,2013-10-11,Secundaria,3,B,Mañana,93,2140,Padre
2933,16176892,Valentina Nayeli,Ticona,Guzman,F,2013-09-09,Secundaria,3,B,Mañana,93,2845,Padre
2934,10177753,Jhoana Elena,Leon,Carrillo,F,2013-05-24,Secundaria,3,B,Mañana,93,1884,Madre
2935,65251813,Zoe Isabel,Aquino,Cornejo,F,2013-07-03,Secundaria,3,B,Mañana,93,1672,Madre
2936,38241720,Grecia Grecia,Alarcon,Lazo,F,2013-08-01,Secundaria,3,B,Mañana,93,1769,Padre
2937,35762979,Gabriela Isabel,Huaman,Nunez,F,2013-02-15,Secundaria,3,B,Mañana,93,546,Madre
2938,21654046,Fernando Manuel,Choque,Paucar,M,2013-10-29,Secundaria,3,B,Mañana,93,209,Madre
2939,61134743,Julio Pedro,Leon,Torres,M,2013-03-14,Secundaria,3,B,Mañana,93,48,Padre
2940,17480955,Jorge Jorge,Mendoza,Bravo,M,2013-03-10,Secundaria,3,B,Mañana,93,1054,Padre
2941,46197750,Daniela Antonella,Cutipa,Rojas,F,2013-07-07,Secundaria,3,B,Mañana,93,535,Padre
2942,59942551,Carmen Lucia,Ticona,Castillo,F,2013-10-29,Secundaria,3,C,Mañana,94,2499,Padre
2943,71678224,Alexander Jhon,Paredes,Salazar,M,2013-05-03,Secundaria,3,C,Mañana,94,2419,Padre
2944,75719343,Emily Alexandra,Rojas,Rivera,F,2013-05-30,Secundaria,3,C,Mañana,94,1289,Madre
2945,73376473,Susan Ashley,Palacios,Reyes,F,2013-08-14,Secundaria,3,C,Mañana,94,380,Madre
2946,60163559,Nicole Ariana,Mendoza,Ibarra,F,2013-06-28,Secundaria,3,C,Mañana,94,109,Madre
2947,57909659,Ariana Ariana,Yataco,Flores,F,2013-01-29,Secundaria,3,C,Mañana,94,256,Madre
2948,54260303,Kevin Miguel,Pacheco,Paredes,M,2013-08-09,Secundaria,3,C,Mañana,94,2569,Madre
2949,17513606,Yesica Pilar,Paucar,Rojas,F,2013-01-16,Secundaria,3,C,Mañana,94,454,Madre
2950,47523516,Alberto Alexander,Paredes,Ticona,M,2013-09-16,Secundaria,3,C,Mañana,94,1350,Madre
2951,30673442,Renzo Angel,Reyes,Choque,M,2013-02-06,Secundaria,3,C,Mañana,94,296,Padre
2952,76059644,Rafaella Dulce,Chavez,Cardenas,F,2013-11-28,Secundaria,3,C,Mañana,94,2383,Madre
2953,48057307,Juan Cesar,Silva,Yataco,M,2013-08-09,Secundaria,3,C,Mañana,94,517,Madre
2954,15928894,Rafaella Yesenia,Romero,Farfan,F,2013-08-16,Secundaria,3,C,Mañana,94,2204,Padre
2955,73787253,Valentina Camila,Garcia,Vilca,F,2013-12-17,Secundaria,3,C,Mañana,94,2310,Madre
2956,14761866,Britany Rosa,Yupanqui,Mamani,F,2013-04-19,Secundaria,3,C,Mañana,94,1888,Madre
2957,10103743,Walter Jhoel,Huaman,Salvador,M,2013-09-27,Secundaria,3,C,Mañana,94,3096,Padre
2958,25009205,Flor Karen,Bautista,Silva,F,2013-12-20,Secundaria,3,C,Mañana,94,3140,Padre
2959,47679663,Gonzalo Alberto,Pacheco,Cruz,M,2013-01-06,Secundaria,3,C,Mañana,94,355,Padre
2960,56134426,Jhoel Samuel,Alarcon,Espinoza,M,2013-11-30,Secundaria,3,C,Mañana,94,464,Padre
2961,15474784,Karen Kiara,Quispe,Marin,F,2013-06-12,Secundaria,3,C,Mañana,94,1567,Padre
2962,12426511,Yesica Alessandra,Alvarez,Rodriguez,F,2013-07-28,Secundaria,3,C,Mañana,94,879,Madre
2963,27620494,Ashley Nayeli,Yataco,Rojas,F,2013-04-06,Secundaria,3,C,Mañana,94,2256,Padre
2964,72872158,Dylan Jhon,Cabrera,Medina,M,2013-08-18,Secundaria,3,C,Mañana,94,1398,Madre
2965,75137299,Nicolas Alexander,Alarcon,Silva,M,2013-12-09,Secundaria,3,C,Mañana,94,1815,Madre
2966,57688063,Renzo Leonardo,Espinoza,Delgado,M,2013-12-22,Secundaria,3,C,Mañana,94,3035,Padre
2967,39808243,Hugo Gabriel,Gonzales,Garcia,M,2013-09-29,Secundaria,3,C,Mañana,94,2351,Padre
2968,32442095,Renata Rosa,Paucar,Chavez,F,2013-08-19,Secundaria,3,C,Mañana,94,605,Padre
2969,71364301,Carlos Thiago,Zavala,Cabanillas,M,2013-04-12,Secundaria,3,C,Mañana,94,2683,Padre
2970,57469584,Nicole Carmen,Silva,Espinoza,F,2013-03-15,Secundaria,3,C,Mañana,94,2344,Madre
2971,11151537,Rafaella Rafaella,Bautista,Vasquez,F,2013-02-03,Secundaria,3,C,Mañana,94,128,Madre
2972,11814570,Yesica Nayeli,Soto,Villanueva,F,2013-08-22,Secundaria,3,C,Mañana,94,2905,Padre
2973,57003818,Paula Yesica,Romero,Ortiz,F,2013-08-27,Secundaria,3,C,Mañana,94,46,Padre
2974,46925570,Julia Xiomara,Diaz,Diaz,F,2013-02-16,Secundaria,3,C,Mañana,94,939,Padre
2975,38105655,Gabriel Jorge,Zavala,Medina,M,2013-06-12,Secundaria,3,C,Mañana,94,616,Madre
2976,23196455,Walter Fernando,Salazar,Alvarez,M,2013-08-17,Secundaria,3,C,Mañana,94,1899,Padre
2977,23939000,Angel Dylan,Cabanillas,Apaza,M,2013-01-03,Secundaria,3,C,Mañana,94,1299,Padre
2978,34959129,Patricia Katty,Quispe,Leon,F,2013-09-23,Secundaria,3,C,Mañana,94,1521,Madre
2979,61419044,Renzo Sebastian,Rodriguez,Gonzales,M,2013-06-02,Secundaria,3,C,Mañana,94,657,Madre
2980,32996901,Elena Alessandra,Choque,Herrera,F,2013-03-02,Secundaria,3,C,Mañana,94,2260,Padre
2981,73281271,Joaquin Thiago,Mendoza,Vasquez,M,2013-07-23,Secundaria,3,C,Mañana,94,2657,Madre
2982,42611642,Jhoana Lucia,Salvador,Rodriguez,F,2013-06-30,Secundaria,3,D,Mañana,95,1247,Padre
2983,78684953,Raul Jorge,Fernandez,Palacios,M,2013-10-17,Secundaria,3,D,Mañana,95,2012,Padre
2984,27218407,Oscar Nicolas,Quispe,Zavala,M,2013-06-16,Secundaria,3,D,Mañana,95,1076,Madre
2985,53411848,Daniela Alexandra,Vasquez,Guzman,F,2013-07-01,Secundaria,3,D,Mañana,95,2969,Padre
2986,43617340,Carlos Wilson,Rodriguez,Yupanqui,M,2013-06-29,Secundaria,3,D,Mañana,95,682,Padre
2987,36114538,Karen Karen,Cardenas,Ruiz,F,2013-02-19,Secundaria,3,D,Mañana,95,2728,Padre
2988,33814372,Alexis Dylan,Cardenas,Yataco,M,2013-12-25,Secundaria,3,D,Mañana,95,2430,Madre
2989,44996765,Daniela Luz,Ruiz,Alarcon,F,2013-11-07,Secundaria,3,D,Mañana,95,941,Padre
2990,26145579,Julia Elena,Apaza,Aquino,F,2013-05-13,Secundaria,3,D,Mañana,95,1940,Madre
2991,56683340,Elena Maria,Vargas,Machaca,F,2013-07-07,Secundaria,3,D,Mañana,95,2854,Padre
2992,63283202,Brenda Melissa,Leon,Diaz,F,2013-05-18,Secundaria,3,D,Mañana,95,1244,Madre
2993,59058723,Lucia Jhoana,Alarcon,Ruiz,F,2013-11-15,Secundaria,3,D,Mañana,95,948,Madre
2994,74122840,Alberto Marco,Paucar,Chavez,M,2013-01-22,Secundaria,3,D,Mañana,95,1954,Padre
2995,51464345,Erick Rodrigo,Ruiz,Machaca,M,2013-12-25,Secundaria,3,D,Mañana,95,1235,Madre
2996,13170418,Camila Renata,Fernandez,Paucar,F,2013-07-20,Secundaria,3,D,Mañana,95,3103,Padre
2997,27425274,Brenda Katherine,Reyes,Cornejo,F,2013-10-19,Secundaria,3,D,Mañana,95,1894,Madre
2998,32975440,Marco Gonzalo,Ortiz,Rimac,M,2013-02-09,Secundaria,3,D,Mañana,95,1469,Padre
2999,70755423,Manuel Pedro,Condori,Machaca,M,2013-09-29,Secundaria,3,D,Mañana,95,450,Padre
3000,20002221,Rosa Ashley,Diaz,Salvador,F,2013-03-01,Secundaria,3,D,Mañana,95,2393,Padre
3001,67651655,Dulce Katherine,Silva,Huaraca,F,2013-05-21,Secundaria,3,D,Mañana,95,865,Madre
3002,74341109,Adrian Renzo,Rimac,Mendoza,M,2013-04-30,Secundaria,3,D,Mañana,95,1170,Padre
3003,35179864,Jhoana Milagros,Diaz,Torres,F,2013-12-20,Secundaria,3,D,Mañana,95,2930,Madre
3004,78581863,Miguel Gabriel,Ochoa,Condori,M,2013-10-13,Secundaria,3,D,Mañana,95,2138,Madre
3005,72562123,Susan Britany,Guzman,Pacheco,F,2013-09-07,Secundaria,3,D,Mañana,95,1845,Padre
3006,67758213,Leonardo Edgar,Alvarez,Cruz,M,2013-03-29,Secundaria,3,D,Mañana,95,383,Madre
3007,51477017,Samuel Cesar,Cornejo,Silva,M,2013-05-16,Secundaria,3,D,Mañana,95,2445,Madre
3008,13159055,Benjamin Cristian,Alvarez,Salvador,M,2013-06-03,Secundaria,3,D,Mañana,95,1634,Madre
3009,29869228,Julio Franco,Vilca,Cabrera,M,2013-01-12,Secundaria,3,D,Mañana,95,1910,Padre
3010,21411654,Fabricio Rodrigo,Ramos,Cornejo,M,2013-05-23,Secundaria,3,D,Mañana,95,2974,Madre
3011,71849740,Cristian Cesar,Villanueva,Vasquez,M,2013-04-07,Secundaria,3,D,Mañana,95,456,Madre
3012,40172098,Wilson Luis,Romero,Chavez,M,2013-03-24,Secundaria,3,D,Mañana,95,480,Madre
3013,57680623,Jhoana Teresa,Yupanqui,Huaraca,F,2013-05-08,Secundaria,3,D,Mañana,95,294,Madre
3014,20097151,Raul Andres,Campos,Salvador,M,2013-12-24,Secundaria,3,D,Mañana,95,45,Padre
3015,11413499,Victor Walter,Huaraca,Aguilar,M,2013-08-11,Secundaria,3,D,Mañana,95,1364,Madre
3016,11878295,Mateo Angel,Cornejo,Garcia,M,2013-09-23,Secundaria,3,D,Mañana,95,2251,Padre
3017,31327550,Elena Isabel,Machaca,Ccahuana,F,2013-09-23,Secundaria,3,D,Mañana,95,1407,Padre
3018,33580701,Joaquin Wilson,Torres,Romero,M,2013-10-09,Secundaria,3,E,Mañana,96,1451,Madre
3019,65712315,Wilson Dylan,Diaz,Salvador,M,2013-01-21,Secundaria,3,E,Mañana,96,9,Padre
3020,23749806,Rosa Carmen,Quispe,Sanchez,F,2013-06-27,Secundaria,3,E,Mañana,96,1312,Madre
3021,51008490,Isabel Diana,Gutierrez,Palacios,F,2013-04-16,Secundaria,3,E,Mañana,96,2828,Padre
3022,20501490,Adrian Raul,Yataco,Ticona,M,2013-01-07,Secundaria,3,E,Mañana,96,2599,Padre
3023,46558591,Yesenia Ruth,Cabanillas,Cutipa,F,2013-07-19,Secundaria,3,E,Mañana,96,1215,Madre
3024,52077668,Leonardo Ricardo,Bautista,Bravo,M,2013-07-23,Secundaria,3,E,Mañana,96,473,Padre
3025,12279923,Kiara Julia,Choque,Ortiz,F,2013-11-02,Secundaria,3,E,Mañana,96,336,Padre
3026,57226418,Dulce Renata,Rivera,Delgado,F,2013-03-24,Secundaria,3,E,Mañana,96,1780,Padre
3027,54754668,Gonzalo Martin,Huaman,Huaman,M,2013-09-11,Secundaria,3,E,Mañana,96,2526,Padre
3028,72614507,Elmer Mateo,Marin,Aguilar,M,2013-07-07,Secundaria,3,E,Mañana,96,1500,Madre
3029,73776365,Juan Jhon,Salvador,Gonzales,M,2013-04-27,Secundaria,3,E,Mañana,96,3105,Madre
3030,53997498,Walter Yamil,Villanueva,Medina,M,2013-04-27,Secundaria,3,E,Mañana,96,796,Madre
3031,41244558,Luana Diana,Reyes,Vilca,F,2013-10-19,Secundaria,3,E,Mañana,96,2334,Madre
3032,30182850,Jose Alberto,Reyes,Rivera,M,2013-09-08,Secundaria,3,E,Mañana,96,503,Padre
3033,24227765,Yolanda Xiomara,Huaman,Vasquez,F,2013-11-21,Secundaria,3,E,Mañana,96,2681,Padre
3034,72413995,Adrian Benjamin,Pacheco,Silva,M,2013-08-25,Secundaria,3,E,Mañana,96,31,Padre
3035,11775901,Lucia Dulce,Ccahuana,Espinoza,F,2013-10-25,Secundaria,3,E,Mañana,96,255,Padre
3036,39735079,Melissa Zoe,Paucar,Ccahuana,F,2013-07-07,Secundaria,3,E,Mañana,96,1929,Madre
3037,29156332,Fernando Ricardo,Salazar,Herrera,M,2013-02-06,Secundaria,3,E,Mañana,96,3200,Padre
3038,22387723,Jhoana Nicole,Gonzales,Aquino,F,2013-11-12,Secundaria,3,E,Mañana,96,2742,Madre
3039,71766686,Julio Jhon,Espinoza,Ticona,M,2013-08-26,Secundaria,3,E,Mañana,96,2684,Padre
3040,17652599,Nicolas Piero,Mendoza,Castillo,M,2013-04-19,Secundaria,3,E,Mañana,96,2733,Padre
3041,70599380,Valentina Katherine,Leon,Farfan,F,2013-01-19,Secundaria,3,E,Mañana,96,797,Madre
3042,53316094,Fiorella Zoe,Pacheco,Guzman,F,2013-03-26,Secundaria,3,E,Mañana,96,766,Madre
3043,14845275,Oscar Ian,Ticona,Soto,M,2013-04-09,Secundaria,3,E,Mañana,96,1286,Padre
3044,55504509,Patricia Patricia,Chavez,Cutipa,F,2013-12-02,Secundaria,3,E,Mañana,96,1848,Padre
3045,17516530,Isabel Daniela,Ortiz,Choque,F,2013-04-03,Secundaria,3,E,Mañana,96,2206,Padre
3046,54100074,Raul Edgar,Diaz,Garcia,M,2013-02-11,Secundaria,3,E,Mañana,96,1519,Madre
3047,11446859,Alexis Raul,Diaz,Mendoza,M,2013-07-09,Secundaria,3,E,Mañana,96,2333,Padre
3048,19927553,Elena Ashley,Castillo,Medina,F,2013-12-05,Secundaria,3,E,Mañana,96,2758,Madre
3049,58235071,Aaron Sebastian,Flores,Yupanqui,M,2013-02-02,Secundaria,3,E,Mañana,96,2084,Madre
3050,56940988,Wilson Cesar,Campos,Yataco,M,2013-08-10,Secundaria,3,E,Mañana,96,1526,Padre
3051,12229583,Jhoel Aaron,Aguilar,Torres,M,2013-08-18,Secundaria,3,E,Mañana,96,2654,Padre
3052,49728383,Benjamin Pedro,Delgado,Huaman,M,2013-03-15,Secundaria,3,E,Mañana,96,2884,Madre
3053,66198627,Cesar Oscar,Cornejo,Ruiz,M,2013-07-24,Secundaria,3,F,Mañana,97,2661,Padre
3054,56207512,Angel Edgar,Alvarez,Garcia,M,2013-01-11,Secundaria,3,F,Mañana,97,2988,Madre
3055,24108288,Joaquin Jose,Cutipa,Gutierrez,M,2013-09-13,Secundaria,3,F,Mañana,97,2061,Madre
3056,69282106,Camila Danna,Marin,Choque,F,2013-05-03,Secundaria,3,F,Mañana,97,949,Madre
3057,77562564,Flor Teresa,Villanueva,Choque,F,2013-05-08,Secundaria,3,F,Mañana,97,1953,Padre
3058,69369727,Bryan Jorge,Palacios,Aguilar,M,2013-05-18,Secundaria,3,F,Mañana,97,1200,Padre
3059,63961385,Patricia Alexandra,Rojas,Mamani,F,2013-08-29,Secundaria,3,F,Mañana,97,2073,Padre
3060,69789180,Bryan Raul,Espinoza,Cruz,M,2013-03-19,Secundaria,3,F,Mañana,97,93,Madre
3061,29665744,Marco Yamil,Choque,Campos,M,2013-10-09,Secundaria,3,F,Mañana,97,73,Madre
3062,13539175,Cristian Oscar,Torres,Villanueva,M,2013-03-28,Secundaria,3,F,Mañana,97,3159,Padre
3063,43646677,Alberto Gustavo,Salvador,Torres,M,2013-01-06,Secundaria,3,F,Mañana,97,35,Padre
3064,54204992,Wilson Rodrigo,Quispe,Espinoza,M,2013-06-07,Secundaria,3,F,Mañana,97,2304,Padre
3065,59193747,Alexis Miguel,Espinoza,Ibarra,M,2013-12-21,Secundaria,3,F,Mañana,97,2271,Madre
3066,62016211,Walter Kevin,Cabanillas,Flores,M,2013-07-10,Secundaria,3,F,Mañana,97,2408,Madre
3067,42567071,Marco Erick,Vargas,Rojas,M,2013-10-11,Secundaria,3,F,Mañana,97,2193,Padre
3068,58590226,Valentina Dulce,Alarcon,Salazar,F,2013-03-05,Secundaria,3,F,Mañana,97,855,Madre
3069,20323610,Leonardo Alexander,Rimac,Fernandez,M,2013-01-05,Secundaria,3,F,Mañana,97,2662,Madre
3070,60020427,Renzo Alexander,Ramos,Cutipa,M,2013-07-25,Secundaria,3,F,Mañana,97,2085,Madre
3071,49700462,Dylan Jose,Apaza,Vasquez,M,2013-06-29,Secundaria,3,F,Mañana,97,1706,Padre
3072,44906524,Yamil Julio,Huaman,Palacios,M,2013-03-07,Secundaria,3,F,Mañana,97,304,Madre
3073,34064493,Luz Ariana,Sanchez,Huaman,F,2013-08-08,Secundaria,3,F,Mañana,97,2205,Madre
3074,12759352,Sebastian Jhoel,Vilca,Diaz,M,2013-09-04,Secundaria,3,F,Mañana,97,2455,Padre
3075,12859119,Ariana Teresa,Campos,Ruiz,F,2013-08-15,Secundaria,3,F,Mañana,97,2794,Padre
3076,42874715,Ruth Ximena,Espinoza,Rodriguez,F,2013-11-09,Secundaria,3,F,Mañana,97,1081,Padre
3077,75129270,Erick Diego,Bautista,Romero,M,2013-02-27,Secundaria,3,F,Mañana,97,596,Madre
3078,56996239,Jhon Ivan,Herrera,Marin,M,2013-07-28,Secundaria,3,F,Mañana,97,1086,Madre
3079,77724158,Marco Alexis,Rivera,Guzman,M,2013-10-20,Secundaria,3,F,Mañana,97,201,Padre
3080,26012634,Miguel Joaquin,Alarcon,Delgado,M,2013-07-01,Secundaria,3,F,Mañana,97,2730,Madre
3081,24030809,Kiara Abigail,Cruz,Alarcon,F,2013-02-08,Secundaria,3,F,Mañana,97,1501,Padre
3082,50992343,Julia Milagros,Medina,Aguilar,F,2013-08-30,Secundaria,3,F,Mañana,97,469,Madre
3083,29137073,Julia Patricia,Silva,Gutierrez,F,2013-02-16,Secundaria,3,F,Mañana,97,613,Madre
3084,11479232,Pedro Jhon,Medina,Sanchez,M,2013-03-03,Secundaria,3,F,Mañana,97,1491,Padre
3085,58540840,Piero Martin,Huaman,Marin,M,2013-01-24,Secundaria,3,G,Tarde,98,2280,Padre
3086,67212825,Danna Yesenia,Vega,Vargas,F,2013-09-04,Secundaria,3,G,Tarde,98,2610,Madre
3087,56475724,Susan Katherine,Guzman,Huaraca,F,2013-05-08,Secundaria,3,G,Tarde,98,1864,Madre
3088,76911212,Pedro Diego,Fernandez,Guzman,M,2013-07-13,Secundaria,3,G,Tarde,98,564,Padre
3089,73840471,Franco Alexis,Espinoza,Lazo,M,2013-05-23,Secundaria,3,G,Tarde,98,1652,Madre
3090,74528525,Lucia Daniela,Aquino,Villanueva,F,2013-09-20,Secundaria,3,G,Tarde,98,347,Padre
3091,48201190,Nayeli Nayeli,Machaca,Carrillo,F,2013-02-25,Secundaria,3,G,Tarde,98,537,Madre
3092,16423774,Raul Fernando,Pacheco,Silva,M,2013-08-28,Secundaria,3,G,Tarde,98,542,Padre
3093,77837106,Jorge Mateo,Chavez,Vargas,M,2013-08-05,Secundaria,3,G,Tarde,98,2702,Madre
3094,78922069,Renzo Dylan,Palacios,Ticona,M,2013-05-12,Secundaria,3,G,Tarde,98,2315,Madre
3095,59774467,Walter Wilson,Espinoza,Guzman,M,2013-11-23,Secundaria,3,G,Tarde,98,2724,Padre
3096,49567216,Paula Katherine,Silva,Nunez,F,2013-11-20,Secundaria,3,G,Tarde,98,2117,Madre
3097,17984302,Emily Luz,Huaman,Cabanillas,F,2013-06-18,Secundaria,3,G,Tarde,98,1267,Padre
3098,38464342,Nayeli Yesica,Lazo,Paredes,F,2013-12-02,Secundaria,3,G,Tarde,98,1142,Madre
3099,25005024,Brenda Fiorella,Ramos,Rojas,F,2013-06-03,Secundaria,3,G,Tarde,98,2230,Padre
3100,74413834,Jose Juan,Bravo,Vasquez,M,2013-08-02,Secundaria,3,G,Tarde,98,1569,Padre
3101,16294339,Bryan Elmer,Chavez,Cornejo,M,2013-02-04,Secundaria,3,G,Tarde,98,2341,Madre
3102,43188563,Edgar Mateo,Chavez,Palacios,M,2013-06-26,Secundaria,3,G,Tarde,98,929,Padre
3103,60485216,Emilio Nicolas,Gonzales,Machaca,M,2013-03-29,Secundaria,3,G,Tarde,98,2820,Padre
3104,73533870,Manuel Nicolas,Silva,Cutipa,M,2013-08-02,Secundaria,3,G,Tarde,98,1471,Padre
3105,27589199,Kevin Elmer,Paredes,Cruz,M,2013-06-26,Secundaria,3,G,Tarde,98,311,Madre
3106,74483588,Angel Andres,Bravo,Sanchez,M,2013-08-15,Secundaria,3,G,Tarde,98,2600,Padre
3107,38037072,Mateo Luis,Ramos,Gonzales,M,2013-01-18,Secundaria,3,G,Tarde,98,1733,Madre
3108,34205258,Zoe Karen,Romero,Rimac,F,2013-09-23,Secundaria,3,G,Tarde,98,2031,Madre
3109,55713938,Katty Ashley,Villanueva,Zavala,F,2013-11-15,Secundaria,3,G,Tarde,98,2770,Madre
3110,73181322,Paula Camila,Aquino,Aguilar,F,2013-09-05,Secundaria,3,G,Tarde,98,502,Padre
3111,71209685,Paula Luz,Torres,Ramos,F,2013-12-19,Secundaria,3,G,Tarde,98,1340,Padre
3112,19789989,Jorge Nicolas,Castillo,Rimac,M,2013-03-27,Secundaria,3,G,Tarde,98,3122,Padre
3113,37228707,Daniela Vanessa,Campos,Campos,F,2013-03-09,Secundaria,3,G,Tarde,98,212,Madre
3114,38115072,Gonzalo Thiago,Bautista,Vargas,M,2013-02-25,Secundaria,3,G,Tarde,98,678,Padre
3115,19652297,Xiomara Alessandra,Pacheco,Diaz,F,2013-01-11,Secundaria,3,G,Tarde,98,880,Padre
3116,16439753,Jhon Fernando,Machaca,Vargas,M,2013-07-28,Secundaria,3,G,Tarde,98,2208,Padre
3117,12887953,Katty Ximena,Diaz,Flores,F,2013-05-07,Secundaria,3,G,Tarde,98,2480,Padre
3118,39701944,Anthony Gabriel,Silva,Villanueva,M,2013-03-25,Secundaria,3,H,Tarde,99,597,Padre
3119,41691651,Camila Gabriela,Vargas,Vargas,F,2013-01-04,Secundaria,3,H,Tarde,99,1498,Padre
3120,75673783,Abigail Alexandra,Rivera,Paredes,F,2013-03-14,Secundaria,3,H,Tarde,99,2558,Padre
3121,72026569,Elmer Angel,Alarcon,Medina,M,2013-03-22,Secundaria,3,H,Tarde,99,2113,Madre
3122,37144330,Emilio Leonardo,Quispe,Bautista,M,2013-09-04,Secundaria,3,H,Tarde,99,1217,Madre
3123,25275866,Paula Antonella,Gutierrez,Cabrera,F,2013-04-29,Secundaria,3,H,Tarde,99,876,Padre
3124,71590160,Oscar Cristian,Torres,Aquino,M,2013-05-07,Secundaria,3,H,Tarde,99,42,Madre
3125,77896674,Elmer Mateo,Palacios,Nunez,M,2013-11-08,Secundaria,3,H,Tarde,99,2441,Padre
3126,37916660,Miguel Dylan,Yupanqui,Vega,M,2013-10-04,Secundaria,3,H,Tarde,99,2388,Padre
3127,28649233,Danna Melissa,Huaraca,Farfan,F,2013-07-02,Secundaria,3,H,Tarde,99,577,Padre
3128,17551869,Edgar Marco,Castillo,Cutipa,M,2013-12-30,Secundaria,3,H,Tarde,99,1152,Madre
3129,60669678,Rodrigo Dylan,Cabanillas,Aguilar,M,2013-11-30,Secundaria,3,H,Tarde,99,2471,Madre
3130,42931485,Jose Kevin,Apaza,Vega,M,2013-03-31,Secundaria,3,H,Tarde,99,1680,Madre
3131,40376000,Fiorella Camila,Garcia,Alvarez,F,2013-03-12,Secundaria,3,H,Tarde,99,1657,Madre
3132,63901695,Fabricio Julio,Ticona,Ruiz,M,2013-07-05,Secundaria,3,H,Tarde,99,2121,Padre
3133,52908229,Andres Marco,Yataco,Salvador,M,2013-05-24,Secundaria,3,H,Tarde,99,680,Padre
3134,45355146,Raul Thiago,Guzman,Paredes,M,2013-01-20,Secundaria,3,H,Tarde,99,2103,Padre
3135,19894719,Lucia Rafaella,Romero,Ibarra,F,2013-06-10,Secundaria,3,H,Tarde,99,1407,Padre
3136,78191893,Gabriel Ricardo,Apaza,Cruz,M,2013-09-12,Secundaria,3,H,Tarde,99,2915,Madre
3137,75889686,Julio Martin,Diaz,Romero,M,2013-12-14,Secundaria,3,H,Tarde,99,2309,Madre
3138,15641229,Alberto Luis,Vega,Alvarez,M,2013-01-01,Secundaria,3,H,Tarde,99,2002,Madre
3139,55032811,Antonella Nicole,Ochoa,Mamani,F,2013-10-17,Secundaria,3,H,Tarde,99,204,Madre
3140,64389343,Sofia Fiorella,Cardenas,Ortiz,F,2013-10-29,Secundaria,3,H,Tarde,99,1171,Madre
3141,58899298,Carlos Manuel,Fernandez,Yataco,M,2013-03-17,Secundaria,3,H,Tarde,99,1995,Padre
3142,30764598,Rafaella Isabel,Choque,Huaman,F,2013-10-02,Secundaria,3,H,Tarde,99,1874,Madre
3143,12896444,Raul Anthony,Aguilar,Vega,M,2013-10-03,Secundaria,3,H,Tarde,99,2958,Madre
3144,51674289,Milagros Xiomara,Salvador,Apaza,F,2013-03-13,Secundaria,3,I,Tarde,100,1431,Madre
3145,13824038,Katherine Antonella,Gutierrez,Rimac,F,2013-05-23,Secundaria,3,I,Tarde,100,3136,Padre
3146,70424167,Fernando Miguel,Yataco,Cabanillas,M,2013-11-03,Secundaria,3,I,Tarde,100,1326,Madre
3147,70759656,Mia Flor,Yataco,Romero,F,2013-04-19,Secundaria,3,I,Tarde,100,2227,Madre
3148,52791693,Samuel Ricardo,Salvador,Vargas,M,2013-10-06,Secundaria,3,I,Tarde,100,1203,Padre
3149,18731633,Yesica Dulce,Cutipa,Romero,F,2013-08-22,Secundaria,3,I,Tarde,100,1327,Padre
3150,71385412,Renata Mia,Ticona,Diaz,F,2013-10-01,Secundaria,3,I,Tarde,100,2747,Padre
3151,21148194,Fiorella Rafaella,Cabrera,Torres,F,2013-09-12,Secundaria,3,I,Tarde,100,239,Padre
3152,46741964,Benjamin Rodrigo,Rivera,Nunez,M,2013-03-20,Secundaria,3,I,Tarde,100,2151,Padre
3153,22186589,Yamil Bryan,Rojas,Alarcon,M,2013-01-29,Secundaria,3,I,Tarde,100,1821,Madre
3154,11673221,Kiara Nayeli,Cardenas,Reyes,F,2013-04-15,Secundaria,3,I,Tarde,100,2164,Madre
3155,70635608,Cristian Aaron,Cruz,Carrillo,M,2013-06-23,Secundaria,3,I,Tarde,100,1842,Madre
3156,39516333,Ruth Pilar,Bautista,Aquino,F,2013-07-02,Secundaria,3,I,Tarde,100,748,Madre
3157,57957112,Diego Thiago,Farfan,Ramos,M,2013-07-28,Secundaria,3,I,Tarde,100,758,Madre
3158,27379903,Gonzalo Samuel,Fernandez,Bautista,M,2013-03-07,Secundaria,3,I,Tarde,100,930,Madre
3159,49678675,Dulce Zoe,Ochoa,Alvarez,F,2013-10-18,Secundaria,3,I,Tarde,100,1861,Madre
3160,61075282,Fernando Alberto,Paucar,Rodriguez,M,2013-12-05,Secundaria,3,I,Tarde,100,1593,Madre
3161,67330567,Yolanda Melissa,Farfan,Pacheco,F,2013-12-01,Secundaria,3,I,Tarde,100,1270,Padre
3162,41322681,Cristian Cesar,Cabrera,Rodriguez,M,2013-05-25,Secundaria,3,I,Tarde,100,280,Madre
3163,49644057,Yamil Marco,Huaman,Vargas,M,2013-08-20,Secundaria,3,I,Tarde,100,2680,Madre
3164,45783176,Angel Gabriel,Ccahuana,Ochoa,M,2013-11-04,Secundaria,3,I,Tarde,100,2631,Padre
3165,69530463,Danna Yolanda,Cardenas,Condori,F,2013-06-16,Secundaria,3,I,Tarde,100,2153,Madre
3166,67908306,Edgar Jhoel,Vilca,Aguilar,M,2013-03-05,Secundaria,3,I,Tarde,100,3113,Padre
3167,71809037,Jhoana Xiomara,Salazar,Lazo,F,2013-11-11,Secundaria,3,I,Tarde,100,1455,Madre
3168,28831465,Alberto Alexis,Vilca,Espinoza,M,2013-03-13,Secundaria,3,I,Tarde,100,2031,Madre
3169,14283324,Gonzalo Ivan,Apaza,Marin,M,2013-07-12,Secundaria,3,I,Tarde,100,2469,Madre
3170,22492084,Ruth Patricia,Palacios,Zavala,F,2013-09-09,Secundaria,3,I,Tarde,100,2635,Padre
3171,13315531,Elmer Leonardo,Garcia,Mendoza,M,2013-05-02,Secundaria,3,I,Tarde,100,208,Padre
3172,47401535,Andres Walter,Campos,Delgado,M,2013-01-18,Secundaria,3,I,Tarde,100,40,Madre
3173,33333979,Nayeli Fiorella,Paredes,Ramos,F,2013-06-03,Secundaria,3,J,Tarde,101,1180,Madre
3174,28250604,Maria Rosa,Farfan,Reyes,F,2013-09-21,Secundaria,3,J,Tarde,101,2296,Padre
3175,16644782,Martin Marco,Vasquez,Salazar,M,2013-01-21,Secundaria,3,J,Tarde,101,846,Madre
3176,34344320,Rodrigo Fabricio,Quispe,Alarcon,M,2013-01-21,Secundaria,3,J,Tarde,101,2612,Padre
3177,13097632,Hugo Fabricio,Gutierrez,Carrillo,M,2013-03-20,Secundaria,3,J,Tarde,101,1908,Padre
3178,31993880,Rafaella Britany,Alarcon,Yupanqui,F,2013-04-05,Secundaria,3,J,Tarde,101,2575,Padre
3179,12714599,Ian Manuel,Vasquez,Yupanqui,M,2013-05-10,Secundaria,3,J,Tarde,101,2090,Padre
3180,34237884,Martin Andres,Machaca,Sanchez,M,2013-06-24,Secundaria,3,J,Tarde,101,1949,Madre
3181,70597134,Gabriel Samuel,Rivera,Mamani,M,2013-01-15,Secundaria,3,J,Tarde,101,2193,Padre
3182,72657311,Cesar Fabricio,Pacheco,Nunez,M,2013-08-16,Secundaria,3,J,Tarde,101,3067,Madre
3183,73449743,Rosa Camila,Ticona,Rojas,F,2013-04-14,Secundaria,3,J,Tarde,101,899,Padre
3184,43615229,Samuel Hugo,Delgado,Delgado,M,2013-04-24,Secundaria,3,J,Tarde,101,173,Madre
3185,46774507,Ximena Yesenia,Ochoa,Flores,F,2013-01-11,Secundaria,3,J,Tarde,101,1749,Madre
3186,43658234,Juan Jhoel,Ticona,Cardenas,M,2013-01-04,Secundaria,3,J,Tarde,101,2932,Madre
3187,13564430,Julio Oscar,Gutierrez,Herrera,M,2013-04-09,Secundaria,3,J,Tarde,101,2979,Madre
3188,73972927,Ana Yolanda,Salazar,Rojas,F,2013-08-23,Secundaria,3,J,Tarde,101,2369,Padre
3189,13506644,Sofia Luz,Ticona,Ortiz,F,2013-11-11,Secundaria,3,J,Tarde,101,247,Madre
3190,67464631,Kevin Hugo,Yupanqui,Pacheco,M,2013-08-13,Secundaria,3,J,Tarde,101,2145,Madre
3191,26026526,Rodrigo Samuel,Ibarra,Castillo,M,2013-05-14,Secundaria,3,J,Tarde,101,2594,Madre
3192,38500609,Walter Julio,Sanchez,Espinoza,M,2013-11-30,Secundaria,3,J,Tarde,101,2213,Madre
3193,36274680,Isabel Fiorella,Farfan,Cornejo,F,2013-05-05,Secundaria,3,J,Tarde,101,1578,Madre
3194,79529784,Juan Juan,Cabrera,Salazar,M,2013-10-10,Secundaria,3,J,Tarde,101,2774,Padre
3195,74668615,Samuel Leonardo,Pacheco,Espinoza,M,2013-09-19,Secundaria,3,J,Tarde,101,3129,Madre
3196,61749380,Victor Kevin,Villanueva,Espinoza,M,2013-02-13,Secundaria,3,J,Tarde,101,2805,Madre
3197,34270737,Cesar Dylan,Carrillo,Medina,M,2013-05-28,Secundaria,3,J,Tarde,101,1261,Padre
3198,61536695,Gustavo Carlos,Rimac,Vega,M,2013-08-08,Secundaria,3,J,Tarde,101,272,Madre
3199,37477462,Yamil Gustavo,Condori,Cabrera,M,2013-09-24,Secundaria,3,J,Tarde,101,1590,Madre
3200,47496373,Isabel Estefany,Ramos,Ruiz,F,2013-03-05,Secundaria,3,J,Tarde,101,2028,Padre
3201,72812935,Yesenia Alessandra,Alarcon,Vargas,F,2013-11-01,Secundaria,3,K,Tarde,102,1314,Madre
3202,36724525,Anthony Sebastian,Cabrera,Condori,M,2013-09-27,Secundaria,3,K,Tarde,102,24,Padre
3203,48262250,Luis Angel,Aquino,Huaman,M,2013-09-04,Secundaria,3,K,Tarde,102,2512,Padre
3204,52501370,Zoe Brenda,Pacheco,Paucar,F,2013-08-11,Secundaria,3,K,Tarde,102,1918,Madre
3205,22230340,Gonzalo Angel,Bravo,Pacheco,M,2013-10-22,Secundaria,3,K,Tarde,102,154,Padre
3206,10618265,Fabricio Marco,Romero,Diaz,M,2013-03-12,Secundaria,3,K,Tarde,102,757,Padre
3207,32853793,Joaquin Joaquin,Huaraca,Soto,M,2013-09-14,Secundaria,3,K,Tarde,102,2534,Padre
3208,37430400,Fiorella Diana,Silva,Aquino,F,2013-02-01,Secundaria,3,K,Tarde,102,211,Madre
3209,54893837,Yamil Jhon,Ramos,Ortiz,M,2013-10-18,Secundaria,3,K,Tarde,102,1195,Madre
3210,60943878,Isabel Nicole,Pacheco,Cabrera,F,2013-05-23,Secundaria,3,K,Tarde,102,2554,Padre
3211,35282834,Britany Alexandra,Yataco,Carrillo,F,2013-10-26,Secundaria,3,K,Tarde,102,3087,Madre
3212,72763480,Rodrigo Gustavo,Pacheco,Vega,M,2013-08-26,Secundaria,3,K,Tarde,102,1296,Padre
3213,79345641,Fiorella Dulce,Quispe,Cutipa,F,2013-11-10,Secundaria,3,K,Tarde,102,825,Madre
3214,76811190,Luz Grecia,Vasquez,Vilca,F,2013-09-29,Secundaria,3,K,Tarde,102,1935,Madre
3215,62580552,Anthony Kevin,Leon,Diaz,M,2013-12-07,Secundaria,3,K,Tarde,102,1895,Madre
3216,72958388,Joaquin Gabriel,Choque,Yupanqui,M,2013-05-02,Secundaria,3,K,Tarde,102,3048,Padre
3217,56313301,Antonella Daniela,Reyes,Cabanillas,F,2013-07-05,Secundaria,3,K,Tarde,102,715,Padre
3218,17534486,Erick Fabricio,Villanueva,Marin,M,2013-09-22,Secundaria,3,K,Tarde,102,1139,Padre
3219,37534815,Piero Walter,Huaman,Ramos,M,2013-12-27,Secundaria,3,K,Tarde,102,1779,Madre
3220,66229042,Valentina Brenda,Gutierrez,Yupanqui,F,2013-03-05,Secundaria,3,K,Tarde,102,2807,Madre
3221,72309821,Nayeli Valentina,Romero,Mamani,F,2013-02-16,Secundaria,3,L,Tarde,103,2404,Padre
3222,40919284,Gabriel Oscar,Salazar,Herrera,M,2013-11-09,Secundaria,3,L,Tarde,103,569,Padre
3223,72436553,Ximena Ximena,Vargas,Alarcon,F,2013-04-21,Secundaria,3,L,Tarde,103,1875,Padre
3224,36717345,Edgar Elmer,Apaza,Garcia,M,2013-12-23,Secundaria,3,L,Tarde,103,2053,Madre
3225,39837139,Jhoel Fernando,Silva,Vasquez,M,2013-01-29,Secundaria,3,L,Tarde,103,2587,Padre
3226,30953265,Nicolas Edgar,Rojas,Cruz,M,2013-12-09,Secundaria,3,L,Tarde,103,1885,Madre
3227,61970080,Diego Yamil,Zavala,Nunez,M,2013-05-29,Secundaria,3,L,Tarde,103,2407,Padre
3228,37971372,Kiara Ana,Ticona,Sanchez,F,2013-09-07,Secundaria,3,L,Tarde,103,663,Padre
3229,13804221,Gabriel Benjamin,Ruiz,Ibarra,M,2013-06-09,Secundaria,3,L,Tarde,103,2941,Madre
3230,62316283,Aaron Kevin,Espinoza,Cardenas,M,2013-04-09,Secundaria,3,L,Tarde,103,1233,Madre
3231,14757927,Jorge Raul,Delgado,Castillo,M,2013-05-14,Secundaria,3,L,Tarde,103,1047,Padre
3232,77916610,Ian Dylan,Fernandez,Flores,M,2013-02-04,Secundaria,3,L,Tarde,103,1258,Padre
3233,39743399,Valentina Renata,Soto,Marin,F,2013-04-12,Secundaria,3,L,Tarde,103,2515,Padre
3234,76288655,Estefany Estefany,Quispe,Vargas,F,2013-10-03,Secundaria,3,L,Tarde,103,3115,Padre
3235,54142628,Mateo Yamil,Bravo,Cornejo,M,2013-09-26,Secundaria,3,L,Tarde,103,1410,Madre
3236,47012232,Fabricio Luis,Carrillo,Huaraca,M,2013-05-12,Secundaria,3,L,Tarde,103,1071,Padre
3237,35608861,Oscar Anthony,Flores,Vega,M,2013-03-12,Secundaria,3,L,Tarde,103,1598,Madre
3238,79554366,Julia Patricia,Ruiz,Pacheco,F,2013-10-30,Secundaria,3,L,Tarde,103,87,Padre
3239,20957600,Ruth Ruth,Ccahuana,Ibarra,F,2013-11-08,Secundaria,3,L,Tarde,103,2783,Madre
3240,65144715,Yamil Emilio,Nunez,Alarcon,M,2013-09-15,Secundaria,3,L,Tarde,103,2392,Padre
3241,67586866,Alberto Gustavo,Rodriguez,Alvarez,M,2013-02-12,Secundaria,3,L,Tarde,103,875,Madre
3242,54698473,Estefany Carmen,Alarcon,Cardenas,F,2013-06-01,Secundaria,3,M,Tarde,104,2190,Padre
3243,37410274,Brenda Alexandra,Castillo,Pacheco,F,2013-11-06,Secundaria,3,M,Tarde,104,1067,Padre
3244,56093013,Kiara Alexandra,Silva,Romero,F,2013-03-30,Secundaria,3,M,Tarde,104,279,Madre
3245,49822186,Leonardo Julio,Apaza,Cruz,M,2013-02-15,Secundaria,3,M,Tarde,104,220,Padre
3246,19379163,Wilson Samuel,Marin,Ibarra,M,2013-11-04,Secundaria,3,M,Tarde,104,1846,Madre
3247,37397474,Fernando Manuel,Torres,Bravo,M,2013-06-13,Secundaria,3,M,Tarde,104,1416,Padre
3248,29474786,Luana Katty,Vilca,Vega,F,2013-02-23,Secundaria,3,M,Tarde,104,2584,Padre
3249,61312181,Piero Andres,Cruz,Ramos,M,2013-04-23,Secundaria,3,M,Tarde,104,567,Padre
3250,68922377,Renzo Dylan,Ramos,Delgado,M,2013-07-21,Secundaria,3,M,Tarde,104,1395,Madre
3251,32589141,Grecia Vanessa,Cabanillas,Carrillo,F,2013-01-08,Secundaria,3,M,Tarde,104,1778,Padre
3252,10103022,Emily Antonella,Farfan,Flores,F,2013-05-16,Secundaria,3,M,Tarde,104,888,Padre
3253,19971724,Julia Estefany,Cornejo,Flores,F,2013-02-09,Secundaria,3,M,Tarde,104,371,Padre
3254,25540783,Jhon Jorge,Espinoza,Yupanqui,M,2013-06-24,Secundaria,3,M,Tarde,104,892,Padre
3255,21760064,Renzo Samuel,Ibarra,Chavez,M,2013-04-08,Secundaria,3,M,Tarde,104,884,Padre
3256,68921491,Paula Zoe,Cardenas,Cardenas,F,2013-02-10,Secundaria,3,M,Tarde,104,2032,Padre
3257,53970800,Kiara Renata,Gonzales,Lazo,F,2013-09-21,Secundaria,3,M,Tarde,104,1837,Madre
3258,64608957,Carlos Samuel,Rivera,Cornejo,M,2013-04-16,Secundaria,3,M,Tarde,104,2377,Padre
3259,39732148,Adrian Dylan,Vega,Vasquez,M,2013-02-25,Secundaria,3,M,Tarde,104,2734,Madre
3260,37789170,Katty Katty,Silva,Flores,F,2013-06-19,Secundaria,3,M,Tarde,104,1450,Madre
3261,16432568,Sebastian Ian,Bautista,Sanchez,M,2013-10-08,Secundaria,3,M,Tarde,104,2120,Madre
3262,43720733,Vanessa Lucia,Cabrera,Choque,F,2013-10-23,Secundaria,3,M,Tarde,104,2914,Madre
3263,27505042,Mia Carmen,Alvarez,Machaca,F,2013-07-01,Secundaria,3,M,Tarde,104,2779,Padre
3264,39575987,Edgar Carlos,Paredes,Gonzales,M,2013-11-30,Secundaria,3,M,Tarde,104,2837,Madre
3265,69752669,Patricia Brenda,Ortiz,Guzman,F,2013-07-26,Secundaria,3,M,Tarde,104,243,Madre
3266,25985750,Lucia Daniela,Huaraca,Choque,F,2012-08-17,Secundaria,4,A,Mañana,105,1359,Madre
3267,60995154,Mateo Sebastian,Cabanillas,Aquino,M,2012-08-04,Secundaria,4,A,Mañana,105,2092,Padre
3268,45743416,Alessandra Susan,Cabanillas,Vargas,F,2012-10-25,Secundaria,4,A,Mañana,105,2920,Padre
3269,50484618,Marco Mateo,Cruz,Choque,M,2012-07-22,Secundaria,4,A,Mañana,105,1389,Madre
3270,34738326,Britany Britany,Ochoa,Campos,F,2012-11-26,Secundaria,4,A,Mañana,105,995,Madre
3271,47315898,Zoe Britany,Aquino,Diaz,F,2012-05-13,Secundaria,4,A,Mañana,105,2631,Padre
3272,15562322,Julia Emily,Romero,Machaca,F,2012-07-17,Secundaria,4,A,Mañana,105,779,Madre
3273,40280072,Isabel Yolanda,Salvador,Salazar,F,2012-09-02,Secundaria,4,A,Mañana,105,271,Madre
3274,68458705,Karen Jhoana,Espinoza,Rivera,F,2012-12-01,Secundaria,4,A,Mañana,105,335,Madre
3275,20177647,Cristian Elmer,Sanchez,Rodriguez,M,2012-09-01,Secundaria,4,A,Mañana,105,2431,Madre
3276,31582304,Ashley Ruth,Mendoza,Yataco,F,2012-12-06,Secundaria,4,A,Mañana,105,926,Madre
3277,46540518,Thiago Jorge,Vega,Rimac,M,2012-03-24,Secundaria,4,A,Mañana,105,1235,Madre
3278,30432270,Yesica Rafaella,Vasquez,Flores,F,2012-06-04,Secundaria,4,A,Mañana,105,506,Padre
3279,29193869,Carlos Jose,Romero,Flores,M,2012-08-17,Secundaria,4,A,Mañana,105,885,Madre
3280,72349139,Fernando Jhoel,Bravo,Quispe,M,2012-10-25,Secundaria,4,A,Mañana,105,1830,Madre
3281,45480328,Oscar Fernando,Machaca,Bautista,M,2012-08-22,Secundaria,4,A,Mañana,105,2665,Padre
3282,15085653,Bryan Edgar,Chavez,Espinoza,M,2012-09-23,Secundaria,4,A,Mañana,105,3173,Madre
3283,44565303,Jhoana Patricia,Huaraca,Aguilar,F,2012-02-12,Secundaria,4,A,Mañana,105,2060,Padre
3284,71919499,Emily Abigail,Apaza,Flores,F,2012-10-02,Secundaria,4,A,Mañana,105,1090,Padre
3285,23379506,Anthony Fabricio,Nunez,Rivera,M,2012-03-28,Secundaria,4,A,Mañana,105,1592,Padre
3286,72665552,Jose Erick,Fernandez,Herrera,M,2012-12-18,Secundaria,4,A,Mañana,105,2241,Padre
3287,67135245,Raul Oscar,Ticona,Silva,M,2012-08-30,Secundaria,4,A,Mañana,105,1092,Padre
3288,76995723,Bryan Samuel,Palacios,Yupanqui,M,2012-04-09,Secundaria,4,A,Mañana,105,498,Padre
3289,22634722,Alexandra Katty,Flores,Alvarez,F,2012-02-22,Secundaria,4,A,Mañana,105,709,Madre
3290,16058412,Luana Dulce,Vega,Gutierrez,F,2012-02-21,Secundaria,4,A,Mañana,105,97,Madre
3291,30479842,Jhon Piero,Pacheco,Ortiz,M,2012-09-01,Secundaria,4,A,Mañana,105,1563,Madre
3292,67851357,Pilar Zoe,Rimac,Flores,F,2012-02-06,Secundaria,4,A,Mañana,105,1605,Padre
3293,12881820,Martin Samuel,Alarcon,Salazar,M,2012-08-06,Secundaria,4,A,Mañana,105,2950,Padre
3294,40382881,Britany Elena,Sanchez,Quispe,F,2012-06-11,Secundaria,4,A,Mañana,105,2777,Padre
3295,37536862,Renzo Anthony,Ruiz,Rivera,M,2012-07-30,Secundaria,4,A,Mañana,105,3064,Padre
3296,27355327,Grecia Carmen,Garcia,Campos,F,2012-08-16,Secundaria,4,A,Mañana,105,1136,Padre
3297,26100065,Luana Britany,Delgado,Farfan,F,2012-03-29,Secundaria,4,A,Mañana,105,1664,Padre
3298,22008775,Fiorella Gabriela,Carrillo,Vasquez,F,2012-02-20,Secundaria,4,A,Mañana,105,444,Padre
3299,26147720,Alexis Martin,Cornejo,Ortiz,M,2012-02-02,Secundaria,4,A,Mañana,105,2764,Padre
3300,62521248,Piero Juan,Choque,Marin,M,2012-03-18,Secundaria,4,A,Mañana,105,538,Padre
3301,17102261,Leonardo Raul,Delgado,Villanueva,M,2012-07-31,Secundaria,4,A,Mañana,105,343,Padre
3302,33310129,Hugo Nicolas,Paucar,Torres,M,2012-07-11,Secundaria,4,A,Mañana,105,373,Padre
3303,58063438,Franco Dylan,Pacheco,Ccahuana,M,2012-01-03,Secundaria,4,A,Mañana,105,1288,Madre
3304,58414034,Jorge Aaron,Rojas,Villanueva,M,2012-07-12,Secundaria,4,A,Mañana,105,1435,Madre
3305,48670862,Fernando Martin,Castillo,Campos,M,2012-11-24,Secundaria,4,A,Mañana,105,1722,Padre
3306,10265297,Gonzalo Gabriel,Espinoza,Quispe,M,2012-11-15,Secundaria,4,B,Mañana,106,2775,Padre
3307,41104285,Erick Marco,Quispe,Zavala,M,2012-08-26,Secundaria,4,B,Mañana,106,1786,Madre
3308,11786369,Angel Piero,Medina,Soto,M,2012-10-01,Secundaria,4,B,Mañana,106,90,Padre
3309,18000037,Katty Milagros,Ticona,Cabrera,F,2012-03-23,Secundaria,4,B,Mañana,106,1099,Madre
3310,66213170,Gustavo Andres,Palacios,Zavala,M,2012-12-08,Secundaria,4,B,Mañana,106,1934,Padre
3311,26361003,Alexandra Estefany,Cornejo,Apaza,F,2012-11-15,Secundaria,4,B,Mañana,106,1979,Madre
3312,25586286,Ariana Sofia,Diaz,Ibarra,F,2012-04-24,Secundaria,4,B,Mañana,106,1295,Madre
3313,14150329,Alexandra Brenda,Torres,Garcia,F,2012-09-05,Secundaria,4,B,Mañana,106,1126,Padre
3314,33266863,Bryan Oscar,Huaraca,Reyes,M,2012-08-21,Secundaria,4,B,Mañana,106,1005,Padre
3315,42759774,Cristian Luis,Huaman,Mendoza,M,2012-03-09,Secundaria,4,B,Mañana,106,728,Padre
3316,69759583,Melissa Susan,Gutierrez,Yataco,F,2012-02-14,Secundaria,4,B,Mañana,106,2208,Padre
3317,44980396,Vanessa Grecia,Vega,Sanchez,F,2012-02-11,Secundaria,4,B,Mañana,106,622,Padre
3318,18754706,Jhoel Pedro,Cabanillas,Salazar,M,2012-05-30,Secundaria,4,B,Mañana,106,2327,Padre
3319,44613863,Mia Diana,Salvador,Vega,F,2012-08-06,Secundaria,4,B,Mañana,106,747,Padre
3320,70994887,Alberto Walter,Reyes,Cabanillas,M,2012-01-29,Secundaria,4,B,Mañana,106,2605,Madre
3321,67866538,Victor Julio,Rodriguez,Vargas,M,2012-07-26,Secundaria,4,B,Mañana,106,411,Padre
3322,26841245,Renata Ana,Ticona,Cutipa,F,2012-10-06,Secundaria,4,B,Mañana,106,2207,Madre
3323,49774457,Ricardo Bryan,Paucar,Vasquez,M,2012-03-05,Secundaria,4,B,Mañana,106,1539,Madre
3324,66181110,Estefany Daniela,Gonzales,Soto,F,2012-12-18,Secundaria,4,B,Mañana,106,1313,Madre
3325,71746134,Luana Milagros,Castillo,Paredes,F,2012-05-04,Secundaria,4,B,Mañana,106,2282,Madre
3326,67059861,Gonzalo Joaquin,Farfan,Cornejo,M,2012-03-16,Secundaria,4,B,Mañana,106,1256,Madre
3327,36682166,Grecia Luana,Guzman,Diaz,F,2012-01-28,Secundaria,4,B,Mañana,106,1531,Madre
3328,61276035,Flor Gabriela,Villanueva,Diaz,F,2012-08-28,Secundaria,4,B,Mañana,106,1911,Madre
3329,38484715,Alberto Emilio,Alarcon,Pacheco,M,2012-09-23,Secundaria,4,B,Mañana,106,568,Padre
3330,23364091,Sofia Katty,Pacheco,Sanchez,F,2012-09-16,Secundaria,4,B,Mañana,106,633,Padre
3331,26919287,Elena Julia,Aquino,Ibarra,F,2012-09-05,Secundaria,4,B,Mañana,106,511,Padre
3332,61708235,Brenda Sofia,Silva,Villanueva,F,2012-03-19,Secundaria,4,B,Mañana,106,976,Padre
3333,57697677,Franco Leonardo,Leon,Reyes,M,2012-06-08,Secundaria,4,B,Mañana,106,595,Padre
3334,34260005,Nayeli Yesica,Paredes,Alarcon,F,2012-07-16,Secundaria,4,B,Mañana,106,2128,Madre
3335,32231762,Sofia Ashley,Gonzales,Silva,F,2012-08-03,Secundaria,4,B,Mañana,106,1988,Madre
3336,53514496,Elena Patricia,Cornejo,Guzman,F,2012-06-14,Secundaria,4,B,Mañana,106,1657,Madre
3337,42466758,Ana Luz,Cardenas,Rojas,F,2012-02-08,Secundaria,4,B,Mañana,106,2790,Padre
3338,15192537,Carlos Yamil,Yupanqui,Rivera,M,2012-02-11,Secundaria,4,B,Mañana,106,22,Madre
3339,58276475,Alexandra Gabriela,Yupanqui,Flores,F,2012-10-12,Secundaria,4,B,Mañana,106,539,Padre
3340,73448648,Karen Rosa,Vilca,Marin,F,2012-09-16,Secundaria,4,B,Mañana,106,1921,Padre
3341,74526225,Rosa Camila,Aguilar,Rojas,F,2012-05-06,Secundaria,4,B,Mañana,106,838,Madre
3342,15757276,Thiago Aaron,Huaraca,Paredes,M,2012-08-08,Secundaria,4,B,Mañana,106,477,Madre
3343,40950910,Rafaella Maria,Farfan,Vargas,F,2012-12-06,Secundaria,4,B,Mañana,106,1512,Padre
3344,34247154,Dylan Joaquin,Condori,Ramos,M,2012-12-26,Secundaria,4,B,Mañana,106,1442,Padre
3345,40494823,Cesar Sebastian,Lazo,Yataco,M,2012-05-25,Secundaria,4,C,Mañana,107,1239,Padre
3346,51981773,Lucia Yesica,Villanueva,Espinoza,F,2012-02-17,Secundaria,4,C,Mañana,107,3165,Madre
3347,42399667,Estefany Maria,Gonzales,Castillo,F,2012-07-19,Secundaria,4,C,Mañana,107,699,Madre
3348,72368894,Angel Pedro,Gutierrez,Zavala,M,2012-10-16,Secundaria,4,C,Mañana,107,109,Madre
3349,54099615,Dulce Sofia,Apaza,Gutierrez,F,2012-09-23,Secundaria,4,C,Mañana,107,625,Madre
3350,29414194,Emily Danna,Apaza,Ochoa,F,2012-03-30,Secundaria,4,C,Mañana,107,1859,Madre
3351,19591353,Jhoana Camila,Ramos,Pacheco,F,2012-10-19,Secundaria,4,C,Mañana,107,2216,Madre
3352,51175934,Nicolas Miguel,Paucar,Ruiz,M,2012-06-19,Secundaria,4,C,Mañana,107,1513,Padre
3353,12006929,Antonella Alessandra,Zavala,Medina,F,2012-09-26,Secundaria,4,C,Mañana,107,1222,Padre
3354,48993952,Mia Abigail,Romero,Condori,F,2012-01-04,Secundaria,4,C,Mañana,107,1001,Padre
3355,15834595,Angel Anthony,Cornejo,Vargas,M,2012-06-01,Secundaria,4,C,Mañana,107,2024,Madre
3356,19924783,Milagros Sofia,Marin,Nunez,F,2012-12-14,Secundaria,4,C,Mañana,107,2357,Madre
3357,59356582,Carmen Daniela,Espinoza,Leon,F,2012-07-15,Secundaria,4,C,Mañana,107,1427,Padre
3358,19378637,Wilson Miguel,Ticona,Fernandez,M,2012-03-21,Secundaria,4,C,Mañana,107,1906,Madre
3359,57240742,Lucia Ashley,Ramos,Nunez,F,2012-07-29,Secundaria,4,C,Mañana,107,1427,Padre
3360,44752042,Hugo Kevin,Paredes,Paucar,M,2012-06-16,Secundaria,4,C,Mañana,107,168,Madre
3361,62223832,Miguel Samuel,Cabrera,Espinoza,M,2012-11-11,Secundaria,4,C,Mañana,107,396,Madre
3362,71569931,Patricia Rosa,Mendoza,Cardenas,F,2012-12-25,Secundaria,4,C,Mañana,107,1413,Madre
3363,76572979,Karen Dulce,Aguilar,Vilca,F,2012-07-03,Secundaria,4,C,Mañana,107,1882,Madre
3364,15957232,Kevin Piero,Vilca,Salvador,M,2012-06-19,Secundaria,4,C,Mañana,107,2988,Madre
3365,63960254,Jhon Jose,Farfan,Campos,M,2012-07-16,Secundaria,4,C,Mañana,107,2246,Madre
3366,10744832,Mateo Ian,Vega,Cruz,M,2012-03-14,Secundaria,4,C,Mañana,107,2171,Padre
3367,38494783,Erick Juan,Huaraca,Vilca,M,2012-09-28,Secundaria,4,C,Mañana,107,2906,Padre
3368,30812141,Raul Gabriel,Soto,Ccahuana,M,2012-06-02,Secundaria,4,C,Mañana,107,695,Madre
3369,70333461,Ian Gonzalo,Cardenas,Carrillo,M,2012-05-29,Secundaria,4,C,Mañana,107,544,Madre
3370,64199753,Ashley Nicole,Leon,Vega,F,2012-08-03,Secundaria,4,C,Mañana,107,112,Padre
3371,63039576,Julia Ariana,Guzman,Ruiz,F,2012-05-11,Secundaria,4,C,Mañana,107,1631,Padre
3372,10310523,Dulce Lucia,Garcia,Silva,F,2012-02-29,Secundaria,4,C,Mañana,107,1133,Padre
3373,59422014,Alexandra Rosa,Cruz,Condori,F,2012-08-12,Secundaria,4,C,Mañana,107,2604,Madre
3374,21780359,Diana Nicole,Espinoza,Vega,F,2012-07-23,Secundaria,4,C,Mañana,107,6,Padre
3375,53911286,Katherine Daniela,Flores,Cornejo,F,2012-10-02,Secundaria,4,C,Mañana,107,1272,Madre
3376,65095205,Alexandra Maria,Guzman,Sanchez,F,2012-05-10,Secundaria,4,C,Mañana,107,2006,Madre
3377,36884643,Ivan Ian,Pacheco,Bautista,M,2012-07-30,Secundaria,4,C,Mañana,107,1561,Madre
3378,33770473,Katherine Yolanda,Vilca,Mamani,F,2012-08-24,Secundaria,4,C,Mañana,107,1722,Padre
3379,79030449,Nicolas Jhon,Salvador,Huaraca,M,2012-03-09,Secundaria,4,D,Mañana,108,2723,Madre
3380,27908830,Mia Danna,Vilca,Palacios,F,2012-06-08,Secundaria,4,D,Mañana,108,2572,Madre
3381,53154146,Anthony Leonardo,Espinoza,Delgado,M,2012-07-19,Secundaria,4,D,Mañana,108,1401,Padre
3382,56956972,Pedro Juan,Ccahuana,Zavala,M,2012-11-27,Secundaria,4,D,Mañana,108,3193,Padre
3383,12990629,Bryan Manuel,Cornejo,Romero,M,2012-04-21,Secundaria,4,D,Mañana,108,1613,Padre
3384,79790612,Jhoana Milagros,Silva,Fernandez,F,2012-02-07,Secundaria,4,D,Mañana,108,228,Padre
3385,33936043,Camila Ashley,Reyes,Carrillo,F,2012-11-30,Secundaria,4,D,Mañana,108,260,Padre
3386,57287116,Elmer Fernando,Nunez,Fernandez,M,2012-08-07,Secundaria,4,D,Mañana,108,3065,Madre
3387,42488501,Ruth Isabel,Yupanqui,Vega,F,2012-10-26,Secundaria,4,D,Mañana,108,1027,Madre
3388,71158472,Renata Lucia,Leon,Huaraca,F,2012-04-30,Secundaria,4,D,Mañana,108,2761,Madre
3389,61913985,Renata Milagros,Garcia,Salvador,F,2012-11-05,Secundaria,4,D,Mañana,108,2681,Padre
3390,49457728,Gabriel Manuel,Castillo,Cabanillas,M,2012-02-02,Secundaria,4,D,Mañana,108,2614,Padre
3391,23050285,Camila Mia,Medina,Mamani,F,2012-05-31,Secundaria,4,D,Mañana,108,839,Padre
3392,63725662,Kevin Nicolas,Huaraca,Cardenas,M,2012-09-16,Secundaria,4,D,Mañana,108,2706,Madre
3393,51099397,Ariana Zoe,Yupanqui,Leon,F,2012-09-21,Secundaria,4,D,Mañana,108,1805,Madre
3394,16064125,Joaquin Dylan,Vega,Mamani,M,2012-12-02,Secundaria,4,D,Mañana,108,1039,Madre
3395,10443122,Emilio Kevin,Ortiz,Soto,M,2012-01-31,Secundaria,4,D,Mañana,108,2853,Padre
3396,31872808,Nicolas Edgar,Vega,Yupanqui,M,2012-12-24,Secundaria,4,D,Mañana,108,2954,Padre
3397,55463985,Sofia Kiara,Vargas,Pacheco,F,2012-07-06,Secundaria,4,D,Mañana,108,2287,Madre
3398,19791479,Renata Zoe,Alarcon,Reyes,F,2012-07-20,Secundaria,4,D,Mañana,108,1971,Padre
3399,42577230,Zoe Grecia,Medina,Vilca,F,2012-11-06,Secundaria,4,D,Mañana,108,1903,Padre
3400,70318452,Yamil Carlos,Herrera,Cornejo,M,2012-09-05,Secundaria,4,D,Mañana,108,2102,Madre
3401,31892050,Jhoana Luana,Yataco,Mamani,F,2012-10-05,Secundaria,4,D,Mañana,108,3149,Madre
3402,50566838,Wilson Edgar,Bautista,Ibarra,M,2012-12-27,Secundaria,4,D,Mañana,108,1384,Padre
3403,29211527,Juan Emilio,Vargas,Chavez,M,2012-07-13,Secundaria,4,D,Mañana,108,1890,Padre
3404,18905743,Cristian Dylan,Ortiz,Pacheco,M,2012-01-29,Secundaria,4,D,Mañana,108,1933,Madre
3405,62621618,Brenda Britany,Espinoza,Alarcon,F,2012-06-19,Secundaria,4,D,Mañana,108,1242,Padre
3406,25179736,Rodrigo Erick,Sanchez,Cabanillas,M,2012-09-07,Secundaria,4,D,Mañana,108,1653,Padre
3407,59023471,Renzo Wilson,Yataco,Huaraca,M,2012-09-27,Secundaria,4,D,Mañana,108,1414,Madre
3408,32075665,Rosa Xiomara,Vilca,Cabanillas,F,2012-01-14,Secundaria,4,D,Mañana,108,3066,Madre
3409,71953935,Victor Alexander,Gonzales,Nunez,M,2012-03-20,Secundaria,4,D,Mañana,108,2974,Madre
3410,61450243,Ricardo Adrian,Romero,Bautista,M,2012-11-29,Secundaria,4,D,Mañana,108,281,Padre
3411,17332486,Danna Rafaella,Mendoza,Torres,F,2012-02-05,Secundaria,4,D,Mañana,108,1069,Madre
3412,36504438,Mia Patricia,Bautista,Mendoza,F,2012-07-24,Secundaria,4,D,Mañana,108,2494,Madre
3413,12881643,Jorge Jhoel,Rivera,Pacheco,M,2012-07-16,Secundaria,4,D,Mañana,108,2023,Madre
3414,64494280,Katty Brenda,Aguilar,Cabanillas,F,2012-05-15,Secundaria,4,D,Mañana,108,104,Madre
3415,69845776,Julia Carmen,Paredes,Silva,F,2012-07-03,Secundaria,4,E,Mañana,109,374,Padre
3416,46120620,Daniela Flor,Ibarra,Cardenas,F,2012-06-24,Secundaria,4,E,Mañana,109,2607,Madre
3417,34496384,Brenda Abigail,Villanueva,Castillo,F,2012-07-27,Secundaria,4,E,Mañana,109,1877,Madre
3418,23231218,Julio Renzo,Cruz,Fernandez,M,2012-11-18,Secundaria,4,E,Mañana,109,1536,Padre
3419,46946960,Ruth Nayeli,Villanueva,Alarcon,F,2012-12-06,Secundaria,4,E,Mañana,109,1675,Padre
3420,75042749,Mateo Julio,Reyes,Aquino,M,2012-08-18,Secundaria,4,E,Mañana,109,1066,Madre
3421,16067565,Fabricio Ian,Marin,Yupanqui,M,2012-03-05,Secundaria,4,E,Mañana,109,1943,Padre
3422,56877430,Abigail Zoe,Gutierrez,Pacheco,F,2012-08-08,Secundaria,4,E,Mañana,109,2791,Padre
3423,23620429,Milagros Abigail,Espinoza,Campos,F,2012-03-20,Secundaria,4,E,Mañana,109,1094,Madre
3424,52896638,Manuel Victor,Delgado,Castillo,M,2012-04-25,Secundaria,4,E,Mañana,109,673,Madre
3425,64543275,Melissa Jhoana,Huaman,Sanchez,F,2012-06-28,Secundaria,4,E,Mañana,109,2495,Padre
3426,62468526,Aaron Franco,Cutipa,Herrera,M,2012-02-20,Secundaria,4,E,Mañana,109,1604,Padre
3427,56037581,Gustavo Aaron,Torres,Chavez,M,2012-07-08,Secundaria,4,E,Mañana,109,1376,Madre
3428,46924082,Ariana Abigail,Vasquez,Espinoza,F,2012-08-09,Secundaria,4,E,Mañana,109,2245,Padre
3429,45479075,Lucia Lucia,Salazar,Herrera,F,2012-04-08,Secundaria,4,E,Mañana,109,2875,Padre
3430,19710012,Susan Dulce,Yupanqui,Alarcon,F,2012-09-17,Secundaria,4,E,Mañana,109,1047,Padre
3431,35424359,Benjamin Ivan,Guzman,Apaza,M,2012-07-21,Secundaria,4,E,Mañana,109,1487,Madre
3432,12492390,Carmen Alessandra,Bravo,Gonzales,F,2012-06-30,Secundaria,4,E,Mañana,109,1478,Padre
3433,68271943,Oscar Juan,Alarcon,Yataco,M,2012-05-30,Secundaria,4,E,Mañana,109,2016,Madre
3434,27260795,Jhon Anthony,Torres,Fernandez,M,2012-10-29,Secundaria,4,E,Mañana,109,2319,Madre
3435,41037839,Gabriela Xiomara,Yataco,Garcia,F,2012-08-13,Secundaria,4,E,Mañana,109,2578,Madre
3436,16375659,Pedro Samuel,Yupanqui,Ortiz,M,2012-11-24,Secundaria,4,E,Mañana,109,1500,Madre
3437,62817975,Ana Ana,Villanueva,Flores,F,2012-11-18,Secundaria,4,E,Mañana,109,835,Madre
3438,10601429,Katty Kiara,Sanchez,Ticona,F,2012-12-01,Secundaria,4,E,Mañana,109,429,Madre
3439,10132388,Abigail Yolanda,Soto,Cabrera,F,2012-10-31,Secundaria,4,E,Mañana,109,1771,Padre
3440,67810105,Ana Susan,Rodriguez,Chavez,F,2012-10-19,Secundaria,4,E,Mañana,109,1344,Padre
3441,16442702,Lucia Camila,Huaman,Palacios,F,2012-03-31,Secundaria,4,E,Mañana,109,287,Madre
3442,43143252,Juan Ivan,Aguilar,Lazo,M,2012-01-15,Secundaria,4,E,Mañana,109,2710,Padre
3443,55490295,Dylan Elmer,Cabrera,Ccahuana,M,2012-06-01,Secundaria,4,E,Mañana,109,252,Madre
3444,74840456,Ruth Alexandra,Machaca,Vega,F,2012-10-05,Secundaria,4,E,Mañana,109,491,Padre
3445,48805360,Ashley Emily,Huaman,Yataco,F,2012-02-20,Secundaria,4,E,Mañana,109,432,Madre
3446,30799010,Karen Ana,Castillo,Cutipa,F,2012-04-27,Secundaria,4,E,Mañana,109,2836,Madre
3447,15497991,Ricardo Dylan,Vega,Aquino,M,2012-02-24,Secundaria,4,E,Mañana,109,2814,Padre
3448,35563705,Cristian Diego,Torres,Cornejo,M,2012-10-31,Secundaria,4,E,Mañana,109,1798,Padre
3449,25332952,Wilson Nicolas,Alarcon,Ramos,M,2012-05-18,Secundaria,4,E,Mañana,109,1145,Madre
3450,47254186,Sofia Gabriela,Gonzales,Torres,F,2012-01-12,Secundaria,4,F,Mañana,110,2007,Padre
3451,52192102,Ashley Brenda,Quispe,Fernandez,F,2012-07-21,Secundaria,4,F,Mañana,110,2102,Madre
3452,17038746,Flor Alessandra,Medina,Quispe,F,2012-05-13,Secundaria,4,F,Mañana,110,802,Madre
3453,54014942,Melissa Maria,Machaca,Soto,F,2012-12-23,Secundaria,4,F,Mañana,110,1384,Padre
3454,60163077,Luis Edgar,Nunez,Espinoza,M,2012-02-18,Secundaria,4,F,Mañana,110,2922,Padre
3455,29260924,Pedro Sebastian,Zavala,Ticona,M,2012-05-30,Secundaria,4,F,Mañana,110,1358,Madre
3456,53967261,Fiorella Milagros,Mamani,Rivera,F,2012-09-06,Secundaria,4,F,Mañana,110,2750,Padre
3457,28057248,Elena Daniela,Ruiz,Condori,F,2012-10-27,Secundaria,4,F,Mañana,110,1806,Madre
3458,71370701,Alberto Anthony,Delgado,Medina,M,2012-02-25,Secundaria,4,F,Mañana,110,1958,Padre
3459,64195676,Katherine Xiomara,Leon,Machaca,F,2012-01-18,Secundaria,4,F,Mañana,110,752,Padre
3460,11963103,Alexis Ivan,Alarcon,Vilca,M,2012-03-03,Secundaria,4,F,Mañana,110,1362,Madre
3461,71574141,Katty Valentina,Nunez,Reyes,F,2012-09-27,Secundaria,4,F,Mañana,110,3024,Madre
3462,47609452,Ariana Fiorella,Leon,Vasquez,F,2012-11-21,Secundaria,4,F,Mañana,110,762,Padre
3463,77203760,Diego Raul,Lazo,Reyes,M,2012-08-19,Secundaria,4,F,Mañana,110,1386,Madre
3464,21961527,Abigail Xiomara,Rimac,Rimac,F,2012-07-16,Secundaria,4,F,Mañana,110,2354,Padre
3465,38243000,Kiara Luz,Bravo,Yataco,F,2012-03-22,Secundaria,4,F,Mañana,110,142,Padre
3466,40914647,Mia Alessandra,Bravo,Gonzales,F,2012-01-10,Secundaria,4,F,Mañana,110,3127,Madre
3467,22324345,Ana Vanessa,Rivera,Ruiz,F,2012-07-18,Secundaria,4,F,Mañana,110,1792,Madre
3468,47800092,Pilar Isabel,Marin,Ortiz,F,2012-10-13,Secundaria,4,F,Mañana,110,1581,Madre
3469,30253371,Fabricio Bryan,Farfan,Mendoza,M,2012-11-05,Secundaria,4,F,Mañana,110,2101,Padre
3470,70230055,Camila Melissa,Marin,Cornejo,F,2012-04-22,Secundaria,4,F,Mañana,110,38,Padre
3471,73914822,Adrian Wilson,Aguilar,Pacheco,M,2012-01-21,Secundaria,4,F,Mañana,110,3120,Madre
3472,28397246,Ivan Fabricio,Ramos,Yataco,M,2012-02-17,Secundaria,4,F,Mañana,110,3045,Padre
3473,18727187,Dulce Rosa,Vilca,Mendoza,F,2012-08-11,Secundaria,4,F,Mañana,110,2142,Padre
3474,18188942,Franco Julio,Espinoza,Gonzales,M,2012-08-18,Secundaria,4,F,Mañana,110,1124,Madre
3475,70682794,Kiara Mia,Quispe,Vasquez,F,2012-08-13,Secundaria,4,F,Mañana,110,79,Padre
3476,11443304,Vanessa Ruth,Nunez,Choque,F,2012-10-21,Secundaria,4,F,Mañana,110,150,Padre
3477,44360607,Gabriel Fabricio,Yupanqui,Zavala,M,2012-06-20,Secundaria,4,F,Mañana,110,1662,Madre
3478,70264604,Ricardo Jorge,Cardenas,Leon,M,2012-09-01,Secundaria,4,F,Mañana,110,1553,Padre
3479,43504091,Dylan Gonzalo,Diaz,Rimac,M,2012-03-24,Secundaria,4,F,Mañana,110,1953,Padre
3480,46543410,Diana Rafaella,Vilca,Vargas,F,2012-09-04,Secundaria,4,F,Mañana,110,1822,Padre
3481,32609145,Patricia Nayeli,Vilca,Vargas,F,2012-12-25,Secundaria,4,G,Tarde,111,309,Madre
3482,19515731,Gabriel Mateo,Lazo,Paredes,M,2012-09-08,Secundaria,4,G,Tarde,111,1834,Madre
3483,34791197,Maria Ariana,Flores,Sanchez,F,2012-02-03,Secundaria,4,G,Tarde,111,720,Padre
3484,39542505,Estefany Luana,Cruz,Aguilar,F,2012-02-06,Secundaria,4,G,Tarde,111,1584,Padre
3485,58094314,Luz Camila,Paredes,Lazo,F,2012-12-29,Secundaria,4,G,Tarde,111,1385,Padre
3486,51857774,Ivan Diego,Torres,Campos,M,2012-12-19,Secundaria,4,G,Tarde,111,2077,Padre
3487,13028340,Rodrigo Julio,Huaraca,Mamani,M,2012-10-05,Secundaria,4,G,Tarde,111,4,Padre
3488,13882174,Sebastian Marco,Gutierrez,Espinoza,M,2012-12-17,Secundaria,4,G,Tarde,111,514,Madre
3489,68573642,Yesica Sofia,Espinoza,Paredes,F,2012-09-12,Secundaria,4,G,Tarde,111,3009,Padre
3490,31955109,Ashley Dulce,Silva,Herrera,F,2012-01-10,Secundaria,4,G,Tarde,111,961,Padre
3491,10286994,Luz Sofia,Vilca,Alarcon,F,2012-08-01,Secundaria,4,G,Tarde,111,3082,Madre
3492,12845785,Andres Raul,Alarcon,Salvador,M,2012-05-21,Secundaria,4,G,Tarde,111,1165,Madre
3493,32248173,Jose Juan,Ramos,Nunez,M,2012-02-20,Secundaria,4,G,Tarde,111,245,Madre
3494,75773076,Pedro Angel,Soto,Salvador,M,2012-11-06,Secundaria,4,G,Tarde,111,2991,Madre
3495,74231087,Sofia Rosa,Gonzales,Medina,F,2012-11-21,Secundaria,4,G,Tarde,111,548,Madre
3496,73211839,Gonzalo Victor,Cardenas,Rimac,M,2012-07-10,Secundaria,4,G,Tarde,111,2855,Madre
3497,29396159,Mia Antonella,Farfan,Choque,F,2012-12-19,Secundaria,4,G,Tarde,111,1361,Padre
3498,36607608,Piero Gabriel,Espinoza,Rimac,M,2012-03-23,Secundaria,4,G,Tarde,111,1779,Madre
3499,61893501,Ana Vanessa,Palacios,Cabrera,F,2012-11-20,Secundaria,4,G,Tarde,111,3150,Madre
3500,77037489,Emily Rosa,Romero,Rojas,F,2012-07-17,Secundaria,4,G,Tarde,111,518,Padre
3501,10685401,Gustavo Benjamin,Alarcon,Ramos,M,2012-04-26,Secundaria,4,G,Tarde,111,2522,Madre
3502,14564033,Gustavo Manuel,Castillo,Ramos,M,2012-07-26,Secundaria,4,G,Tarde,111,754,Madre
3503,22360061,Benjamin Mateo,Paredes,Yataco,M,2012-05-05,Secundaria,4,G,Tarde,111,1058,Madre
3504,47312685,Sofia Julia,Torres,Rojas,F,2012-08-03,Secundaria,4,G,Tarde,111,2557,Madre
3505,60725580,Fabricio Samuel,Condori,Huaman,M,2012-02-21,Secundaria,4,G,Tarde,111,2816,Padre
3506,28281555,Ruth Flor,Yataco,Ochoa,F,2012-07-12,Secundaria,4,G,Tarde,111,1876,Madre
3507,14540161,Andres Aaron,Machaca,Vilca,M,2012-08-27,Secundaria,4,H,Tarde,112,2049,Padre
3508,75277900,Ximena Vanessa,Alvarez,Bautista,F,2012-11-08,Secundaria,4,H,Tarde,112,1929,Madre
3509,72020633,Katty Mia,Carrillo,Garcia,F,2012-03-08,Secundaria,4,H,Tarde,112,1565,Padre
3510,76651120,Yesica Carmen,Ticona,Diaz,F,2012-08-12,Secundaria,4,H,Tarde,112,184,Madre
3511,47109670,Maria Julia,Yupanqui,Salazar,F,2012-01-02,Secundaria,4,H,Tarde,112,463,Padre
3512,68086053,Renata Flor,Soto,Torres,F,2012-05-08,Secundaria,4,H,Tarde,112,2612,Padre
3513,70899284,Wilson Erick,Chavez,Ruiz,M,2012-04-24,Secundaria,4,H,Tarde,112,3132,Padre
3514,23760947,Joaquin Fernando,Medina,Leon,M,2012-05-28,Secundaria,4,H,Tarde,112,1655,Madre
3515,55561893,Wilson Aaron,Zavala,Yataco,M,2012-02-28,Secundaria,4,H,Tarde,112,1118,Madre
3516,75332789,Alexandra Valentina,Ibarra,Paucar,F,2012-01-11,Secundaria,4,H,Tarde,112,25,Padre
3517,19747886,Oscar Benjamin,Ortiz,Cardenas,M,2012-02-07,Secundaria,4,H,Tarde,112,2503,Padre
3518,41872992,Yamil Bryan,Gonzales,Palacios,M,2012-05-03,Secundaria,4,H,Tarde,112,383,Madre
3519,20616889,Alexander Andres,Paucar,Yupanqui,M,2012-12-25,Secundaria,4,H,Tarde,112,2031,Madre
3520,23076543,Pedro Jhoel,Bautista,Herrera,M,2012-03-28,Secundaria,4,H,Tarde,112,1993,Padre
3521,42233118,Xiomara Ruth,Campos,Huaman,F,2012-03-20,Secundaria,4,H,Tarde,112,1917,Padre
3522,47831735,Patricia Zoe,Ortiz,Mamani,F,2012-02-18,Secundaria,4,H,Tarde,112,1926,Padre
3523,50865275,Jhoana Brenda,Pacheco,Aquino,F,2012-07-28,Secundaria,4,H,Tarde,112,554,Madre
3524,38561369,Juan Ian,Paredes,Castillo,M,2012-06-25,Secundaria,4,H,Tarde,112,2255,Padre
3525,27881924,Oscar Alberto,Cardenas,Mendoza,M,2012-09-03,Secundaria,4,H,Tarde,112,1104,Madre
3526,47987655,Erick Fabricio,Reyes,Alarcon,M,2012-09-20,Secundaria,4,H,Tarde,112,378,Madre
3527,45491832,Alexis Gonzalo,Apaza,Aguilar,M,2012-10-05,Secundaria,4,H,Tarde,112,1485,Padre
3528,34068323,Maria Katherine,Yataco,Medina,F,2012-01-25,Secundaria,4,H,Tarde,112,1520,Padre
3529,48022253,Ivan Alexander,Vilca,Gonzales,M,2012-07-13,Secundaria,4,H,Tarde,112,562,Padre
3530,18873148,Thiago Gonzalo,Yupanqui,Bautista,M,2012-01-10,Secundaria,4,H,Tarde,112,850,Padre
3531,15731720,Fernando Thiago,Ticona,Paucar,M,2012-05-21,Secundaria,4,H,Tarde,112,497,Padre
3532,22199636,Pedro Erick,Chavez,Chavez,M,2012-11-25,Secundaria,4,H,Tarde,112,288,Padre
3533,21639082,Piero Alexander,Cornejo,Aguilar,M,2012-12-11,Secundaria,4,H,Tarde,112,637,Madre
3534,68202410,Teresa Pilar,Aguilar,Apaza,F,2012-04-05,Secundaria,4,H,Tarde,112,609,Madre
3535,53510385,Gabriela Carmen,Paredes,Fernandez,F,2012-10-30,Secundaria,4,I,Tarde,113,210,Madre
3536,54959946,Erick Manuel,Bravo,Pacheco,M,2012-03-29,Secundaria,4,I,Tarde,113,164,Padre
3537,40167439,Cristian Yamil,Guzman,Apaza,M,2012-11-06,Secundaria,4,I,Tarde,113,871,Madre
3538,10997961,Rosa Kiara,Delgado,Chavez,F,2012-01-19,Secundaria,4,I,Tarde,113,1828,Padre
3539,44640345,Jorge Bryan,Rimac,Medina,M,2012-02-29,Secundaria,4,I,Tarde,113,2700,Madre
3540,25677374,Fiorella Nayeli,Yataco,Ticona,F,2012-06-11,Secundaria,4,I,Tarde,113,880,Padre
3541,10409337,Brenda Patricia,Palacios,Lazo,F,2012-05-09,Secundaria,4,I,Tarde,113,348,Padre
3542,71119669,Zoe Zoe,Soto,Espinoza,F,2012-09-18,Secundaria,4,I,Tarde,113,993,Madre
3543,48838474,Katherine Karen,Cabrera,Huaman,F,2012-01-19,Secundaria,4,I,Tarde,113,2340,Madre
3544,37461208,Ian Piero,Cornejo,Choque,M,2012-08-03,Secundaria,4,I,Tarde,113,1547,Padre
3545,41300934,Danna Camila,Espinoza,Paucar,F,2012-01-14,Secundaria,4,I,Tarde,113,1324,Padre
3546,17136010,Karen Alexandra,Rodriguez,Rojas,F,2012-11-17,Secundaria,4,I,Tarde,113,2111,Madre
3547,23945850,Cesar Adrian,Paredes,Vasquez,M,2012-09-11,Secundaria,4,I,Tarde,113,2429,Madre
3548,48759302,Juan Fabricio,Medina,Ibarra,M,2012-12-19,Secundaria,4,I,Tarde,113,2583,Padre
3549,14605684,Pedro Manuel,Cutipa,Huaraca,M,2012-10-23,Secundaria,4,I,Tarde,113,1087,Padre
3550,22697811,Yamil Fabricio,Guzman,Ruiz,M,2012-12-15,Secundaria,4,I,Tarde,113,902,Padre
3551,73452752,Raul Mateo,Villanueva,Rodriguez,M,2012-11-12,Secundaria,4,I,Tarde,113,3051,Padre
3552,60834864,Brenda Rafaella,Huaman,Cruz,F,2012-02-29,Secundaria,4,I,Tarde,113,2385,Madre
3553,24526092,Jorge Erick,Ochoa,Carrillo,M,2012-07-02,Secundaria,4,I,Tarde,113,2338,Padre
3554,72987707,Kevin Dylan,Leon,Huaman,M,2012-11-04,Secundaria,4,I,Tarde,113,3014,Madre
3555,41944505,Alberto Emilio,Huaman,Campos,M,2012-05-04,Secundaria,4,I,Tarde,113,675,Padre
3556,41832532,Oscar Juan,Bravo,Cardenas,M,2012-05-16,Secundaria,4,I,Tarde,113,138,Madre
3557,75193797,Juan Marco,Gutierrez,Huaman,M,2012-08-08,Secundaria,4,I,Tarde,113,2872,Madre
3558,19677514,Samuel Rodrigo,Gutierrez,Herrera,M,2012-07-22,Secundaria,4,I,Tarde,113,152,Padre
3559,60791420,Ruth Ana,Alvarez,Gonzales,F,2012-04-30,Secundaria,4,I,Tarde,113,2145,Madre
3560,48273106,Katherine Yesenia,Farfan,Zavala,F,2012-06-09,Secundaria,4,I,Tarde,113,2744,Padre
3561,37715782,Yesica Teresa,Ochoa,Cabrera,F,2012-03-20,Secundaria,4,I,Tarde,113,2162,Madre
3562,75650818,Julio Andres,Cabrera,Alvarez,M,2012-04-01,Secundaria,4,I,Tarde,113,1681,Madre
3563,24396563,Miguel Adrian,Cardenas,Silva,M,2012-06-15,Secundaria,4,I,Tarde,113,373,Padre
3564,15310482,Yesica Rafaella,Cruz,Gutierrez,F,2012-08-20,Secundaria,4,I,Tarde,113,3034,Padre
3565,78869665,Jhon Walter,Fernandez,Cruz,M,2012-10-27,Secundaria,4,I,Tarde,113,1022,Padre
3566,39694969,Alexander Marco,Rimac,Cutipa,M,2012-08-07,Secundaria,4,I,Tarde,113,415,Madre
3567,42096506,Mia Abigail,Choque,Rivera,F,2012-01-15,Secundaria,4,I,Tarde,113,2699,Padre
3568,50732865,Luis Bryan,Bautista,Ramos,M,2012-12-23,Secundaria,4,I,Tarde,113,2968,Padre
3569,47337678,Hugo Gabriel,Vasquez,Rivera,M,2012-11-07,Secundaria,4,I,Tarde,113,2642,Padre
3570,46317238,Gabriela Nicole,Cruz,Rodriguez,F,2012-07-20,Secundaria,4,J,Tarde,114,644,Madre
3571,77456952,Rosa Daniela,Paucar,Pacheco,F,2012-11-16,Secundaria,4,J,Tarde,114,2870,Padre
3572,19586922,Alexis Bryan,Romero,Apaza,M,2012-05-19,Secundaria,4,J,Tarde,114,223,Padre
3573,34136354,Emily Lucia,Vilca,Campos,F,2012-07-02,Secundaria,4,J,Tarde,114,168,Madre
3574,27769408,Rosa Katherine,Garcia,Alarcon,F,2012-10-29,Secundaria,4,J,Tarde,114,2200,Madre
3575,22711739,Sebastian Andres,Mamani,Gonzales,M,2012-10-04,Secundaria,4,J,Tarde,114,3178,Madre
3576,31673761,Julio Aaron,Vasquez,Alvarez,M,2012-05-06,Secundaria,4,J,Tarde,114,2422,Madre
3577,12125316,Leonardo Adrian,Cabrera,Mamani,M,2012-09-09,Secundaria,4,J,Tarde,114,459,Padre
3578,69846821,Wilson Franco,Reyes,Rodriguez,M,2012-03-14,Secundaria,4,J,Tarde,114,1336,Padre
3579,51671022,Julia Rafaella,Vega,Rojas,F,2012-12-13,Secundaria,4,J,Tarde,114,3137,Madre
3580,78869483,Alexis Jhon,Choque,Marin,M,2012-10-17,Secundaria,4,J,Tarde,114,2166,Padre
3581,35711965,Abigail Alessandra,Mamani,Espinoza,F,2012-05-29,Secundaria,4,J,Tarde,114,2550,Madre
3582,39188250,Melissa Isabel,Gonzales,Huaman,F,2012-01-18,Secundaria,4,J,Tarde,114,1571,Padre
3583,71677863,Susan Estefany,Choque,Carrillo,F,2012-06-16,Secundaria,4,J,Tarde,114,2960,Madre
3584,19073058,Alexis Ivan,Paredes,Rodriguez,M,2012-01-14,Secundaria,4,J,Tarde,114,700,Padre
3585,34019205,Kevin Ivan,Yupanqui,Vargas,M,2012-04-20,Secundaria,4,J,Tarde,114,2350,Madre
3586,77896958,Alexander Raul,Chavez,Vasquez,M,2012-02-09,Secundaria,4,J,Tarde,114,1282,Madre
3587,47222217,Carlos Hugo,Aquino,Machaca,M,2012-07-18,Secundaria,4,J,Tarde,114,2513,Madre
3588,56102047,Alexander Emilio,Alarcon,Apaza,M,2012-01-05,Secundaria,4,J,Tarde,114,647,Padre
3589,49573265,Juan Andres,Farfan,Torres,M,2012-09-11,Secundaria,4,J,Tarde,114,1223,Padre
3590,17469920,Paula Isabel,Reyes,Vilca,F,2012-04-03,Secundaria,4,J,Tarde,114,662,Madre
3591,24702751,Kiara Brenda,Palacios,Ochoa,F,2012-01-21,Secundaria,4,J,Tarde,114,2207,Madre
3592,78863500,Mateo Jose,Bravo,Diaz,M,2012-08-26,Secundaria,4,J,Tarde,114,1056,Padre
3593,76423917,Luz Yesica,Romero,Silva,F,2012-01-10,Secundaria,4,J,Tarde,114,1925,Madre
3594,69837370,Ruth Susan,Silva,Mamani,F,2012-11-30,Secundaria,4,J,Tarde,114,650,Padre
3595,13979247,Kiara Camila,Soto,Ccahuana,F,2012-08-13,Secundaria,4,J,Tarde,114,2400,Madre
3596,77005929,Jhon Alberto,Yupanqui,Cornejo,M,2012-09-30,Secundaria,4,J,Tarde,114,1330,Madre
3597,63464568,Estefany Ruth,Campos,Aquino,F,2012-09-02,Secundaria,4,J,Tarde,114,1233,Madre
3598,68999732,Ruth Britany,Espinoza,Condori,F,2012-08-09,Secundaria,4,J,Tarde,114,833,Madre
3599,26274334,Marco Ricardo,Silva,Delgado,M,2012-10-13,Secundaria,4,J,Tarde,114,2713,Madre
3600,25726272,Aaron Emilio,Huaraca,Yataco,M,2012-05-01,Secundaria,4,J,Tarde,114,1597,Madre
3601,52265205,Grecia Nayeli,Bautista,Ochoa,F,2012-10-31,Secundaria,4,J,Tarde,114,1602,Madre
3602,48283347,Danna Renata,Pacheco,Aguilar,F,2012-11-13,Secundaria,4,J,Tarde,114,1492,Padre
3603,52112991,Cristian Luis,Machaca,Rojas,M,2012-04-06,Secundaria,4,J,Tarde,114,155,Madre
3604,37289200,Maria Patricia,Guzman,Leon,F,2012-12-12,Secundaria,4,K,Tarde,115,1689,Madre
3605,43551097,Ruth Estefany,Delgado,Chavez,F,2012-08-25,Secundaria,4,K,Tarde,115,1122,Padre
3606,51781090,Leonardo Gonzalo,Choque,Castillo,M,2012-02-16,Secundaria,4,K,Tarde,115,2266,Padre
3607,47205808,Franco Joaquin,Reyes,Pacheco,M,2012-05-01,Secundaria,4,K,Tarde,115,2712,Madre
3608,58116587,Leonardo Renzo,Flores,Silva,M,2012-08-16,Secundaria,4,K,Tarde,115,1443,Padre
3609,49580710,Bryan Thiago,Ticona,Paucar,M,2012-12-30,Secundaria,4,K,Tarde,115,1445,Padre
3610,41974239,Rafaella Camila,Vega,Condori,F,2012-05-08,Secundaria,4,K,Tarde,115,1062,Padre
3611,30146973,Ariana Rafaella,Aguilar,Rimac,F,2012-07-05,Secundaria,4,K,Tarde,115,1762,Madre
3612,64359062,Diego Gabriel,Cruz,Yupanqui,M,2012-07-19,Secundaria,4,K,Tarde,115,2730,Madre
3613,70308942,Katherine Valentina,Rivera,Castillo,F,2012-12-17,Secundaria,4,K,Tarde,115,3042,Padre
3614,59741511,Luana Pilar,Cabrera,Rojas,F,2012-04-20,Secundaria,4,K,Tarde,115,410,Padre
3615,25977797,Rafaella Vanessa,Paredes,Vasquez,F,2012-08-16,Secundaria,4,K,Tarde,115,2951,Madre
3616,21483460,Adrian Pedro,Torres,Cruz,M,2012-01-18,Secundaria,4,K,Tarde,115,1074,Madre
3617,17911131,Gustavo Hugo,Huaraca,Cabrera,M,2012-08-09,Secundaria,4,K,Tarde,115,279,Madre
3618,30545334,Adrian Fabricio,Herrera,Cutipa,M,2012-01-03,Secundaria,4,K,Tarde,115,2743,Padre
3619,59555086,Diana Ruth,Mendoza,Salvador,F,2012-07-05,Secundaria,4,K,Tarde,115,81,Padre
3620,11825238,Abigail Milagros,Alarcon,Flores,F,2012-11-01,Secundaria,4,K,Tarde,115,1472,Padre
3621,56131845,Angel Renzo,Farfan,Salvador,M,2012-08-16,Secundaria,4,K,Tarde,115,2066,Padre
3622,62866492,Maria Grecia,Mendoza,Carrillo,F,2012-05-31,Secundaria,4,K,Tarde,115,70,Padre
3623,79743758,Fernando Oscar,Alarcon,Rojas,M,2012-05-12,Secundaria,4,K,Tarde,115,1478,Padre
3624,21069221,Ariana Carmen,Flores,Ruiz,F,2012-10-22,Secundaria,4,K,Tarde,115,3029,Padre
3625,35990283,Diana Ruth,Ruiz,Huaraca,F,2012-04-04,Secundaria,4,K,Tarde,115,197,Padre
3626,39249590,Franco Mateo,Machaca,Cutipa,M,2012-08-01,Secundaria,4,K,Tarde,115,2365,Padre
3627,30312110,Yesenia Luana,Bravo,Espinoza,F,2012-11-26,Secundaria,4,K,Tarde,115,1669,Madre
3628,42279665,Emilio Bryan,Flores,Romero,M,2012-04-11,Secundaria,4,K,Tarde,115,3015,Madre
3629,12928614,Katherine Renata,Machaca,Alvarez,F,2012-03-30,Secundaria,4,K,Tarde,115,1518,Madre
3630,11244195,Anthony Walter,Gutierrez,Silva,M,2012-12-01,Secundaria,4,K,Tarde,115,2675,Padre
3631,78237956,Ariana Yesenia,Herrera,Garcia,F,2012-08-23,Secundaria,4,K,Tarde,115,2594,Madre
3632,52382467,Emily Emily,Salvador,Pacheco,F,2012-01-23,Secundaria,4,K,Tarde,115,701,Madre
3633,26049899,Alberto Kevin,Rimac,Ccahuana,M,2012-08-03,Secundaria,4,K,Tarde,115,2995,Padre
3634,44672929,Ian Yamil,Palacios,Pacheco,M,2012-09-08,Secundaria,4,K,Tarde,115,2505,Madre
3635,15917440,Martin Thiago,Campos,Torres,M,2012-04-21,Secundaria,4,K,Tarde,115,1130,Padre
3636,26931249,Danna Emily,Campos,Rimac,F,2012-03-11,Secundaria,4,K,Tarde,115,774,Padre
3637,35506277,Nayeli Antonella,Ccahuana,Huaraca,F,2012-07-15,Secundaria,4,K,Tarde,115,2688,Madre
3638,22526038,Isabel Yolanda,Huaraca,Yataco,F,2012-12-29,Secundaria,4,K,Tarde,115,665,Padre
3639,59268344,Miguel Edgar,Vasquez,Yataco,M,2012-09-03,Secundaria,4,K,Tarde,115,1278,Madre
3640,40358406,Rafaella Patricia,Leon,Vargas,F,2012-03-07,Secundaria,4,L,Tarde,116,1248,Madre
3641,38484541,Britany Patricia,Salvador,Palacios,F,2012-07-14,Secundaria,4,L,Tarde,116,3167,Padre
3642,20832013,Ashley Britany,Lazo,Huaraca,F,2012-02-11,Secundaria,4,L,Tarde,116,1425,Padre
3643,36481477,Dylan Piero,Gonzales,Yataco,M,2012-10-19,Secundaria,4,L,Tarde,116,1447,Padre
3644,41085828,Angel Miguel,Huaraca,Ccahuana,M,2012-05-27,Secundaria,4,L,Tarde,116,1281,Padre
3645,59849109,Piero Diego,Cardenas,Cruz,M,2012-12-05,Secundaria,4,L,Tarde,116,2861,Madre
3646,50722536,Leonardo Andres,Medina,Cabanillas,M,2012-04-26,Secundaria,4,L,Tarde,116,549,Padre
3647,39534487,Manuel Nicolas,Cabanillas,Yataco,M,2012-01-07,Secundaria,4,L,Tarde,116,2273,Padre
3648,43640613,Angel Alexander,Delgado,Cabrera,M,2012-03-19,Secundaria,4,L,Tarde,116,579,Padre
3649,41288309,Estefany Teresa,Espinoza,Rivera,F,2012-02-19,Secundaria,4,L,Tarde,116,818,Madre
3650,20793129,Raul Carlos,Yupanqui,Mamani,M,2012-12-22,Secundaria,4,L,Tarde,116,2378,Padre
3651,54447950,Gabriel Dylan,Salazar,Cabrera,M,2012-12-03,Secundaria,4,L,Tarde,116,1128,Padre
3652,25040279,Fiorella Luana,Guzman,Ochoa,F,2012-07-27,Secundaria,4,L,Tarde,116,3057,Padre
3653,42344016,Camila Karen,Sanchez,Silva,F,2012-08-08,Secundaria,4,L,Tarde,116,813,Padre
3654,55630703,Walter Jhon,Delgado,Castillo,M,2012-04-08,Secundaria,4,L,Tarde,116,2990,Madre
3655,62349958,Dulce Fiorella,Rimac,Cornejo,F,2012-03-15,Secundaria,4,L,Tarde,116,1093,Padre
3656,56227096,Jhoana Diana,Pacheco,Aguilar,F,2012-03-22,Secundaria,4,L,Tarde,116,223,Padre
3657,78736911,Diego Jorge,Ramos,Rodriguez,M,2012-11-17,Secundaria,4,L,Tarde,116,1055,Madre
3658,74534032,Martin Yamil,Medina,Alvarez,M,2012-10-24,Secundaria,4,L,Tarde,116,2986,Madre
3659,79128892,Yolanda Luana,Torres,Vega,F,2012-01-22,Secundaria,4,L,Tarde,116,3100,Padre
3660,73470736,Walter Erick,Yataco,Cabanillas,M,2012-06-15,Secundaria,4,L,Tarde,116,361,Padre
3661,53189597,Gonzalo Dylan,Rodriguez,Alarcon,M,2012-02-05,Secundaria,4,L,Tarde,116,1061,Padre
3662,10793271,Miguel Kevin,Garcia,Quispe,M,2012-08-14,Secundaria,4,L,Tarde,116,1835,Padre
3663,25082306,Isabel Diana,Ramos,Ibarra,F,2012-07-15,Secundaria,4,L,Tarde,116,2391,Padre
3664,22487135,Emily Grecia,Torres,Cutipa,F,2012-12-08,Secundaria,4,L,Tarde,116,2596,Madre
3665,12712129,Ian Gabriel,Farfan,Diaz,M,2012-12-10,Secundaria,4,L,Tarde,116,504,Padre
3666,29318489,Yesenia Dulce,Leon,Vasquez,F,2012-09-10,Secundaria,4,L,Tarde,116,2985,Padre
3667,41490290,Bryan Carlos,Delgado,Mendoza,M,2012-09-20,Secundaria,4,L,Tarde,116,3047,Madre
3668,29205506,Marco Adrian,Yupanqui,Bravo,M,2012-11-01,Secundaria,4,L,Tarde,116,58,Padre
3669,14255291,Ruth Mia,Soto,Cardenas,F,2012-10-19,Secundaria,4,L,Tarde,116,1824,Padre
3670,27524558,Angel Cristian,Vargas,Rivera,M,2012-08-25,Secundaria,4,L,Tarde,116,714,Padre
3671,41276646,Nayeli Daniela,Ticona,Aquino,F,2012-11-01,Secundaria,4,L,Tarde,116,1697,Padre
3672,49517378,Edgar Benjamin,Mamani,Mamani,M,2012-07-12,Secundaria,4,L,Tarde,116,1617,Padre
3673,36019442,Karen Emily,Guzman,Romero,F,2012-02-18,Secundaria,4,L,Tarde,116,3098,Padre
3674,66159257,Martin Jose,Cardenas,Rodriguez,M,2012-04-28,Secundaria,4,L,Tarde,116,536,Padre
3675,56221211,Flor Vanessa,Ibarra,Cornejo,F,2012-11-13,Secundaria,4,M,Tarde,117,349,Madre
3676,60988357,Maria Alexandra,Diaz,Alarcon,F,2012-03-12,Secundaria,4,M,Tarde,117,1415,Madre
3677,58967240,Teresa Nicole,Herrera,Rojas,F,2012-08-14,Secundaria,4,M,Tarde,117,1210,Madre
3678,66688765,Manuel Ivan,Fernandez,Rimac,M,2012-03-31,Secundaria,4,M,Tarde,117,18,Padre
3679,50138831,Hugo Piero,Castillo,Pacheco,M,2012-04-10,Secundaria,4,M,Tarde,117,726,Padre
3680,44659164,Fernando Walter,Paredes,Delgado,M,2012-03-21,Secundaria,4,M,Tarde,117,3088,Madre
3681,70743959,Ana Julia,Sanchez,Flores,F,2012-01-21,Secundaria,4,M,Tarde,117,2432,Padre
3682,36604408,Isabel Julia,Huaraca,Cabrera,F,2012-03-30,Secundaria,4,M,Tarde,117,2911,Padre
3683,74306071,Ivan Sebastian,Rimac,Campos,M,2012-10-16,Secundaria,4,M,Tarde,117,2323,Madre
3684,49248960,Ian Adrian,Ibarra,Chavez,M,2012-02-29,Secundaria,4,M,Tarde,117,1511,Padre
3685,54783553,Ashley Lucia,Campos,Diaz,F,2012-11-05,Secundaria,4,M,Tarde,117,2745,Madre
3686,61200729,Rodrigo Edgar,Campos,Mendoza,M,2012-12-11,Secundaria,4,M,Tarde,117,1881,Madre
3687,34877289,Valentina Paula,Romero,Herrera,F,2012-09-17,Secundaria,4,M,Tarde,117,2048,Padre
3688,54610467,Alexander Angel,Carrillo,Rivera,M,2012-10-13,Secundaria,4,M,Tarde,117,98,Madre
3689,53952075,Luz Rosa,Castillo,Vilca,F,2012-12-28,Secundaria,4,M,Tarde,117,2252,Padre
3690,16802493,Raul Alexander,Gonzales,Huaraca,M,2012-08-08,Secundaria,4,M,Tarde,117,283,Madre
3691,49607909,Cristian Miguel,Rodriguez,Medina,M,2012-10-19,Secundaria,4,M,Tarde,117,2548,Padre
3692,33708105,Mia Ana,Sanchez,Vargas,F,2012-06-29,Secundaria,4,M,Tarde,117,1637,Madre
3693,55541263,Antonella Grecia,Gonzales,Ortiz,F,2012-01-28,Secundaria,4,M,Tarde,117,1629,Madre
3694,40097808,Julia Patricia,Gonzales,Pacheco,F,2012-05-19,Secundaria,4,M,Tarde,117,437,Madre
3695,61524880,Dylan Pedro,Silva,Rimac,M,2012-02-08,Secundaria,4,M,Tarde,117,1397,Padre
3696,77575128,Yolanda Lucia,Choque,Ruiz,F,2012-02-10,Secundaria,4,M,Tarde,117,1206,Padre
3697,28038871,Alexis Jhoel,Rimac,Huaman,M,2012-10-08,Secundaria,4,M,Tarde,117,1948,Madre
3698,39971016,Kiara Rosa,Cruz,Quispe,F,2012-07-28,Secundaria,4,M,Tarde,117,2541,Padre
3699,79762481,Ariana Luana,Castillo,Machaca,F,2012-07-13,Secundaria,4,M,Tarde,117,2288,Padre
3700,58617210,Vanessa Sofia,Palacios,Leon,F,2012-08-31,Secundaria,4,M,Tarde,117,1763,Madre
3701,17465250,Daniela Katherine,Medina,Villanueva,F,2012-01-05,Secundaria,4,M,Tarde,117,2069,Madre
3702,40438066,Marco Sebastian,Marin,Cutipa,M,2012-03-03,Secundaria,4,M,Tarde,117,372,Madre
3703,48909699,Edgar Thiago,Cabrera,Salvador,M,2012-05-22,Secundaria,4,M,Tarde,117,2769,Padre
3704,25930161,Patricia Pilar,Palacios,Ramos,F,2012-11-14,Secundaria,4,M,Tarde,117,2518,Madre
3705,53717580,Mateo Emilio,Flores,Ortiz,M,2012-12-26,Secundaria,4,M,Tarde,117,2813,Padre
3706,23410231,Katherine Valentina,Ticona,Cutipa,F,2012-05-29,Secundaria,4,M,Tarde,117,160,Padre
3707,37461570,Susan Patricia,Ochoa,Lazo,F,2012-11-05,Secundaria,4,M,Tarde,117,983,Madre
3708,56376484,Samuel Joaquin,Farfan,Salvador,M,2011-08-13,Secundaria,5,A,Mañana,118,192,Madre
3709,42434517,Dulce Kiara,Zavala,Romero,F,2011-11-16,Secundaria,5,A,Mañana,118,599,Madre
3710,48092062,Leonardo Dylan,Ruiz,Silva,M,2011-03-26,Secundaria,5,A,Mañana,118,3185,Padre
3711,71707609,Renata Zoe,Huaraca,Garcia,F,2011-02-12,Secundaria,5,A,Mañana,118,1745,Madre
3712,13502290,Sofia Dulce,Alarcon,Aquino,F,2011-12-02,Secundaria,5,A,Mañana,118,1990,Padre
3713,27237569,Vanessa Alexandra,Salazar,Rivera,F,2011-01-08,Secundaria,5,A,Mañana,118,525,Padre
3714,72812766,Anthony Samuel,Herrera,Paucar,M,2011-01-11,Secundaria,5,A,Mañana,118,1154,Padre
3715,13153467,Nicolas Luis,Ortiz,Ticona,M,2011-01-04,Secundaria,5,A,Mañana,118,2286,Madre
3716,49026806,Joaquin Jose,Pacheco,Rojas,M,2011-07-03,Secundaria,5,A,Mañana,118,228,Padre
3717,27513008,Zoe Patricia,Silva,Castillo,F,2011-08-01,Secundaria,5,A,Mañana,118,2272,Madre
3718,36523784,Estefany Nicole,Pacheco,Fernandez,F,2011-10-16,Secundaria,5,A,Mañana,118,2125,Padre
3719,46474674,Angel Gonzalo,Sanchez,Chavez,M,2011-01-08,Secundaria,5,A,Mañana,118,1205,Madre
3720,36780565,Ariana Nayeli,Garcia,Carrillo,F,2011-12-29,Secundaria,5,A,Mañana,118,2104,Madre
3721,29806523,Julia Yolanda,Ramos,Choque,F,2011-08-07,Secundaria,5,A,Mañana,118,221,Madre
3722,31532537,Patricia Zoe,Alarcon,Alarcon,F,2011-12-01,Secundaria,5,A,Mañana,118,3083,Madre
3723,15769637,Thiago Dylan,Rimac,Ramos,M,2011-11-17,Secundaria,5,A,Mañana,118,326,Padre
3724,78561599,Diego Thiago,Sanchez,Gutierrez,M,2011-05-16,Secundaria,5,A,Mañana,118,831,Madre
3725,76015474,Anthony Ian,Bautista,Guzman,M,2011-04-21,Secundaria,5,A,Mañana,118,1390,Madre
3726,19392458,Juan Thiago,Vasquez,Ibarra,M,2011-03-08,Secundaria,5,A,Mañana,118,54,Madre
3727,42009377,Abigail Maria,Salazar,Medina,F,2011-01-22,Secundaria,5,A,Mañana,118,2317,Padre
3728,75600383,Flor Katherine,Ochoa,Rimac,F,2011-07-12,Secundaria,5,A,Mañana,118,1896,Padre
3729,40445974,Walter Martin,Leon,Alvarez,M,2011-06-15,Secundaria,5,A,Mañana,118,71,Padre
3730,65820188,Jorge Jorge,Machaca,Flores,M,2011-11-18,Secundaria,5,A,Mañana,118,2614,Padre
3731,11053207,Angel Jhoel,Soto,Rivera,M,2011-06-06,Secundaria,5,A,Mañana,118,1624,Madre
3732,75999965,Marco Manuel,Huaman,Ruiz,M,2011-11-12,Secundaria,5,A,Mañana,118,591,Madre
3733,49569795,Dulce Rosa,Nunez,Medina,F,2011-09-24,Secundaria,5,A,Mañana,118,1951,Padre
3734,29579939,Fernando Oscar,Flores,Salvador,M,2011-04-15,Secundaria,5,A,Mañana,118,1464,Madre
3735,79673146,Abigail Fiorella,Reyes,Rimac,F,2011-11-14,Secundaria,5,A,Mañana,118,1519,Madre
3736,53003480,Yesenia Ruth,Campos,Rojas,F,2011-08-23,Secundaria,5,A,Mañana,118,116,Madre
3737,38194300,Gabriela Nicole,Bautista,Farfan,F,2011-04-26,Secundaria,5,A,Mañana,118,167,Madre
3738,19162731,Camila Fiorella,Cruz,Reyes,F,2011-08-18,Secundaria,5,A,Mañana,118,1627,Madre
3739,18935189,Karen Elena,Villanueva,Reyes,F,2011-04-20,Secundaria,5,A,Mañana,118,162,Padre
3740,28584548,Emily Milagros,Vargas,Paucar,F,2011-10-30,Secundaria,5,A,Mañana,118,1923,Madre
3741,41007879,Patricia Zoe,Apaza,Soto,F,2011-12-30,Secundaria,5,A,Mañana,118,975,Padre
3742,35412077,Thiago Joaquin,Bautista,Choque,M,2011-01-31,Secundaria,5,A,Mañana,118,2519,Padre
3743,51245022,Maria Britany,Rimac,Machaca,F,2011-06-06,Secundaria,5,A,Mañana,118,1273,Padre
3744,16663301,Alberto Angel,Alarcon,Reyes,M,2011-09-27,Secundaria,5,A,Mañana,118,2152,Madre
3745,61298785,Fabricio Mateo,Rivera,Campos,M,2011-06-12,Secundaria,5,B,Mañana,119,1280,Madre
3746,18487101,Carmen Pilar,Cardenas,Reyes,F,2011-01-06,Secundaria,5,B,Mañana,119,1496,Madre
3747,74509804,Rafaella Yolanda,Espinoza,Vega,F,2011-04-26,Secundaria,5,B,Mañana,119,2211,Madre
3748,52981346,Wilson Oscar,Ibarra,Pacheco,M,2011-05-07,Secundaria,5,B,Mañana,119,1481,Madre
3749,49436896,Abigail Renata,Machaca,Torres,F,2011-04-05,Secundaria,5,B,Mañana,119,2643,Madre
3750,78850802,Marco Juan,Reyes,Ibarra,M,2011-01-01,Secundaria,5,B,Mañana,119,1825,Padre
3751,25777071,Zoe Susan,Vilca,Vilca,F,2011-07-22,Secundaria,5,B,Mañana,119,2927,Padre
3752,66717517,Pedro Alexis,Quispe,Alvarez,M,2011-04-29,Secundaria,5,B,Mañana,119,3158,Madre
3753,59135627,Nicole Ruth,Vasquez,Ticona,F,2011-07-31,Secundaria,5,B,Mañana,119,317,Madre
3754,70079488,Jorge Wilson,Nunez,Palacios,M,2011-12-12,Secundaria,5,B,Mañana,119,280,Madre
3755,34718705,Leonardo Alberto,Soto,Salvador,M,2011-02-17,Secundaria,5,B,Mañana,119,170,Padre
3756,11332293,Aaron Raul,Sanchez,Huaraca,M,2011-07-27,Secundaria,5,B,Mañana,119,2098,Madre
3757,73175825,Renata Fiorella,Rojas,Rodriguez,F,2011-04-03,Secundaria,5,B,Mañana,119,563,Padre
3758,70096893,Fabricio Alberto,Salazar,Romero,M,2011-11-30,Secundaria,5,B,Mañana,119,78,Madre
3759,73564618,Angel Jhoel,Herrera,Rojas,M,2011-04-29,Secundaria,5,B,Mañana,119,1144,Padre
3760,16102740,Piero Fabricio,Machaca,Ochoa,M,2011-08-04,Secundaria,5,B,Mañana,119,1745,Madre
3761,17031722,Yamil Sebastian,Huaman,Ticona,M,2011-01-28,Secundaria,5,B,Mañana,119,2268,Madre
3762,77315633,Vanessa Elena,Aquino,Espinoza,F,2011-10-21,Secundaria,5,B,Mañana,119,2411,Padre
3763,55752041,Benjamin Cesar,Ochoa,Rimac,M,2011-05-01,Secundaria,5,B,Mañana,119,1805,Madre
3764,64086361,Bryan Alexis,Ibarra,Gonzales,M,2011-12-12,Secundaria,5,B,Mañana,119,658,Padre
3765,22984010,Flor Xiomara,Fernandez,Ruiz,F,2011-07-07,Secundaria,5,B,Mañana,119,2075,Madre
3766,62048855,Isabel Daniela,Espinoza,Delgado,F,2011-05-28,Secundaria,5,C,Mañana,120,2059,Padre
3767,49042761,Andres Victor,Alarcon,Huaman,M,2011-06-12,Secundaria,5,C,Mañana,120,770,Padre
3768,48002383,Bryan Anthony,Apaza,Paredes,M,2011-08-30,Secundaria,5,C,Mañana,120,460,Madre
3769,29827509,Thiago Wilson,Paucar,Cabrera,M,2011-07-11,Secundaria,5,C,Mañana,120,2492,Madre
3770,67742165,Benjamin Jorge,Leon,Campos,M,2011-10-28,Secundaria,5,C,Mañana,120,1112,Padre
3771,56329966,Julia Estefany,Gutierrez,Garcia,F,2011-07-02,Secundaria,5,C,Mañana,120,815,Padre
3772,34759341,Camila Ana,Cruz,Mamani,F,2011-08-05,Secundaria,5,C,Mañana,120,964,Madre
3773,55613329,Ian Alexander,Carrillo,Espinoza,M,2011-08-05,Secundaria,5,C,Mañana,120,158,Padre
3774,61475904,Vanessa Alessandra,Vega,Huaman,F,2011-04-22,Secundaria,5,C,Mañana,120,2475,Madre
3775,78435241,Gabriel Manuel,Rodriguez,Farfan,M,2011-11-01,Secundaria,5,C,Mañana,120,1174,Padre
3776,78311128,Yolanda Ruth,Farfan,Alvarez,F,2011-07-24,Secundaria,5,C,Mañana,120,215,Padre
3777,60106946,Katty Emily,Ibarra,Herrera,F,2011-06-06,Secundaria,5,C,Mañana,120,1053,Madre
3778,50627717,Katherine Rafaella,Huaraca,Alarcon,F,2011-10-13,Secundaria,5,C,Mañana,120,2491,Padre
3779,73048110,Bryan Gustavo,Leon,Chavez,M,2011-07-31,Secundaria,5,C,Mañana,120,1527,Padre
3780,47733898,Anthony Renzo,Reyes,Espinoza,M,2011-09-19,Secundaria,5,C,Mañana,120,1025,Madre
3781,52010518,Edgar Martin,Marin,Bautista,M,2011-08-09,Secundaria,5,C,Mañana,120,546,Madre
3782,34164526,Karen Jhoana,Paucar,Yataco,F,2011-09-04,Secundaria,5,C,Mañana,120,1782,Madre
3783,63072949,Ian Bryan,Apaza,Paredes,M,2011-02-18,Secundaria,5,C,Mañana,120,2417,Madre
3784,65856608,Milagros Ximena,Cornejo,Farfan,F,2011-08-31,Secundaria,5,C,Mañana,120,180,Padre
3785,60093503,Nicolas Samuel,Ruiz,Garcia,M,2011-07-15,Secundaria,5,C,Mañana,120,800,Madre
3786,55147372,Ximena Katty,Gutierrez,Cutipa,F,2011-11-20,Secundaria,5,C,Mañana,120,668,Padre
3787,17112736,Erick Samuel,Apaza,Villanueva,M,2011-10-07,Secundaria,5,C,Mañana,120,2081,Madre
3788,63307881,Piero Jhoel,Ccahuana,Aguilar,M,2011-10-30,Secundaria,5,C,Mañana,120,1811,Madre
3789,65960341,Samuel Anthony,Aquino,Guzman,M,2011-04-16,Secundaria,5,C,Mañana,120,88,Padre
3790,50861578,Alexandra Susan,Villanueva,Vargas,F,2011-06-06,Secundaria,5,C,Mañana,120,2779,Padre
3791,73887569,Hugo Ricardo,Ticona,Paucar,M,2011-04-28,Secundaria,5,C,Mañana,120,1016,Padre
3792,60178837,Fernando Anthony,Cutipa,Villanueva,M,2011-01-11,Secundaria,5,C,Mañana,120,2106,Madre
3793,48814511,Diana Luz,Rivera,Huaraca,F,2011-06-14,Secundaria,5,C,Mañana,120,1628,Madre
3794,39876111,Teresa Abigail,Ticona,Vilca,F,2011-07-31,Secundaria,5,C,Mañana,120,1537,Madre
3795,35248809,Zoe Antonella,Espinoza,Yataco,F,2011-04-05,Secundaria,5,D,Mañana,121,2858,Padre
3796,55918700,Elmer Luis,Cutipa,Garcia,M,2011-11-08,Secundaria,5,D,Mañana,121,1898,Madre
3797,10384059,Ariana Ximena,Bautista,Nunez,F,2011-10-01,Secundaria,5,D,Mañana,121,36,Madre
3798,70157077,Aaron Jorge,Huaman,Cabanillas,M,2011-08-10,Secundaria,5,D,Mañana,121,761,Madre
3799,24375252,Mia Elena,Delgado,Nunez,F,2011-12-15,Secundaria,5,D,Mañana,121,3044,Madre
3800,56531638,Isabel Renata,Bravo,Silva,F,2011-02-09,Secundaria,5,D,Mañana,121,32,Padre
3801,78910098,Ian Gabriel,Nunez,Soto,M,2011-11-10,Secundaria,5,D,Mañana,121,735,Padre
3802,46233894,Fiorella Valentina,Ruiz,Medina,F,2011-11-28,Secundaria,5,D,Mañana,121,570,Madre
3803,43212043,Wilson Gustavo,Flores,Apaza,M,2011-12-15,Secundaria,5,D,Mañana,121,1944,Madre
3804,64663677,Mia Elena,Vargas,Delgado,F,2011-04-20,Secundaria,5,D,Mañana,121,1466,Madre
3805,74073131,Yesenia Rosa,Bravo,Villanueva,F,2011-11-16,Secundaria,5,D,Mañana,121,585,Madre
3806,43523784,Melissa Xiomara,Gutierrez,Ortiz,F,2011-11-27,Secundaria,5,D,Mañana,121,378,Madre
3807,74276336,Samuel Franco,Mamani,Mendoza,M,2011-02-28,Secundaria,5,D,Mañana,121,1871,Madre
3808,74907941,Alexander Diego,Flores,Garcia,M,2011-02-04,Secundaria,5,D,Mañana,121,1408,Padre
3809,65156963,Luana Elena,Espinoza,Leon,F,2011-08-30,Secundaria,5,D,Mañana,121,1524,Madre
3810,73807941,Edgar Oscar,Mamani,Gutierrez,M,2011-01-14,Secundaria,5,D,Mañana,121,2277,Padre
3811,49679601,Diego Samuel,Reyes,Mendoza,M,2011-03-08,Secundaria,5,D,Mañana,121,106,Madre
3812,48877772,Danna Carmen,Reyes,Sanchez,F,2011-11-22,Secundaria,5,D,Mañana,121,1704,Padre
3813,13730361,Andres Nicolas,Ticona,Guzman,M,2011-12-22,Secundaria,5,D,Mañana,121,2692,Padre
3814,56235441,Angel Jose,Palacios,Vilca,M,2011-11-29,Secundaria,5,D,Mañana,121,2942,Madre
3815,79767918,Cesar Nicolas,Mamani,Ticona,M,2011-02-24,Secundaria,5,D,Mañana,121,1956,Madre
3816,43651119,Yesenia Katty,Leon,Aquino,F,2011-05-18,Secundaria,5,D,Mañana,121,3135,Madre
3817,28787452,Franco Aaron,Apaza,Rivera,M,2011-04-30,Secundaria,5,D,Mañana,121,1626,Padre
3818,36267555,Julio Emilio,Yupanqui,Ticona,M,2011-01-30,Secundaria,5,D,Mañana,121,452,Madre
3819,54876841,Nicole Yolanda,Reyes,Chavez,F,2011-03-09,Secundaria,5,D,Mañana,121,2453,Madre
3820,28267878,Estefany Katty,Delgado,Gutierrez,F,2011-05-17,Secundaria,5,D,Mañana,121,767,Padre
3821,55797318,Milagros Ashley,Pacheco,Vargas,F,2011-05-18,Secundaria,5,D,Mañana,121,2381,Padre
3822,52701160,Rosa Mia,Bravo,Bravo,F,2011-09-28,Secundaria,5,D,Mañana,121,1955,Padre
3823,27263586,Diana Alexandra,Espinoza,Paredes,F,2011-10-17,Secundaria,5,D,Mañana,121,2573,Padre
3824,70753452,Manuel Fernando,Torres,Gonzales,M,2011-11-15,Secundaria,5,D,Mañana,121,388,Madre
3825,73276849,Sofia Diana,Silva,Cabanillas,F,2011-07-23,Secundaria,5,E,Mañana,122,1339,Padre
3826,55364644,Jhoel Raul,Gonzales,Farfan,M,2011-08-30,Secundaria,5,E,Mañana,122,1612,Padre
3827,75909414,Jhon Diego,Rivera,Rivera,M,2011-08-07,Secundaria,5,E,Mañana,122,2318,Padre
3828,12199545,Renzo Anthony,Nunez,Medina,M,2011-11-28,Secundaria,5,E,Mañana,122,1676,Madre
3829,75126050,Melissa Grecia,Ticona,Vasquez,F,2011-01-12,Secundaria,5,E,Mañana,122,2269,Madre
3830,62088374,Yesenia Ximena,Cornejo,Ruiz,F,2011-05-07,Secundaria,5,E,Mañana,122,2527,Madre
3831,50447890,Ashley Vanessa,Aguilar,Machaca,F,2011-05-21,Secundaria,5,E,Mañana,122,1761,Padre
3832,10215984,Adrian Erick,Ochoa,Espinoza,M,2011-02-24,Secundaria,5,E,Mañana,122,2539,Madre
3833,38446938,Anthony Julio,Espinoza,Alvarez,M,2011-01-23,Secundaria,5,E,Mañana,122,2147,Padre
3834,69374591,Hugo Cesar,Cardenas,Marin,M,2011-03-11,Secundaria,5,E,Mañana,122,2284,Madre
3835,16727661,Gustavo Elmer,Paredes,Vega,M,2011-06-15,Secundaria,5,E,Mañana,122,2816,Padre
3836,25131033,Wilson Luis,Reyes,Quispe,M,2011-07-26,Secundaria,5,E,Mañana,122,991,Padre
3837,30798981,Rodrigo Piero,Cutipa,Cabrera,M,2011-10-23,Secundaria,5,E,Mañana,122,2371,Padre
3838,58676250,Xiomara Xiomara,Quispe,Yataco,F,2011-12-04,Secundaria,5,E,Mañana,122,2655,Madre
3839,14477680,Kiara Patricia,Aguilar,Salazar,F,2011-03-11,Secundaria,5,E,Mañana,122,53,Padre
3840,65063657,Adrian Yamil,Pacheco,Villanueva,M,2011-03-02,Secundaria,5,E,Mañana,122,2999,Madre
3841,74382596,Aaron Nicolas,Salazar,Cardenas,M,2011-01-28,Secundaria,5,E,Mañana,122,2664,Padre
3842,25359811,Hugo Pedro,Salazar,Vargas,M,2011-09-07,Secundaria,5,E,Mañana,122,2564,Madre
3843,51561649,Wilson Wilson,Soto,Huaraca,M,2011-09-05,Secundaria,5,E,Mañana,122,2148,Madre
3844,14066866,Jhoel Elmer,Condori,Rimac,M,2011-08-18,Secundaria,5,E,Mañana,122,2677,Padre
3845,39513861,Katty Lucia,Yupanqui,Gonzales,F,2011-01-11,Secundaria,5,E,Mañana,122,203,Madre
3846,56185038,Miguel Joaquin,Diaz,Cornejo,M,2011-04-29,Secundaria,5,E,Mañana,122,2395,Madre
3847,15384730,Ruth Ximena,Yupanqui,Cabanillas,F,2011-06-07,Secundaria,5,E,Mañana,122,570,Madre
3848,77979256,Alexander Nicolas,Alarcon,Garcia,M,2011-06-14,Secundaria,5,E,Mañana,122,1904,Madre
3849,40759903,Oscar Ricardo,Marin,Ortiz,M,2011-02-17,Secundaria,5,E,Mañana,122,2653,Madre
3850,65144157,Edgar Ivan,Cabrera,Garcia,M,2011-03-18,Secundaria,5,E,Mañana,122,869,Madre
3851,21081788,Ximena Ana,Choque,Reyes,F,2011-11-25,Secundaria,5,E,Mañana,122,49,Padre
3852,72187398,Milagros Flor,Ruiz,Yataco,F,2011-12-13,Secundaria,5,E,Mañana,122,899,Padre
3853,25836283,Cristian Sebastian,Espinoza,Salazar,M,2011-11-30,Secundaria,5,E,Mañana,122,2891,Madre
3854,47757875,Raul Manuel,Sanchez,Bravo,M,2011-06-19,Secundaria,5,E,Mañana,122,1502,Padre
3855,37610066,Oscar Thiago,Vasquez,Lazo,M,2011-10-09,Secundaria,5,E,Mañana,122,2753,Padre
3856,50551720,Alexander Gonzalo,Vasquez,Yataco,M,2011-04-08,Secundaria,5,E,Mañana,122,2778,Madre
3857,43034452,Anthony Fernando,Rojas,Rivera,M,2011-06-12,Secundaria,5,E,Mañana,122,1014,Madre
3858,58445710,Renzo Miguel,Cutipa,Garcia,M,2011-10-31,Secundaria,5,E,Mañana,122,15,Padre
3859,52142306,Jose Fernando,Campos,Bravo,M,2011-11-27,Secundaria,5,F,Mañana,123,1484,Madre
3860,73060159,Gonzalo Kevin,Reyes,Garcia,M,2011-04-20,Secundaria,5,F,Mañana,123,2930,Madre
3861,70112797,Miguel Jhon,Soto,Palacios,M,2011-04-19,Secundaria,5,F,Mañana,123,3178,Madre
3862,55929981,Kevin Thiago,Villanueva,Medina,M,2011-03-09,Secundaria,5,F,Mañana,123,2564,Madre
3863,35479013,Fabricio Ian,Romero,Paucar,M,2011-08-12,Secundaria,5,F,Mañana,123,804,Madre
3864,37772094,Katherine Emily,Aquino,Huaman,F,2011-06-16,Secundaria,5,F,Mañana,123,2041,Madre
3865,21131970,Ariana Carmen,Campos,Rojas,F,2011-07-07,Secundaria,5,F,Mañana,123,1456,Madre
3866,48396958,Joaquin Diego,Ochoa,Nunez,M,2011-01-25,Secundaria,5,F,Mañana,123,70,Padre
3867,44032358,Karen Melissa,Garcia,Sanchez,F,2011-06-04,Secundaria,5,F,Mañana,123,3058,Madre
3868,66082517,Jhoana Ximena,Ochoa,Bautista,F,2011-12-20,Secundaria,5,F,Mañana,123,1791,Padre
3869,17608375,Danna Luana,Campos,Aquino,F,2011-06-23,Secundaria,5,F,Mañana,123,586,Madre
3870,54646960,Alexis Julio,Campos,Castillo,M,2011-05-09,Secundaria,5,F,Mañana,123,2045,Padre
3871,57512060,Yolanda Luana,Villanueva,Cardenas,F,2011-10-14,Secundaria,5,F,Mañana,123,390,Madre
3872,45886820,Luz Luana,Ruiz,Choque,F,2011-11-15,Secundaria,5,F,Mañana,123,2579,Madre
3873,31920673,Erick Raul,Cabanillas,Silva,M,2011-10-08,Secundaria,5,F,Mañana,123,1006,Padre
3874,49424260,Piero Gustavo,Gutierrez,Carrillo,M,2011-01-28,Secundaria,5,F,Mañana,123,1368,Madre
3875,44529227,Miguel Adrian,Cabanillas,Cabanillas,M,2011-05-22,Secundaria,5,F,Mañana,123,2633,Madre
3876,21562129,Yamil Hugo,Condori,Paredes,M,2011-06-01,Secundaria,5,F,Mañana,123,268,Padre
3877,20597396,Rosa Lucia,Pacheco,Carrillo,F,2011-10-27,Secundaria,5,F,Mañana,123,3170,Madre
3878,50336499,Wilson Nicolas,Ochoa,Ccahuana,M,2011-04-20,Secundaria,5,F,Mañana,123,300,Padre
3879,33533555,Teresa Brenda,Bravo,Farfan,F,2011-06-18,Secundaria,5,F,Mañana,123,1337,Madre
3880,31456767,Oscar Ian,Cabrera,Apaza,M,2011-07-18,Secundaria,5,F,Mañana,123,608,Padre
3881,33557265,Leonardo Miguel,Silva,Medina,M,2011-04-18,Secundaria,5,F,Mañana,123,631,Madre
3882,31040509,Gustavo Sebastian,Choque,Silva,M,2011-12-07,Secundaria,5,G,Tarde,124,2229,Madre
3883,49706470,Wilson Thiago,Palacios,Diaz,M,2011-01-03,Secundaria,5,G,Tarde,124,2559,Padre
3884,22497471,Luis Nicolas,Aquino,Salvador,M,2011-08-15,Secundaria,5,G,Tarde,124,2881,Padre
3885,63905087,Jose Gonzalo,Choque,Yataco,M,2011-02-24,Secundaria,5,G,Tarde,124,2156,Madre
3886,16182261,Nayeli Patricia,Cardenas,Ochoa,F,2011-03-28,Secundaria,5,G,Tarde,124,769,Padre
3887,12926611,Milagros Ana,Machaca,Rodriguez,F,2011-12-31,Secundaria,5,G,Tarde,124,2927,Padre
3888,72232805,Miguel Anthony,Guzman,Lazo,M,2011-10-01,Secundaria,5,G,Tarde,124,916,Madre
3889,29285321,Samuel Wilson,Farfan,Farfan,M,2011-07-15,Secundaria,5,G,Tarde,124,2938,Madre
3890,30739380,Julio Nicolas,Guzman,Carrillo,M,2011-03-01,Secundaria,5,G,Tarde,124,1227,Madre
3891,40976905,Dylan Adrian,Ruiz,Palacios,M,2011-10-19,Secundaria,5,G,Tarde,124,946,Madre
3892,75708266,Benjamin Jhoel,Cabrera,Condori,M,2011-10-18,Secundaria,5,G,Tarde,124,1994,Padre
3893,56822900,Martin Dylan,Gutierrez,Ochoa,M,2011-09-03,Secundaria,5,G,Tarde,124,1100,Padre
3894,42850949,Erick Yamil,Cutipa,Cabanillas,M,2011-04-07,Secundaria,5,G,Tarde,124,2815,Padre
3895,63896104,Gabriel Renzo,Lazo,Paredes,M,2011-04-22,Secundaria,5,G,Tarde,124,2144,Padre
3896,32488333,Walter Diego,Huaraca,Nunez,M,2011-12-05,Secundaria,5,G,Tarde,124,2819,Madre
3897,64672238,Jhoana Karen,Pacheco,Cabrera,F,2011-05-27,Secundaria,5,G,Tarde,124,1971,Padre
3898,59617887,Jorge Ian,Bautista,Choque,M,2011-07-15,Secundaria,5,G,Tarde,124,1787,Madre
3899,35828395,Nayeli Abigail,Mendoza,Apaza,F,2011-02-14,Secundaria,5,G,Tarde,124,2240,Madre
3900,66647095,Gabriela Carmen,Castillo,Cornejo,F,2011-04-22,Secundaria,5,G,Tarde,124,2497,Madre
3901,63268440,Yolanda Emily,Herrera,Guzman,F,2011-09-24,Secundaria,5,G,Tarde,124,2402,Madre
3902,75011630,Wilson Anthony,Huaman,Silva,M,2011-03-20,Secundaria,5,G,Tarde,124,482,Madre
3903,71075029,Rafaella Gabriela,Gutierrez,Farfan,F,2011-03-31,Secundaria,5,G,Tarde,124,2674,Padre
3904,44805346,Isabel Elena,Vargas,Ruiz,F,2011-06-28,Secundaria,5,G,Tarde,124,876,Padre
3905,34082596,Andres Raul,Farfan,Castillo,M,2011-06-13,Secundaria,5,G,Tarde,124,663,Padre
3906,18285097,Paula Daniela,Quispe,Romero,F,2011-10-17,Secundaria,5,G,Tarde,124,1808,Madre
3907,25860033,Yesica Pilar,Huaraca,Ruiz,F,2011-10-27,Secundaria,5,G,Tarde,124,1693,Padre
3908,30324810,Hugo Jorge,Nunez,Yupanqui,M,2011-01-30,Secundaria,5,G,Tarde,124,1648,Madre
3909,38176405,Yesenia Grecia,Ramos,Vega,F,2011-05-24,Secundaria,5,G,Tarde,124,340,Padre
3910,34136943,Cesar Andres,Marin,Vasquez,M,2011-10-09,Secundaria,5,G,Tarde,124,1365,Madre
3911,78024222,Joaquin Julio,Vargas,Alarcon,M,2011-08-05,Secundaria,5,G,Tarde,124,2841,Madre
3912,15936249,Pedro Alexis,Flores,Yataco,M,2011-09-03,Secundaria,5,G,Tarde,124,3011,Padre
3913,15475163,Paula Vanessa,Ortiz,Lazo,F,2011-01-29,Secundaria,5,G,Tarde,124,2867,Padre
3914,18033826,Mateo Benjamin,Salazar,Ochoa,M,2011-11-20,Secundaria,5,G,Tarde,124,2233,Madre
3915,56270684,Ana Gabriela,Rivera,Cornejo,F,2011-06-09,Secundaria,5,G,Tarde,124,1151,Padre
3916,15523584,Franco Oscar,Pacheco,Salazar,M,2011-09-01,Secundaria,5,H,Tarde,125,1446,Madre
3917,76044190,Yolanda Emily,Aquino,Yataco,F,2011-11-10,Secundaria,5,H,Tarde,125,1748,Madre
3918,25609479,Danna Pilar,Yupanqui,Mendoza,F,2011-05-08,Secundaria,5,H,Tarde,125,2064,Padre
3919,38010954,Yesenia Luana,Flores,Mendoza,F,2011-07-08,Secundaria,5,H,Tarde,125,2315,Madre
3920,39749076,Nayeli Julia,Ortiz,Herrera,F,2011-09-19,Secundaria,5,H,Tarde,125,2062,Padre
3921,33241601,Piero Marco,Bravo,Flores,M,2011-04-23,Secundaria,5,H,Tarde,125,2720,Madre
3922,41550097,Mia Gabriela,Ortiz,Rivera,F,2011-07-13,Secundaria,5,H,Tarde,125,1189,Madre
3923,64841510,Kevin Piero,Salvador,Vega,M,2011-02-04,Secundaria,5,H,Tarde,125,1688,Madre
3924,40005297,Alberto Jhoel,Ruiz,Leon,M,2011-05-04,Secundaria,5,H,Tarde,125,379,Madre
3925,52855792,Alexander Alexis,Diaz,Salazar,M,2011-10-08,Secundaria,5,H,Tarde,125,3050,Madre
3926,35193028,Manuel Andres,Torres,Ccahuana,M,2011-05-23,Secundaria,5,H,Tarde,125,2856,Padre
3927,37702173,Julio Gonzalo,Vilca,Apaza,M,2011-08-05,Secundaria,5,H,Tarde,125,2737,Madre
3928,57127638,Alexis Thiago,Flores,Espinoza,M,2011-04-09,Secundaria,5,H,Tarde,125,2422,Madre
3929,51687328,Britany Paula,Bautista,Sanchez,F,2011-11-25,Secundaria,5,H,Tarde,125,1761,Padre
3930,55711985,Ruth Ximena,Salazar,Castillo,F,2011-03-01,Secundaria,5,H,Tarde,125,1628,Madre
3931,23516625,Isabel Camila,Choque,Chavez,F,2011-07-09,Secundaria,5,H,Tarde,125,646,Padre
3932,78633072,Valentina Abigail,Ccahuana,Herrera,F,2011-05-24,Secundaria,5,H,Tarde,125,1650,Madre
3933,26463929,Andres Kevin,Campos,Paucar,M,2011-12-09,Secundaria,5,H,Tarde,125,1944,Madre
3934,46402540,Fiorella Yesica,Ramos,Ortiz,F,2011-05-14,Secundaria,5,H,Tarde,125,2625,Madre
3935,34810722,Danna Maria,Palacios,Sanchez,F,2011-11-30,Secundaria,5,H,Tarde,125,1945,Madre
3936,36317646,Martin Juan,Vilca,Aguilar,M,2011-01-10,Secundaria,5,H,Tarde,125,1505,Madre
3937,57721347,Yesica Ashley,Cabrera,Delgado,F,2011-08-20,Secundaria,5,H,Tarde,125,3082,Madre
3938,26351701,Emily Xiomara,Yupanqui,Campos,F,2011-05-01,Secundaria,5,H,Tarde,125,3,Madre
3939,46628996,Yamil Marco,Flores,Silva,M,2011-05-22,Secundaria,5,H,Tarde,125,3190,Padre
3940,62217878,Bryan Aaron,Espinoza,Pacheco,M,2011-09-10,Secundaria,5,H,Tarde,125,801,Padre
3941,48400208,Valentina Mia,Condori,Condori,F,2011-01-20,Secundaria,5,H,Tarde,125,1669,Madre
3942,36753691,Adrian Sebastian,Huaman,Palacios,M,2011-11-12,Secundaria,5,H,Tarde,125,369,Madre
3943,75968284,Aaron Oscar,Aquino,Leon,M,2011-12-24,Secundaria,5,H,Tarde,125,554,Madre
3944,55957407,Gonzalo Alexander,Choque,Ramos,M,2011-02-26,Secundaria,5,H,Tarde,125,2555,Madre
3945,58448471,Daniela Paula,Soto,Huaman,F,2011-09-03,Secundaria,5,H,Tarde,125,2298,Madre
3946,39880277,Thiago Gonzalo,Farfan,Rimac,M,2011-04-11,Secundaria,5,H,Tarde,125,2557,Madre
3947,28623331,Piero Victor,Yataco,Leon,M,2011-12-10,Secundaria,5,H,Tarde,125,1433,Padre
3948,13557679,Cristian Mateo,Palacios,Nunez,M,2011-05-10,Secundaria,5,H,Tarde,125,27,Padre
3949,63297477,Yesica Valentina,Vargas,Yupanqui,F,2011-06-25,Secundaria,5,H,Tarde,125,2716,Madre
3950,60013359,Vanessa Zoe,Yataco,Espinoza,F,2011-11-25,Secundaria,5,H,Tarde,125,580,Madre
3951,15224575,Benjamin Jhoel,Soto,Paredes,M,2011-08-25,Secundaria,5,H,Tarde,125,127,Padre
3952,47898690,Xiomara Paula,Huaraca,Salvador,F,2011-09-09,Secundaria,5,I,Tarde,126,395,Padre
3953,51811982,Patricia Susan,Yataco,Vargas,F,2011-05-04,Secundaria,5,I,Tarde,126,632,Madre
3954,47850409,Kevin Walter,Castillo,Paucar,M,2011-07-12,Secundaria,5,I,Tarde,126,191,Padre
3955,11336292,Ximena Yolanda,Condori,Huaman,F,2011-07-18,Secundaria,5,I,Tarde,126,809,Padre
3956,24681023,Rosa Antonella,Cornejo,Ramos,F,2011-08-19,Secundaria,5,I,Tarde,126,2937,Padre
3957,77133826,Ximena Zoe,Ibarra,Yupanqui,F,2011-04-30,Secundaria,5,I,Tarde,126,2190,Padre
3958,78599507,Jhon Emilio,Villanueva,Chavez,M,2011-06-23,Secundaria,5,I,Tarde,126,367,Padre
3959,35701684,Ian Joaquin,Vilca,Sanchez,M,2011-08-29,Secundaria,5,I,Tarde,126,517,Madre
3960,61547674,Estefany Brenda,Choque,Salazar,F,2011-09-30,Secundaria,5,I,Tarde,126,580,Madre
3961,45277032,Xiomara Alexandra,Choque,Choque,F,2011-09-25,Secundaria,5,I,Tarde,126,3150,Madre
3962,18196367,Alexis Juan,Vega,Ibarra,M,2011-09-24,Secundaria,5,I,Tarde,126,355,Padre
3963,39927973,Yolanda Susan,Yupanqui,Bravo,F,2011-06-05,Secundaria,5,I,Tarde,126,1772,Padre
3964,30806473,Gonzalo Nicolas,Marin,Machaca,M,2011-02-04,Secundaria,5,I,Tarde,126,99,Padre
3965,56154233,Thiago Carlos,Bautista,Choque,M,2011-11-04,Secundaria,5,I,Tarde,126,1977,Padre
3966,25908179,Miguel Victor,Delgado,Romero,M,2011-11-06,Secundaria,5,I,Tarde,126,1114,Padre
3967,21797790,Mateo Oscar,Salvador,Gutierrez,M,2011-04-25,Secundaria,5,I,Tarde,126,3049,Padre
3968,59936153,Miguel Anthony,Farfan,Farfan,M,2011-05-05,Secundaria,5,I,Tarde,126,498,Padre
3969,14213783,Adrian Aaron,Espinoza,Bravo,M,2011-12-01,Secundaria,5,I,Tarde,126,990,Padre
3970,34575491,Fabricio Alexis,Cardenas,Garcia,M,2011-10-20,Secundaria,5,I,Tarde,126,2652,Madre
3971,78790475,Emilio Andres,Ibarra,Diaz,M,2011-06-27,Secundaria,5,I,Tarde,126,2842,Madre
3972,67770285,Gustavo Alexander,Vega,Diaz,M,2011-03-11,Secundaria,5,I,Tarde,126,2707,Madre
3973,12710765,Gabriel Ricardo,Ramos,Carrillo,M,2011-09-03,Secundaria,5,I,Tarde,126,971,Padre
3974,53867638,Ana Emily,Gonzales,Ruiz,F,2011-02-18,Secundaria,5,I,Tarde,126,1883,Padre
3975,69179184,Rosa Ariana,Ramos,Paucar,F,2011-11-19,Secundaria,5,I,Tarde,126,1976,Padre
3976,34148922,Estefany Patricia,Ccahuana,Delgado,F,2011-11-08,Secundaria,5,I,Tarde,126,488,Madre
3977,64494086,Fabricio Alexander,Gutierrez,Reyes,M,2011-07-05,Secundaria,5,I,Tarde,126,187,Madre
3978,19284546,Isabel Julia,Silva,Cabanillas,F,2011-05-08,Secundaria,5,I,Tarde,126,1194,Madre
3979,76583926,Jhoana Sofia,Ortiz,Flores,F,2011-01-19,Secundaria,5,I,Tarde,126,1080,Padre
3980,32512836,Ivan Joaquin,Mamani,Cruz,M,2011-03-29,Secundaria,5,J,Tarde,127,654,Padre
3981,76103542,Wilson Nicolas,Bautista,Aguilar,M,2011-09-02,Secundaria,5,J,Tarde,127,2187,Madre
3982,64585698,Isabel Alessandra,Cornejo,Rimac,F,2011-06-24,Secundaria,5,J,Tarde,127,2630,Madre
3983,43745821,Erick Jhon,Ticona,Ibarra,M,2011-12-16,Secundaria,5,J,Tarde,127,188,Madre
3984,65222388,Ricardo Nicolas,Chavez,Apaza,M,2011-12-18,Secundaria,5,J,Tarde,127,1172,Padre
3985,75000134,Piero Juan,Romero,Paredes,M,2011-10-05,Secundaria,5,J,Tarde,127,2315,Madre
3986,56470646,Karen Antonella,Diaz,Paredes,F,2011-02-23,Secundaria,5,J,Tarde,127,1085,Madre
3987,54743959,Yamil Alexis,Ruiz,Rimac,M,2011-07-10,Secundaria,5,J,Tarde,127,396,Madre
3988,59285347,Carmen Kiara,Marin,Paucar,F,2011-02-05,Secundaria,5,J,Tarde,127,1541,Madre
3989,31499926,Milagros Katty,Chavez,Machaca,F,2011-07-30,Secundaria,5,J,Tarde,127,529,Madre
3990,51889555,Abigail Valentina,Mendoza,Medina,F,2011-12-02,Secundaria,5,J,Tarde,127,1377,Madre
3991,65369770,Britany Luz,Paredes,Bautista,F,2011-09-11,Secundaria,5,J,Tarde,127,822,Madre
3992,21687612,Melissa Dulce,Machaca,Romero,F,2011-04-11,Secundaria,5,J,Tarde,127,3151,Madre
3993,17515108,Brenda Susan,Mendoza,Rivera,F,2011-01-30,Secundaria,5,J,Tarde,127,366,Padre
3994,57589809,Nayeli Yolanda,Torres,Pacheco,F,2011-05-22,Secundaria,5,J,Tarde,127,1760,Madre
3995,69565312,Samuel Piero,Huaman,Espinoza,M,2011-04-30,Secundaria,5,J,Tarde,127,1556,Madre
3996,52807692,Victor Ricardo,Carrillo,Bautista,M,2011-11-04,Secundaria,5,J,Tarde,127,3166,Madre
3997,46338696,Pedro Yamil,Carrillo,Cabanillas,M,2011-11-07,Secundaria,5,J,Tarde,127,1490,Padre
3998,57262777,Melissa Dulce,Ortiz,Cabrera,F,2011-02-01,Secundaria,5,J,Tarde,127,523,Padre
3999,62363708,Jhoel Cesar,Palacios,Mendoza,M,2011-07-28,Secundaria,5,J,Tarde,127,911,Madre
4000,13490216,Rafaella Emily,Espinoza,Huaman,F,2011-07-24,Secundaria,5,J,Tarde,127,545,Padre
4001,79486619,Daniela Rafaella,Espinoza,Rivera,F,2011-11-05,Secundaria,5,J,Tarde,127,1886,Madre
4002,76514001,Raul Aaron,Chavez,Gonzales,M,2011-05-07,Secundaria,5,J,Tarde,127,75,Madre
4003,40160906,Sebastian Raul,Leon,Ccahuana,M,2011-11-16,Secundaria,5,J,Tarde,127,172,Madre
4004,24178902,Rodrigo Elmer,Espinoza,Castillo,M,2011-11-24,Secundaria,5,J,Tarde,127,401,Madre
4005,49841800,Diego Piero,Pacheco,Castillo,M,2011-10-01,Secundaria,5,J,Tarde,127,443,Padre
4006,60387358,Jhoana Nayeli,Gonzales,Mamani,F,2011-12-12,Secundaria,5,J,Tarde,127,2199,Padre
4007,23460547,Fiorella Mia,Delgado,Mendoza,F,2011-08-10,Secundaria,5,J,Tarde,127,2846,Padre
4008,28664320,Mateo Alexis,Choque,Zavala,M,2011-11-15,Secundaria,5,J,Tarde,127,2043,Madre
4009,59718305,Andres Jhoel,Ochoa,Rimac,M,2011-04-15,Secundaria,5,J,Tarde,127,1013,Padre
4010,18794250,Franco Jhoel,Bautista,Apaza,M,2011-10-26,Secundaria,5,J,Tarde,127,694,Madre
4011,73642776,Cristian Hugo,Garcia,Rivera,M,2011-04-10,Secundaria,5,J,Tarde,127,1951,Padre
4012,63917862,Elmer Marco,Ticona,Ochoa,M,2011-02-26,Secundaria,5,J,Tarde,127,1737,Madre
4013,72654378,Danna Ana,Romero,Fernandez,F,2011-07-01,Secundaria,5,J,Tarde,127,638,Madre
4014,25476233,Flor Sofia,Marin,Ibarra,F,2011-12-25,Secundaria,5,K,Tarde,128,86,Padre
4015,59581838,Katherine Nicole,Soto,Rodriguez,F,2011-04-11,Secundaria,5,K,Tarde,128,775,Madre
4016,70068674,Mateo Pedro,Paucar,Alarcon,M,2011-01-04,Secundaria,5,K,Tarde,128,1758,Padre
4017,38405238,Carlos Ian,Ccahuana,Quispe,M,2011-04-10,Secundaria,5,K,Tarde,128,1418,Madre
4018,24139521,Pilar Britany,Garcia,Alarcon,F,2011-05-09,Secundaria,5,K,Tarde,128,2632,Madre
4019,59520067,Vanessa Abigail,Chavez,Rodriguez,F,2011-12-02,Secundaria,5,K,Tarde,128,908,Padre
4020,32522584,Sebastian Rodrigo,Ticona,Delgado,M,2011-02-04,Secundaria,5,K,Tarde,128,1109,Padre
4021,24414775,Adrian Adrian,Rojas,Cornejo,M,2011-07-02,Secundaria,5,K,Tarde,128,1760,Madre
4022,11868211,Flor Yesica,Cabrera,Mendoza,F,2011-12-23,Secundaria,5,K,Tarde,128,124,Padre
4023,74519597,Sofia Nicole,Silva,Vega,F,2011-01-10,Secundaria,5,K,Tarde,128,2448,Padre
4024,32579087,Katherine Teresa,Cruz,Sanchez,F,2011-10-08,Secundaria,5,K,Tarde,128,566,Padre
4025,19447991,Samuel Jhoel,Fernandez,Cutipa,M,2011-10-03,Secundaria,5,K,Tarde,128,2907,Madre
4026,56315993,Vanessa Teresa,Paredes,Cutipa,F,2011-08-05,Secundaria,5,K,Tarde,128,650,Padre
4027,65072742,Dulce Abigail,Huaraca,Machaca,F,2011-09-01,Secundaria,5,K,Tarde,128,2292,Padre
4028,55906141,Nayeli Katty,Ramos,Huaman,F,2011-02-12,Secundaria,5,K,Tarde,128,2848,Padre
4029,30253574,Renata Estefany,Cabanillas,Yataco,F,2011-10-16,Secundaria,5,K,Tarde,128,2250,Padre
4030,37151787,Diego Jhon,Guzman,Aguilar,M,2011-07-12,Secundaria,5,K,Tarde,128,2341,Madre
4031,30268861,Marco Alberto,Aquino,Yataco,M,2011-01-13,Secundaria,5,K,Tarde,128,2135,Madre
4032,11591201,Luz Yesica,Yupanqui,Castillo,F,2011-04-19,Secundaria,5,K,Tarde,128,215,Padre
4033,79467646,Miguel Martin,Aguilar,Silva,M,2011-11-13,Secundaria,5,K,Tarde,128,956,Padre
4034,26420835,Kevin Leonardo,Vasquez,Fernandez,M,2011-12-10,Secundaria,5,K,Tarde,128,3141,Padre
4035,78829332,Britany Yesica,Salazar,Gutierrez,F,2011-05-06,Secundaria,5,K,Tarde,128,1493,Padre
4036,65204825,Alessandra Daniela,Medina,Mendoza,F,2011-03-15,Secundaria,5,K,Tarde,128,1361,Padre
4037,29492878,Ariana Estefany,Diaz,Castillo,F,2011-07-20,Secundaria,5,K,Tarde,128,2809,Padre
4038,31457062,Britany Katty,Diaz,Cardenas,F,2011-10-19,Secundaria,5,K,Tarde,128,1525,Padre
4039,20425091,Katty Britany,Gutierrez,Yupanqui,F,2011-06-29,Secundaria,5,L,Tarde,129,1008,Padre
4040,38920848,Angel Alexis,Cardenas,Machaca,M,2011-11-09,Secundaria,5,L,Tarde,129,1558,Padre
4041,60708529,Erick Cesar,Bautista,Ochoa,M,2011-08-25,Secundaria,5,L,Tarde,129,244,Padre
4042,15353250,Gustavo Julio,Cabanillas,Ramos,M,2011-12-28,Secundaria,5,L,Tarde,129,3056,Madre
4043,30498924,Rafaella Susan,Villanueva,Vilca,F,2011-11-23,Secundaria,5,L,Tarde,129,380,Madre
4044,21327491,Maria Camila,Mendoza,Quispe,F,2011-08-02,Secundaria,5,L,Tarde,129,2970,Madre
4045,37097504,Cesar Fernando,Rimac,Leon,M,2011-03-31,Secundaria,5,L,Tarde,129,1708,Padre
4046,21743873,Katty Julia,Rodriguez,Cabrera,F,2011-05-05,Secundaria,5,L,Tarde,129,791,Madre
4047,26864543,Renzo Kevin,Quispe,Vilca,M,2011-02-07,Secundaria,5,L,Tarde,129,2782,Padre
4048,25041920,Brenda Pilar,Espinoza,Fernandez,F,2011-04-06,Secundaria,5,L,Tarde,129,370,Madre
4049,15338115,Carmen Lucia,Marin,Ochoa,F,2011-07-09,Secundaria,5,L,Tarde,129,1504,Madre
4050,73785975,Dylan Juan,Alarcon,Mendoza,M,2011-02-07,Secundaria,5,L,Tarde,129,1254,Padre
4051,55237247,Benjamin Jorge,Flores,Villanueva,M,2011-06-12,Secundaria,5,L,Tarde,129,2221,Padre
4052,34056691,Paula Vanessa,Vilca,Espinoza,F,2011-04-03,Secundaria,5,L,Tarde,129,205,Madre
4053,18754161,Katty Valentina,Alarcon,Quispe,F,2011-07-05,Secundaria,5,L,Tarde,129,314,Madre
4054,39831345,Ashley Estefany,Huaman,Medina,F,2011-04-17,Secundaria,5,L,Tarde,129,630,Padre
4055,23090357,Cesar Rodrigo,Condori,Cabrera,M,2011-01-26,Secundaria,5,L,Tarde,129,1256,Madre
4056,34865595,Xiomara Kiara,Ruiz,Romero,F,2011-12-29,Secundaria,5,L,Tarde,129,1972,Madre
4057,56063066,Oscar Juan,Bravo,Machaca,M,2011-05-11,Secundaria,5,L,Tarde,129,1622,Padre
4058,58315570,Jorge Cesar,Choque,Cabrera,M,2011-12-01,Secundaria,5,L,Tarde,129,1230,Padre
4059,44881610,Martin Luis,Nunez,Diaz,M,2011-08-09,Secundaria,5,L,Tarde,129,2194,Padre
4060,13458902,Dulce Camila,Delgado,Paredes,F,2011-12-11,Secundaria,5,L,Tarde,129,1791,Padre
4061,42810479,Fiorella Yolanda,Choque,Salvador,F,2011-04-04,Secundaria,5,L,Tarde,129,2580,Madre
4062,22124377,Daniela Danna,Huaraca,Delgado,F,2011-04-26,Secundaria,5,L,Tarde,129,829,Madre
4063,12208004,Julio Ivan,Gonzales,Ticona,M,2011-04-14,Secundaria,5,L,Tarde,129,662,Madre
4064,68510453,Yesenia Renata,Vilca,Bautista,F,2011-06-19,Secundaria,5,L,Tarde,129,1523,Padre
4065,37389138,Cesar Cesar,Espinoza,Vega,M,2011-09-21,Secundaria,5,L,Tarde,129,1860,Madre
4066,58554058,Estefany Isabel,Fernandez,Bautista,F,2011-06-26,Secundaria,5,L,Tarde,129,861,Padre
4067,45190621,Elmer Oscar,Marin,Paucar,M,2011-11-29,Secundaria,5,L,Tarde,129,2112,Padre
4068,46531895,Marco Andres,Cabanillas,Ibarra,M,2011-10-25,Secundaria,5,L,Tarde,129,1956,Madre
4069,42210523,Luana Luz,Mamani,Cruz,F,2011-03-18,Secundaria,5,L,Tarde,129,2966,Padre
4070,10514247,Bryan Benjamin,Vilca,Sanchez,M,2011-02-17,Secundaria,5,L,Tarde,129,922,Padre
4071,18844340,Carlos Jhoel,Cruz,Quispe,M,2011-07-19,Secundaria,5,L,Tarde,129,204,Madre
4072,19142169,Flor Ruth,Marin,Ortiz,F,2011-08-28,Secundaria,5,M,Tarde,130,1544,Padre
4073,21626439,Karen Pilar,Cardenas,Gonzales,F,2011-07-24,Secundaria,5,M,Tarde,130,1497,Madre
4074,50591181,Bryan Juan,Ccahuana,Paucar,M,2011-03-25,Secundaria,5,M,Tarde,130,2821,Padre
4075,69527389,Alessandra Daniela,Ibarra,Condori,F,2011-11-17,Secundaria,5,M,Tarde,130,1171,Madre
4076,45134803,Nicolas Ricardo,Lazo,Delgado,M,2011-09-30,Secundaria,5,M,Tarde,130,2872,Madre
4077,41969621,Walter Rodrigo,Marin,Machaca,M,2011-08-05,Secundaria,5,M,Tarde,130,2339,Padre
4078,45800213,Isabel Daniela,Cabanillas,Ruiz,F,2011-10-16,Secundaria,5,M,Tarde,130,2931,Padre
4079,17992222,Julio Nicolas,Yataco,Carrillo,M,2011-12-12,Secundaria,5,M,Tarde,130,2185,Madre
4080,69879529,Flor Brenda,Salvador,Palacios,F,2011-07-04,Secundaria,5,M,Tarde,130,1727,Madre
4081,53466670,Bryan Fabricio,Mamani,Sanchez,M,2011-04-15,Secundaria,5,M,Tarde,130,270,Madre
4082,26175763,Yesica Antonella,Salazar,Campos,F,2011-05-13,Secundaria,5,M,Tarde,130,2088,Madre
4083,69070347,Hugo Manuel,Leon,Vasquez,M,2011-12-14,Secundaria,5,M,Tarde,130,807,Madre
4084,40428238,Aaron Gustavo,Torres,Rojas,M,2011-07-16,Secundaria,5,M,Tarde,130,1743,Padre
4085,32824273,Franco Carlos,Espinoza,Garcia,M,2011-12-15,Secundaria,5,M,Tarde,130,487,Madre
4086,63211719,Luz Estefany,Vargas,Soto,F,2011-07-30,Secundaria,5,M,Tarde,130,3037,Padre
4087,61587700,Daniela Renata,Ticona,Bautista,F,2011-04-24,Secundaria,5,M,Tarde,130,1971,Padre
4088,15735594,Nicolas Aaron,Paredes,Nunez,M,2011-09-20,Secundaria,5,M,Tarde,130,1996,Madre
4089,27338251,Luis Luis,Paucar,Farfan,M,2011-03-07,Secundaria,5,M,Tarde,130,1785,Madre
4090,19482300,Raul Raul,Rojas,Garcia,M,2011-09-15,Secundaria,5,M,Tarde,130,897,Madre
4091,36021631,Sebastian Fabricio,Huaman,Espinoza,M,2011-08-20,Secundaria,5,M,Tarde,130,2549,Madre
4092,64275520,Yesenia Susan,Rimac,Fernandez,F,2011-08-03,Secundaria,5,M,Tarde,130,2825,Madre
4093,44471077,Edgar Bryan,Herrera,Vargas,M,2011-11-08,Secundaria,5,M,Tarde,130,1088,Madre
4094,29238326,Jorge Jorge,Zavala,Choque,M,2011-06-29,Secundaria,5,M,Tarde,130,178,Madre
4095,46813647,Emilio Dylan,Yupanqui,Mendoza,M,2011-04-26,Secundaria,5,M,Tarde,130,2492,Madre
4096,32921367,Leonardo Kevin,Huaraca,Cabrera,M,2011-06-28,Secundaria,5,M,Tarde,130,2297,Madre
4097,37544771,Valentina Rosa,Espinoza,Palacios,F,2011-09-05,Secundaria,5,M,Tarde,130,515,Madre
4098,25852085,Fiorella Isabel,Soto,Sanchez,F,2011-05-01,Secundaria,5,M,Tarde,130,1480,Madre
4099,25430915,Nayeli Valentina,Garcia,Salvador,F,2011-09-06,Secundaria,5,M,Tarde,130,2541,Padre
4100,59003440,Diego Ian,Garcia,Carrillo,M,2011-09-10,Secundaria,5,M,Tarde,130,1712,Madre
4101,65801544,Mateo Anthony,Alvarez,Condori,M,2011-11-15,Secundaria,5,M,Tarde,130,1298,Madre
4102,32637229,Teresa Isabel,Rimac,Silva,F,2011-06-08,Secundaria,5,M,Tarde,130,353,Padre
4103,47775430,Antonella Yolanda,Torres,Chavez,F,2011-11-13,Secundaria,5,M,Tarde,130,1459,Madre
4104,76533541,Carmen Rosa,Garcia,Silva,F,2011-07-17,Secundaria,5,M,Tarde,130,2772,Madre
4105,28761130,Ian Raul,Choque,Vilca,M,2011-09-28,Secundaria,5,M,Tarde,130,578,Padre
4106,40539331,Grecia Diana,Alarcon,Silva,F,2011-07-14,Secundaria,5,M,Tarde,130,368,Madre
