id,dni,nombres,apellido_paterno,apellido_materno,sexo,telefono,email,ocupacion
1,71711660,Leonardo Elmer,Villanueva,Bravo,M,996872148,leonardo.villanueva820@gmail.com,Chofer
2,50359574,Thiago Julio,Guzman,Castillo,M,944724866,thiago.guzman19@gmail.com,Ama de casa
3,51381890,Renata Katherine,Rimac,Ccahuana,F,940271898,renata.rimac607@gmail.com,Contador(a)
4,40117672,Fernando Pedro,Reyes,Mamani,M,999392737,fernando.reyes426@gmail.com,Administrador(a)
5,17172582,Ximena Yolanda,Cornejo,Bravo,F,999402316,ximena.cornejo35@gmail.com,Tecnico electricista
6,10788590,Ivan Andres,Gutierrez,Salvador,M,991738848,ivan.gutierrez618@gmail.com,Enfermero(a)
7,10894655,Susan Dulce,Cruz,Rodriguez,F,923192224,susan.cruz675@gmail.com,Personal de seguridad
8,32212123,Renata Estefany,Ramos,Sanchez,F,936352730,renata.ramos169@gmail.com,Administrador(a)
9,27253262,Edgar Raul,Vega,Mendoza,M,904153597,edgar.vega273@gmail.com,Administrador(a)
10,77607712,Jhoana Rafaella,Alvarez,Alarcon,F,965307021,jhoana.alvarez274@gmail.com,Cocinero(a)
11,76732724,Ximena Valentina,Castillo,Ruiz,F,973185127,ximena.castillo729@gmail.com,Chofer
12,17714543,Diego Leonardo,Cabanillas,Nunez,M,965608814,diego.cabanillas985@gmail.com,Independiente
13,29004963,Lucia Kiara,Reyes,Vasquez,F,958515380,lucia.reyes252@gmail.com,Mecanico
14,78520450,Renzo Mateo,Pacheco,Gonzales,M,917296772,renzo.pacheco383@gmail.com,Vendedor(a)
15,30968039,Joaquin Cesar,Medina,Cardenas,M,996344615,joaquin.medina944@gmail.com,Empleado publico
16,11630575,Sofia Vanessa,Herrera,Torres,F,900555151,sofia.herrera438@gmail.com,Policia
17,73261374,Thiago Bryan,Vargas,Yataco,M,916079833,thiago.vargas426@gmail.com,Obrero de construccion
18,69291247,Elmer Piero,Sanchez,Alarcon,M,992450168,elmer.sanchez77@gmail.com,Comerciante ambulante
19,39593425,Kiara Elena,Aguilar,Vasquez,F,943234463,kiara.aguilar354@gmail.com,Empleado publico
20,69660128,Julio Dylan,Fernandez,Ochoa,M,929125261,julio.fernandez970@gmail.com,Agricultor
21,41335260,Vanessa Patricia,Quispe,Fernandez,F,908532670,vanessa.quispe817@gmail.com,Obrero de construccion
22,23884058,Diana Diana,Gutierrez,Romero,F,911620776,diana.gutierrez949@gmail.com,Docente
23,35434372,Elena Abigail,Bravo,Bravo,F,959218005,elena.bravo423@gmail.com,Empresario(a)
24,45137315,Fernando Marco,Paredes,Torres,M,914988288,fernando.paredes185@gmail.com,Enfermero tecnico
25,75383139,Alberto Elmer,Carrillo,Gutierrez,M,945259562,alberto.carrillo588@gmail.com,Independiente
26,50447738,Victor Samuel,Choque,Farfan,M,911485045,victor.choque982@gmail.com,Administrador(a)
27,74873489,Rodrigo Mateo,Ticona,Salvador,M,964580701,rodrigo.ticona87@gmail.com,Vendedor(a)
28,31168287,Elena Yesenia,Villanueva,Salvador,F,972484564,elena.villanueva997@gmail.com,Docente
29,52024853,Renata Lucia,Ibarra,Ibarra,F,995588390,renata.ibarra611@gmail.com,Administrador(a)
30,12693888,Wilson Benjamin,Paucar,Zavala,M,916576897,wilson.paucar1@gmail.com,Empresario(a)
31,20237204,Hugo Kevin,Cutipa,Nunez,M,932291506,hugo.cutipa952@gmail.com,Enfermero(a)
32,20120230,Renzo Adrian,Castillo,Villanueva,M,914791630,renzo.castillo769@gmail.com,Comerciante ambulante
33,38658023,Sofia Antonella,Leon,Garcia,F,932604626,sofia.leon321@gmail.com,Tecnico electricista
34,19709572,Flor Jhoana,Vasquez,Cruz,F,927356353,flor.vasquez276@gmail.com,Empresario(a)
35,56541771,Samuel Franco,Garcia,Zavala,M,916235689,samuel.garcia643@gmail.com,Docente
36,43371128,Karen Mia,Carrillo,Garcia,F,952459692,karen.carrillo40@gmail.com,Independiente
37,47985788,Oscar Thiago,Vargas,Choque,M,998555317,oscar.vargas552@gmail.com,Contador(a)
38,21124090,Ricardo Juan,Palacios,Vilca,M,940426620,ricardo.palacios294@gmail.com,Tecnico electricista
39,75805802,Julia Rafaella,Aquino,Chavez,F,956785712,julia.aquino260@gmail.com,Empresario(a)
40,29470495,Alexandra Elena,Condori,Farfan,F,954005360,alexandra.condori80@gmail.com,Chofer
41,79754797,Katherine Emily,Bravo,Cabrera,F,917208002,katherine.bravo134@gmail.com,Comerciante ambulante
42,63005319,Melissa Antonella,Bautista,Sanchez,F,954276075,melissa.bautista80@gmail.com,Administrador(a)
43,35880127,Franco Edgar,Rivera,Palacios,M,956399841,franco.rivera667@gmail.com,Enfermero tecnico
44,10857769,Bryan Nicolas,Cornejo,Campos,M,916928498,bryan.cornejo663@gmail.com,Empleado publico
45,66184576,Sebastian Nicolas,Choque,Cutipa,M,903784850,sebastian.choque753@gmail.com,Contador(a)
46,79784815,Alexander Jhoel,Ruiz,Cardenas,M,993792021,alexander.ruiz823@gmail.com,Cocinero(a)
47,10420378,Wilson Manuel,Flores,Alarcon,M,962670351,wilson.flores704@gmail.com,Enfermero tecnico
48,59232516,Fabricio Hugo,Romero,Rodriguez,M,973096475,fabricio.romero280@gmail.com,Obrero de construccion
49,48397002,Oscar Cristian,Campos,Rojas,M,911485641,oscar.campos315@gmail.com,Vendedor(a)
50,75395608,Gabriel Martin,Torres,Cabrera,M,914820933,gabriel.torres79@gmail.com,Contador(a)
51,22853779,Renata Kiara,Torres,Marin,F,938931994,renata.torres274@gmail.com,Comerciante ambulante
52,19225613,Ian Adrian,Espinoza,Silva,M,925608412,ian.espinoza164@gmail.com,Enfermero tecnico
53,31875210,Alexis Victor,Guzman,Apaza,M,934412647,alexis.guzman408@gmail.com,Docente
54,47562103,Paula Luana,Cornejo,Marin,F,977859793,paula.cornejo847@gmail.com,Independiente
55,38720088,Flor Jhoana,Espinoza,Alarcon,F,920163192,flor.espinoza14@gmail.com,Enfermero tecnico
56,57892767,Julio Jhoel,Marin,Cabrera,M,958945170,julio.marin437@gmail.com,Enfermero tecnico
57,35015026,Erick Edgar,Vega,Zavala,M,951526521,erick.vega152@gmail.com,Policia
58,30320012,Manuel Thiago,Gutierrez,Palacios,M,945960533,manuel.gutierrez987@gmail.com,Comerciante
59,64315475,Ricardo Angel,Torres,Rivera,M,926256558,ricardo.torres316@gmail.com,Comerciante ambulante
60,13874223,Ashley Dulce,Gonzales,Zavala,F,925979966,ashley.gonzales902@gmail.com,Agricultor
61,25878427,Ashley Renata,Delgado,Paredes,F,976839156,ashley.delgado919@gmail.com,Agricultor
62,48069114,Fernando Jose,Cutipa,Aquino,M,948894103,fernando.cutipa937@gmail.com,Ama de casa
63,67559097,Brenda Fiorella,Cabrera,Campos,F,905078808,brenda.cabrera536@gmail.com,Tecnico electricista
64,27227621,Juan Fabricio,Vargas,Espinoza,M,906948320,juan.vargas625@gmail.com,Agricultor
65,19002901,Hugo Adrian,Salvador,Rodriguez,M,993791712,hugo.salvador839@gmail.com,Enfermero tecnico
66,33297802,Sebastian Bryan,Rimac,Palacios,M,947217936,sebastian.rimac597@gmail.com,Enfermero tecnico
67,63485531,Angel Wilson,Romero,Silva,M,900742594,angel.romero496@gmail.com,Ama de casa
68,44700809,Yamil Leonardo,Rodriguez,Condori,M,904641985,yamil.rodriguez324@gmail.com,Mecanico
69,66455980,Miguel Jose,Cabanillas,Paredes,M,996878165,miguel.cabanillas961@gmail.com,Enfermero(a)
70,36867076,Fernando Julio,Cardenas,Cutipa,M,972640218,fernando.cardenas726@gmail.com,Docente
71,20779803,Elmer Sebastian,Choque,Vasquez,M,962632435,elmer.choque273@gmail.com,Independiente
72,65231302,Ivan Yamil,Machaca,Alarcon,M,929059136,ivan.machaca188@gmail.com,Administrador(a)
73,23018954,Flor Ana,Quispe,Gonzales,F,944710729,flor.quispe282@gmail.com,Policia
74,12626903,Katherine Valentina,Machaca,Cabanillas,F,908696334,katherine.machaca976@gmail.com,Mecanico
75,30278900,Emily Alessandra,Cabanillas,Mamani,F,924784671,emily.cabanillas134@gmail.com,Vendedor(a)
76,58874713,Alexander Carlos,Espinoza,Gutierrez,M,962840599,alexander.espinoza277@gmail.com,Personal de seguridad
77,48456562,Cristian Cristian,Bautista,Lazo,M,973245147,cristian.bautista56@gmail.com,Cocinero(a)
78,43169549,Pilar Alexandra,Choque,Cabrera,F,950121529,pilar.choque583@gmail.com,Contador(a)
79,29659898,Joaquin Aaron,Soto,Ochoa,M,943776464,joaquin.soto327@gmail.com,Enfermero(a)
80,58177601,Fabricio Andres,Ccahuana,Ticona,M,947186100,fabricio.ccahuana307@gmail.com,Independiente
81,14313464,Alberto Benjamin,Bautista,Sanchez,M,920632081,alberto.bautista8@gmail.com,Obrero de construccion
82,70891372,Fernando Jose,Paredes,Fernandez,M,904179096,fernando.paredes240@gmail.com,Empresario(a)
83,35122883,Ariana Grecia,Vargas,Torres,F,959204949,ariana.vargas549@gmail.com,Comerciante ambulante
84,53821126,Luz Lucia,Salazar,Herrera,F,919495669,luz.salazar733@gmail.com,Comerciante ambulante
85,49238446,Abigail Mia,Salvador,Ccahuana,F,952004674,abigail.salvador891@gmail.com,Comerciante ambulante
86,71373383,Martin Dylan,Cruz,Paucar,M,908684797,martin.cruz733@gmail.com,Policia
87,27714849,Cristian Benjamin,Reyes,Rivera,M,976246364,cristian.reyes67@gmail.com,Ama de casa
88,27786796,Julio Fabricio,Carrillo,Soto,M,924246019,julio.carrillo201@gmail.com,Obrero de construccion
89,58126912,Teresa Paula,Nunez,Marin,F,961923258,teresa.nunez566@gmail.com,Empleado publico
90,11052351,Yamil Alberto,Rimac,Ruiz,M,939060178,yamil.rimac766@gmail.com,Comerciante
91,28137446,Victor Miguel,Bautista,Reyes,M,981467006,victor.bautista836@gmail.com,Policia
92,67608707,Jhoana Estefany,Bautista,Huaraca,F,960487885,jhoana.bautista621@gmail.com,Personal de seguridad
93,76310925,Gabriela Flor,Vilca,Torres,F,924440554,gabriela.vilca1@gmail.com,Comerciante ambulante
94,54599605,Ivan Wilson,Cruz,Reyes,M,934773095,ivan.cruz635@gmail.com,Empleado publico
95,68936010,Erick Angel,Medina,Paredes,M,930246395,erick.medina856@gmail.com,Agricultor
96,79590329,Danna Jhoana,Bravo,Rojas,F,946627574,danna.bravo291@gmail.com,Chofer
97,53727809,Rafaella Yesenia,Pacheco,Ortiz,F,993297812,rafaella.pacheco808@gmail.com,Comerciante
98,45347806,Milagros Ruth,Diaz,Reyes,F,948346996,milagros.diaz362@gmail.com,Comerciante ambulante
99,49667759,Alexander Juan,Aquino,Pacheco,M,910985323,alexander.aquino378@gmail.com,Ama de casa
100,22886569,Marco Dylan,Ortiz,Huaman,M,907472911,marco.ortiz172@gmail.com,Docente
101,54479457,Karen Nicole,Alarcon,Vilca,F,999351417,karen.alarcon432@gmail.com,Empresario(a)
102,22655158,Vanessa Luz,Romero,Choque,F,984462055,vanessa.romero961@gmail.com,Policia
103,76264316,Gonzalo Renzo,Ramos,Espinoza,M,950456522,gonzalo.ramos666@gmail.com,Policia
104,27948372,Nayeli Rosa,Gutierrez,Carrillo,F,944607548,nayeli.gutierrez886@gmail.com,Tecnico electricista
105,42696786,Lucia Carmen,Rivera,Ibarra,F,939650900,lucia.rivera389@gmail.com,Comerciante
106,46284225,Elena Milagros,Yataco,Chavez,F,954068079,elena.yataco414@gmail.com,Policia
107,18754054,Manuel Samuel,Zavala,Quispe,M,969413472,manuel.zavala686@gmail.com,Mecanico
108,30060081,Aaron Raul,Ccahuana,Cabrera,M,953942493,aaron.ccahuana778@gmail.com,Mecanico
109,25113645,Milagros Teresa,Apaza,Marin,F,990057185,milagros.apaza56@gmail.com,Empleado publico
110,52770263,Martin Mateo,Alarcon,Salazar,M,991696274,martin.alarcon486@gmail.com,Vendedor(a)
111,71095009,Yamil Dylan,Mendoza,Yupanqui,M,994750810,yamil.mendoza563@gmail.com,Contador(a)
112,47373964,Manuel Gabriel,Huaraca,Cutipa,M,974651599,manuel.huaraca232@gmail.com,Enfermero(a)
113,19070102,Bryan Luis,Palacios,Espinoza,M,907384644,bryan.palacios736@gmail.com,Cocinero(a)
114,26833743,Gabriel Carlos,Diaz,Fernandez,M,906832732,gabriel.diaz319@gmail.com,Chofer
115,46023460,Teresa Alessandra,Rimac,Delgado,F,970307758,teresa.rimac457@gmail.com,Administrador(a)
116,64447277,Alessandra Grecia,Salvador,Marin,F,918209256,alessandra.salvador935@gmail.com,Comerciante
117,71470087,Luis Angel,Rodriguez,Diaz,M,937715815,luis.rodriguez207@gmail.com,Policia
118,76265154,Miguel Martin,Mendoza,Pacheco,M,951008843,miguel.mendoza780@gmail.com,Agricultor
119,12342230,Aaron Luis,Rojas,Cardenas,M,944170912,aaron.rojas407@gmail.com,Obrero de construccion
120,63641736,Wilson Mateo,Bautista,Vilca,M,970264230,wilson.bautista16@gmail.com,Docente
121,30995521,Fiorella Paula,Guzman,Marin,F,900508113,fiorella.guzman181@gmail.com,Comerciante ambulante
122,31920647,Benjamin Samuel,Delgado,Medina,M,965332528,benjamin.delgado476@gmail.com,Tecnico electricista
123,36422640,Brenda Valentina,Cutipa,Ramos,F,998450064,brenda.cutipa557@gmail.com,Vendedor(a)
124,66063992,Luis Franco,Ccahuana,Yataco,M,989446321,luis.ccahuana533@gmail.com,Agricultor
125,32548156,Rodrigo Erick,Palacios,Machaca,M,943195323,rodrigo.palacios620@gmail.com,Obrero de construccion
126,79561208,Emilio Alexander,Quispe,Condori,M,901144820,emilio.quispe511@gmail.com,Administrador(a)
127,31071642,Benjamin Oscar,Cabrera,Vasquez,M,917754670,benjamin.cabrera210@gmail.com,Mecanico
128,52648630,Valentina Mia,Silva,Castillo,F,916050782,valentina.silva141@gmail.com,Comerciante
129,66277630,Leonardo Juan,Medina,Gutierrez,M,908311305,leonardo.medina282@gmail.com,Ama de casa
130,43386999,Yesenia Milagros,Vasquez,Campos,F,975600268,yesenia.vasquez164@gmail.com,Vendedor(a)
131,42375493,Elmer Piero,Herrera,Reyes,M,985036658,elmer.herrera651@gmail.com,Agricultor
132,57033185,Alexander Gonzalo,Ramos,Bautista,M,922838681,alexander.ramos633@gmail.com,Enfermero(a)
133,24930208,Maria Ximena,Ccahuana,Herrera,F,979918861,maria.ccahuana221@gmail.com,Administrador(a)
134,78013490,Ana Vanessa,Apaza,Bautista,F,900705546,ana.apaza158@gmail.com,Enfermero tecnico
135,18801525,Mia Rosa,Alvarez,Soto,F,961418452,mia.alvarez542@gmail.com,Enfermero tecnico
136,29061413,Fiorella Ariana,Zavala,Choque,F,950736656,fiorella.zavala167@gmail.com,Comerciante
137,45124655,Martin Emilio,Mendoza,Medina,M,910907131,martin.mendoza883@gmail.com,Empresario(a)
138,18475080,Valentina Vanessa,Bravo,Marin,F,902604486,valentina.bravo315@gmail.com,Vendedor(a)
139,44592369,Yolanda Ashley,Vasquez,Ccahuana,F,944927352,yolanda.vasquez365@gmail.com,Policia
140,44364318,Dylan Pedro,Lazo,Villanueva,M,966053912,dylan.lazo733@gmail.com,Comerciante
141,42883984,Mia Danna,Chavez,Nunez,F,948772770,mia.chavez258@gmail.com,Vendedor(a)
142,32213586,Anthony Jose,Villanueva,Chavez,M,978930531,anthony.villanueva595@gmail.com,Empleado publico
143,64164710,Hugo Marco,Aguilar,Huaman,M,922346077,hugo.aguilar895@gmail.com,Vendedor(a)
144,49526517,Cesar Jose,Bravo,Mamani,M,932640370,cesar.bravo721@gmail.com,Comerciante
145,43681472,Martin Nicolas,Aguilar,Marin,M,938500776,martin.aguilar365@gmail.com,Comerciante ambulante
146,70983904,Yamil Piero,Huaman,Leon,M,977369857,yamil.huaman683@gmail.com,Vendedor(a)
147,18478404,Dylan Diego,Guzman,Herrera,M,960126154,dylan.guzman204@gmail.com,Vendedor(a)
148,32139234,Cesar Edgar,Garcia,Rodriguez,M,967028160,cesar.garcia378@gmail.com,Independiente
149,58756757,Martin Alexander,Gutierrez,Fernandez,M,912765410,martin.gutierrez983@gmail.com,Chofer
150,27128686,Walter Juan,Espinoza,Leon,M,930792697,walter.espinoza886@gmail.com,Docente
151,73406049,Danna Kiara,Medina,Paucar,F,937606590,danna.medina686@gmail.com,Policia
152,67801507,Andres Marco,Ticona,Pacheco,M,973374195,andres.ticona175@gmail.com,Obrero de construccion
153,64811896,Edgar Cristian,Salvador,Huaman,M,954881981,edgar.salvador428@gmail.com,Enfermero(a)
154,30208188,Gustavo Jorge,Ramos,Zavala,M,938907483,gustavo.ramos579@gmail.com,Agricultor
155,26574022,Luana Nicole,Cardenas,Espinoza,F,941376411,luana.cardenas337@gmail.com,Chofer
156,68946319,Nicole Diana,Espinoza,Bravo,F,921307076,nicole.espinoza327@gmail.com,Docente
157,73125088,Franco Victor,Vargas,Guzman,M,931953524,franco.vargas176@gmail.com,Obrero de construccion
158,13187379,Gonzalo Hugo,Alvarez,Choque,M,962031250,gonzalo.alvarez491@gmail.com,Enfermero tecnico
159,61801008,Yesica Diana,Soto,Flores,F,931665312,yesica.soto227@gmail.com,Tecnico electricista
160,55271583,Alexander Wilson,Cabanillas,Ortiz,M,971113971,alexander.cabanillas80@gmail.com,Comerciante ambulante
161,44008508,Luz Paula,Cornejo,Paredes,F,989346859,luz.cornejo229@gmail.com,Policia
162,49908540,Hugo Jose,Ruiz,Alarcon,M,982125594,hugo.ruiz317@gmail.com,Chofer
163,24991067,Jhon Yamil,Apaza,Villanueva,M,905376408,jhon.apaza862@gmail.com,Vendedor(a)
164,64721824,Jhoel Cristian,Espinoza,Delgado,M,923445762,jhoel.espinoza620@gmail.com,Cocinero(a)
165,36995958,Joaquin Gonzalo,Carrillo,Condori,M,908670781,joaquin.carrillo791@gmail.com,Ama de casa
166,21281414,Oscar Gabriel,Flores,Paredes,M,950846546,oscar.flores532@gmail.com,Administrador(a)
167,49624988,Ariana Grecia,Diaz,Cornejo,F,914918861,ariana.diaz695@gmail.com,Docente
168,22978456,Milagros Ximena,Yupanqui,Fernandez,F,947723079,milagros.yupanqui769@gmail.com,Mecanico
169,62102286,Daniela Vanessa,Alarcon,Medina,F,992438306,daniela.alarcon242@gmail.com,Empresario(a)
170,42960489,Gonzalo Diego,Espinoza,Guzman,M,983626253,gonzalo.espinoza165@gmail.com,Independiente
171,48832864,Kiara Yolanda,Paredes,Palacios,F,969049937,kiara.paredes223@gmail.com,Enfermero tecnico
172,27210869,Yolanda Isabel,Diaz,Diaz,F,948504048,yolanda.diaz227@gmail.com,Empresario(a)
173,25793906,Diana Karen,Paucar,Ccahuana,F,937565630,diana.paucar53@gmail.com,Chofer
174,37277109,Edgar Wilson,Vargas,Salvador,M,976808169,edgar.vargas385@gmail.com,Comerciante ambulante
175,74832087,Cristian Cesar,Flores,Paucar,M,905108935,cristian.flores780@gmail.com,Personal de seguridad
176,34174475,Karen Valentina,Lazo,Ccahuana,F,909555346,karen.lazo248@gmail.com,Obrero de construccion
177,60713099,Karen Yesica,Cruz,Garcia,F,954045416,karen.cruz279@gmail.com,Comerciante ambulante
178,17222446,Fiorella Mia,Vilca,Sanchez,F,931071129,fiorella.vilca974@gmail.com,Cocinero(a)
179,60111121,Susan Teresa,Quispe,Pacheco,F,943208787,susan.quispe378@gmail.com,Personal de seguridad
180,42848937,Hugo Jhoel,Cruz,Vargas,M,905214079,hugo.cruz93@gmail.com,Chofer
181,27783594,Julia Diana,Alarcon,Cabrera,F,927453724,julia.alarcon796@gmail.com,Vendedor(a)
182,25717252,Fernando Adrian,Vasquez,Ticona,M,970494964,fernando.vasquez403@gmail.com,Empresario(a)
183,71296700,Dylan Yamil,Herrera,Condori,M,916927058,dylan.herrera906@gmail.com,Agricultor
184,69897533,Flor Melissa,Ruiz,Mamani,F,902806717,flor.ruiz596@gmail.com,Enfermero(a)
185,75202884,Jose Victor,Rivera,Yataco,M,992848558,jose.rivera18@gmail.com,Tecnico electricista
186,51582095,Hugo Ian,Torres,Apaza,M,957483762,hugo.torres729@gmail.com,Mecanico
187,32834015,Melissa Diana,Farfan,Salvador,F,923264690,melissa.farfan419@gmail.com,Comerciante
188,78977262,Gabriela Diana,Pacheco,Ortiz,F,932918941,gabriela.pacheco527@gmail.com,Administrador(a)
189,61711892,Cesar Marco,Alarcon,Espinoza,M,968254537,cesar.alarcon655@gmail.com,Docente
190,44285668,Yesenia Brenda,Ruiz,Reyes,F,935405774,yesenia.ruiz885@gmail.com,Policia
191,19453829,Manuel Hugo,Cabanillas,Mamani,M,918933011,manuel.cabanillas164@gmail.com,Obrero de construccion
192,50569637,Rosa Britany,Diaz,Romero,F,967392951,rosa.diaz71@gmail.com,Empresario(a)
193,54160001,Jorge Jose,Yupanqui,Ruiz,M,983343684,jorge.yupanqui744@gmail.com,Ama de casa
194,20655794,Erick Cristian,Fernandez,Fernandez,M,985122571,erick.fernandez868@gmail.com,Personal de seguridad
195,47026678,Jhon Fernando,Gutierrez,Vargas,M,944286306,jhon.gutierrez511@gmail.com,Ama de casa
196,40417154,Jorge Dylan,Vilca,Nunez,M,998138586,jorge.vilca549@gmail.com,Agricultor
197,54412416,Wilson Wilson,Farfan,Apaza,M,927471878,wilson.farfan702@gmail.com,Contador(a)
198,53743210,Luana Zoe,Leon,Vega,F,969587071,luana.leon181@gmail.com,Ama de casa
199,54056936,Milagros Susan,Cardenas,Aquino,F,945722818,milagros.cardenas889@gmail.com,Enfermero(a)
200,51146945,Miguel Gonzalo,Soto,Quispe,M,958133232,miguel.soto142@gmail.com,Cocinero(a)
201,68855383,Erick Piero,Condori,Bautista,M,984989377,erick.condori953@gmail.com,Enfermero tecnico
202,53529036,Luana Ariana,Alvarez,Cardenas,F,940433612,luana.alvarez538@gmail.com,Tecnico electricista
203,36669685,Antonella Sofia,Alarcon,Romero,F,914117414,antonella.alarcon338@gmail.com,Enfermero tecnico
204,36560292,Gabriela Sofia,Bravo,Ticona,F,916679266,gabriela.bravo610@gmail.com,Administrador(a)
205,63351912,Elena Estefany,Flores,Vargas,F,946104534,elena.flores235@gmail.com,Comerciante
206,70325404,Rodrigo Elmer,Flores,Ochoa,M,990148040,rodrigo.flores521@gmail.com,Administrador(a)
207,11385685,Yesica Camila,Rojas,Ramos,F,949307468,yesica.rojas678@gmail.com,Administrador(a)
208,24977570,Aaron Piero,Guzman,Mendoza,M,960619034,aaron.guzman900@gmail.com,Mecanico
209,31066609,Luz Rafaella,Bravo,Alvarez,F,989868834,luz.bravo791@gmail.com,Vendedor(a)
210,26600647,Elena Melissa,Cruz,Guzman,F,905868415,elena.cruz837@gmail.com,Obrero de construccion
211,13635317,Teresa Antonella,Cornejo,Yupanqui,F,974168324,teresa.cornejo120@gmail.com,Contador(a)
212,34327955,Estefany Danna,Farfan,Reyes,F,942193198,estefany.farfan54@gmail.com,Personal de seguridad
213,18168753,Katherine Xiomara,Lazo,Zavala,F,942284264,katherine.lazo320@gmail.com,Policia
214,11897421,Yesenia Dulce,Ccahuana,Paredes,F,940792717,yesenia.ccahuana336@gmail.com,Independiente
215,15339356,Martin Bryan,Alarcon,Apaza,M,924618076,martin.alarcon403@gmail.com,Policia
216,77532009,Dulce Gabriela,Cruz,Fernandez,F,962363770,dulce.cruz140@gmail.com,Comerciante ambulante
217,14903163,Alessandra Ruth,Huaman,Rivera,F,937613071,alessandra.huaman208@gmail.com,Empresario(a)
218,14409391,Thiago Mateo,Vilca,Rodriguez,M,920043260,thiago.vilca462@gmail.com,Cocinero(a)
219,79831542,Jhoana Diana,Huaraca,Choque,F,954778733,jhoana.huaraca589@gmail.com,Obrero de construccion
220,73183114,Samuel Walter,Villanueva,Choque,M,914415191,samuel.villanueva347@gmail.com,Tecnico electricista
221,66811231,Alexandra Lucia,Rodriguez,Vilca,F,984569264,alexandra.rodriguez647@gmail.com,Enfermero(a)
222,36429680,Ian Aaron,Chavez,Leon,M,982858972,ian.chavez115@gmail.com,Empresario(a)
223,33407564,Ian Gonzalo,Cabanillas,Vargas,M,963022030,ian.cabanillas343@gmail.com,Empleado publico
224,62410137,Dulce Luana,Delgado,Cutipa,F,982266098,dulce.delgado745@gmail.com,Policia
225,16569451,Jorge Ian,Ccahuana,Nunez,M,924941065,jorge.ccahuana496@gmail.com,Enfermero(a)
226,72467178,Renata Gabriela,Ortiz,Machaca,F,927172445,renata.ortiz859@gmail.com,Empleado publico
227,10015931,Ana Rosa,Pacheco,Sanchez,F,999031200,ana.pacheco317@gmail.com,Vendedor(a)
228,39107242,Andres Renzo,Ortiz,Rimac,M,908349898,andres.ortiz348@gmail.com,Cocinero(a)
229,32927087,Renzo Manuel,Ibarra,Ruiz,M,983649106,renzo.ibarra118@gmail.com,Docente
230,33826924,Katherine Milagros,Ramos,Delgado,F,940987582,katherine.ramos366@gmail.com,Enfermero(a)
231,75121316,Bryan Joaquin,Farfan,Cruz,M,936997521,bryan.farfan287@gmail.com,Obrero de construccion
232,21334199,Martin Adrian,Leon,Aguilar,M,950069662,martin.leon413@gmail.com,Cocinero(a)
233,34216399,Cesar Angel,Espinoza,Aquino,M,957299458,cesar.espinoza460@gmail.com,Policia
234,72215367,Kiara Ximena,Zavala,Flores,F,988322161,kiara.zavala325@gmail.com,Comerciante ambulante
235,51801347,Ana Ximena,Herrera,Quispe,F,984506908,ana.herrera105@gmail.com,Enfermero(a)
236,41037223,Emilio Joaquin,Bautista,Espinoza,M,901311276,emilio.bautista592@gmail.com,Enfermero tecnico
237,11207531,Pilar Emily,Bravo,Cornejo,F,978454334,pilar.bravo441@gmail.com,Independiente
238,49382262,Franco Dylan,Espinoza,Aquino,M,900840268,franco.espinoza733@gmail.com,Ama de casa
239,38464401,Walter Gabriel,Cabrera,Apaza,M,906336479,walter.cabrera639@gmail.com,Personal de seguridad
240,56941192,Ian Andres,Ruiz,Garcia,M,937540287,ian.ruiz289@gmail.com,Policia
241,51342509,Alexis Cesar,Huaraca,Aquino,M,908880854,alexis.huaraca432@gmail.com,Contador(a)
242,11858024,Alessandra Ana,Rodriguez,Paredes,F,924269914,alessandra.rodriguez546@gmail.com,Policia
243,60183105,Lucia Carmen,Rodriguez,Rimac,F,978683402,lucia.rodriguez391@gmail.com,Chofer
244,54040214,Mateo Juan,Carrillo,Campos,M,911392527,mateo.carrillo750@gmail.com,Policia
245,50267302,Nayeli Valentina,Chavez,Rodriguez,F,987396084,nayeli.chavez683@gmail.com,Vendedor(a)
246,43681741,Fiorella Kiara,Diaz,Marin,F,981186098,fiorella.diaz681@gmail.com,Administrador(a)
247,23601203,Gabriela Gabriela,Huaraca,Ochoa,F,947856050,gabriela.huaraca110@gmail.com,Policia
248,56790693,Walter Samuel,Cabrera,Aguilar,M,914867353,walter.cabrera455@gmail.com,Obrero de construccion
249,67382972,Hugo Dylan,Chavez,Romero,M,902283501,hugo.chavez828@gmail.com,Cocinero(a)
250,21144998,Mia Kiara,Apaza,Herrera,F,906903673,mia.apaza718@gmail.com,Tecnico electricista
251,19503027,Flor Sofia,Vilca,Huaraca,F,934865004,flor.vilca582@gmail.com,Empleado publico
252,44191734,Fiorella Teresa,Reyes,Villanueva,F,957678618,fiorella.reyes139@gmail.com,Vendedor(a)
253,43479244,Anthony Jorge,Diaz,Salvador,M,949718226,anthony.diaz67@gmail.com,Vendedor(a)
254,22801989,Nicolas Samuel,Guzman,Quispe,M,991914285,nicolas.guzman615@gmail.com,Enfermero tecnico
255,15227487,Juan Nicolas,Ibarra,Chavez,M,960062399,juan.ibarra951@gmail.com,Tecnico electricista
256,57667552,Katherine Britany,Condori,Rojas,F,991913020,katherine.condori867@gmail.com,Independiente
257,19546049,Juan Aaron,Yataco,Leon,M,920661657,juan.yataco447@gmail.com,Mecanico
258,55832281,Teresa Estefany,Ccahuana,Ccahuana,F,905490958,teresa.ccahuana468@gmail.com,Agricultor
259,30453399,Gustavo Jose,Rojas,Ccahuana,M,966413008,gustavo.rojas339@gmail.com,Administrador(a)
260,73754325,Angel Victor,Mamani,Bautista,M,962192829,angel.mamani313@gmail.com,Administrador(a)
261,37091495,Gabriel Juan,Guzman,Ticona,M,924363334,gabriel.guzman339@gmail.com,Enfermero tecnico
262,43064831,Ian Piero,Sanchez,Paredes,M,958941834,ian.sanchez754@gmail.com,Empresario(a)
263,41554477,Hugo Alberto,Gutierrez,Cardenas,M,947725822,hugo.gutierrez808@gmail.com,Ama de casa
264,35857575,Antonella Luz,Quispe,Ortiz,F,947283022,antonella.quispe173@gmail.com,Personal de seguridad
265,78897473,Kevin Aaron,Alarcon,Rivera,M,936716789,kevin.alarcon292@gmail.com,Cocinero(a)
266,17800550,Alexandra Alessandra,Gutierrez,Lazo,F,943738801,alexandra.gutierrez866@gmail.com,Tecnico electricista
267,53198844,Sebastian Jorge,Cornejo,Flores,M,912749035,sebastian.cornejo628@gmail.com,Agricultor
268,67122692,Miguel Erick,Vega,Zavala,M,910630775,miguel.vega995@gmail.com,Comerciante ambulante
269,43193576,Gabriel Jhon,Mamani,Alvarez,M,902791664,gabriel.mamani820@gmail.com,Policia
270,67928813,Xiomara Mia,Vasquez,Medina,F,926420763,xiomara.vasquez253@gmail.com,Obrero de construccion
271,74032148,Elena Valentina,Ruiz,Huaman,F,900765863,elena.ruiz609@gmail.com,Chofer
272,75973892,Alexandra Brenda,Ramos,Salvador,F,950526658,alexandra.ramos532@gmail.com,Chofer
273,56192053,Raul Benjamin,Gonzales,Marin,M,993631060,raul.gonzales923@gmail.com,Chofer
274,53024953,Alessandra Lucia,Garcia,Torres,F,973369441,alessandra.garcia822@gmail.com,Docente
275,31576044,Zoe Alessandra,Mendoza,Gonzales,F,927560492,zoe.mendoza655@gmail.com,Cocinero(a)
276,72260570,Antonella Valentina,Campos,Villanueva,F,929518870,antonella.campos349@gmail.com,Cocinero(a)
277,20560615,Alexander Bryan,Silva,Bravo,M,933054728,alexander.silva962@gmail.com,Tecnico electricista
278,64555748,Miguel Cristian,Rivera,Marin,M,969491331,miguel.rivera923@gmail.com,Chofer
279,52494438,Luz Renata,Diaz,Delgado,F,948171405,luz.diaz755@gmail.com,Policia
280,24211130,Rosa Luz,Campos,Leon,F,938803545,rosa.campos617@gmail.com,Comerciante ambulante
281,42421658,Luis Nicolas,Rivera,Soto,M,927926567,luis.rivera364@gmail.com,Cocinero(a)
282,50473697,Nayeli Nicole,Palacios,Romero,F,961699774,nayeli.palacios403@gmail.com,Mecanico
283,23050880,Yesica Grecia,Chavez,Vargas,F,974463348,yesica.chavez780@gmail.com,Docente
284,12593868,Melissa Karen,Cutipa,Rivera,F,973415603,melissa.cutipa459@gmail.com,Enfermero tecnico
285,55706537,Andres Gabriel,Palacios,Torres,M,901522750,andres.palacios427@gmail.com,Independiente
286,43729224,Ian Alexander,Machaca,Vargas,M,951126029,ian.machaca480@gmail.com,Chofer
287,67228058,Paula Katherine,Ortiz,Lazo,F,959389119,paula.ortiz935@gmail.com,Independiente
288,13864743,Hugo Aaron,Vasquez,Rivera,M,991714089,hugo.vasquez312@gmail.com,Chofer
289,45449665,Julio Samuel,Flores,Medina,M,985246692,julio.flores651@gmail.com,Obrero de construccion
290,48086376,Diana Melissa,Machaca,Castillo,F,920253771,diana.machaca681@gmail.com,Administrador(a)
291,70657812,Zoe Sofia,Soto,Farfan,F,975505372,zoe.soto199@gmail.com,Comerciante ambulante
292,51331107,Elena Alessandra,Aquino,Sanchez,F,968035348,elena.aquino974@gmail.com,Enfermero(a)
293,79160269,Angel Manuel,Pacheco,Alarcon,M,915057167,angel.pacheco645@gmail.com,Cocinero(a)
294,62264732,Yesica Luana,Cutipa,Herrera,F,982092287,yesica.cutipa494@gmail.com,Tecnico electricista
295,44552900,Dylan Dylan,Fernandez,Espinoza,M,959290888,dylan.fernandez241@gmail.com,Vendedor(a)
296,59282236,Samuel Rodrigo,Lazo,Condori,M,913625491,samuel.lazo212@gmail.com,Comerciante ambulante
297,43570998,Isabel Katherine,Ticona,Quispe,F,949216629,isabel.ticona602@gmail.com,Comerciante
298,47846057,Alberto Marco,Marin,Cornejo,M,959470730,alberto.marin965@gmail.com,Contador(a)
299,38352101,Luz Flor,Gonzales,Rodriguez,F,986221756,luz.gonzales772@gmail.com,Enfermero tecnico
300,25801589,Fabricio Adrian,Yataco,Flores,M,958234594,fabricio.yataco355@gmail.com,Policia
301,55501602,Jhoana Katty,Mamani,Ortiz,F,956621192,jhoana.mamani911@gmail.com,Administrador(a)
302,21497396,Elmer Franco,Lazo,Paredes,M,910113712,elmer.lazo980@gmail.com,Comerciante
303,47612405,Britany Dulce,Gutierrez,Huaman,F,960487090,britany.gutierrez207@gmail.com,Empleado publico
304,52045061,Xiomara Danna,Sanchez,Rimac,F,941427898,xiomara.sanchez931@gmail.com,Comerciante
305,51012004,Brenda Maria,Apaza,Cruz,F,913701099,brenda.apaza425@gmail.com,Enfermero(a)
306,31379369,Julia Nicole,Salazar,Romero,F,912550414,julia.salazar460@gmail.com,Empresario(a)
307,65163953,Karen Alessandra,Aguilar,Delgado,F,978031510,karen.aguilar530@gmail.com,Vendedor(a)
308,44240305,Ashley Ashley,Ramos,Fernandez,F,956691577,ashley.ramos853@gmail.com,Enfermero tecnico
309,23653771,Katherine Nayeli,Cabanillas,Carrillo,F,901242036,katherine.cabanillas824@gmail.com,Policia
310,66318518,Grecia Rosa,Ticona,Flores,F,959677019,grecia.ticona501@gmail.com,Mecanico
311,72604610,Xiomara Melissa,Gutierrez,Aquino,F,959409434,xiomara.gutierrez457@gmail.com,Agricultor
312,72387219,Fernando Jose,Ticona,Vega,M,944636394,fernando.ticona648@gmail.com,Chofer
313,33778118,Fabricio Mateo,Machaca,Carrillo,M,941542987,fabricio.machaca921@gmail.com,Ama de casa
314,75815286,Valentina Daniela,Gonzales,Herrera,F,997522610,valentina.gonzales495@gmail.com,Agricultor
315,14048299,Fiorella Alexandra,Machaca,Paredes,F,980856488,fiorella.machaca915@gmail.com,Empresario(a)
316,11752468,Melissa Nicole,Ortiz,Palacios,F,978949769,melissa.ortiz188@gmail.com,Comerciante ambulante
317,46879059,Camila Alexandra,Ramos,Nunez,F,970952503,camila.ramos773@gmail.com,Comerciante ambulante
318,21317376,Erick Ricardo,Cornejo,Machaca,M,970565724,erick.cornejo676@gmail.com,Enfermero tecnico
319,75033596,Wilson Sebastian,Vega,Herrera,M,906944858,wilson.vega994@gmail.com,Ama de casa
320,62470457,Fiorella Isabel,Carrillo,Aguilar,F,930906086,fiorella.carrillo524@gmail.com,Empleado publico
321,13647187,Brenda Pilar,Ramos,Choque,F,984406737,brenda.ramos459@gmail.com,Contador(a)
322,18403171,Marco Sebastian,Ruiz,Cruz,M,917257571,marco.ruiz190@gmail.com,Vendedor(a)
323,56779254,Camila Estefany,Vargas,Vega,F,986844383,camila.vargas99@gmail.com,Personal de seguridad
324,47778365,Benjamin Erick,Vargas,Rimac,M,963769002,benjamin.vargas930@gmail.com,Mecanico
325,69045784,Camila Alessandra,Romero,Gonzales,F,973042033,camila.romero410@gmail.com,Policia
326,10956044,Jhoel Mateo,Rodriguez,Soto,M,952281626,jhoel.rodriguez826@gmail.com,Contador(a)
327,26032632,Pilar Ximena,Vargas,Huaman,F,999998861,pilar.vargas702@gmail.com,Chofer
328,23145736,Martin Joaquin,Fernandez,Mendoza,M,905044813,martin.fernandez196@gmail.com,Enfermero tecnico
329,75755622,Nicolas Hugo,Mamani,Silva,M,914942726,nicolas.mamani227@gmail.com,Vendedor(a)
330,16074444,Emilio Ricardo,Vilca,Ramos,M,918168521,emilio.vilca852@gmail.com,Empleado publico
331,62800195,Oscar Thiago,Salvador,Rojas,M,963067131,oscar.salvador501@gmail.com,Vendedor(a)
332,46163623,Brenda Grecia,Ticona,Palacios,F,905053110,brenda.ticona671@gmail.com,Obrero de construccion
333,49939820,Dylan Edgar,Cardenas,Nunez,M,951079582,dylan.cardenas137@gmail.com,Cocinero(a)
334,55359037,Ana Karen,Lazo,Ruiz,F,920471729,ana.lazo897@gmail.com,Enfermero(a)
335,44987461,Isabel Alexandra,Cabanillas,Huaraca,F,915884241,isabel.cabanillas92@gmail.com,Independiente
336,39462052,Erick Renzo,Yataco,Lazo,M,991556141,erick.yataco466@gmail.com,Obrero de construccion
337,21169661,Aaron Dylan,Ibarra,Paredes,M,982756043,aaron.ibarra249@gmail.com,Vendedor(a)
338,25540197,Brenda Rosa,Ochoa,Guzman,F,967702601,brenda.ochoa681@gmail.com,Cocinero(a)
339,47114996,Emilio Alexis,Ortiz,Espinoza,M,909916467,emilio.ortiz510@gmail.com,Enfermero tecnico
340,14350278,Cesar Ricardo,Yupanqui,Condori,M,954924973,cesar.yupanqui479@gmail.com,Ama de casa
341,19299360,Kevin Ivan,Villanueva,Cardenas,M,961599158,kevin.villanueva526@gmail.com,Agricultor
342,33872811,Bryan Nicolas,Rodriguez,Romero,M,967675334,bryan.rodriguez528@gmail.com,Comerciante
343,70848428,Pedro Renzo,Castillo,Chavez,M,916330158,pedro.castillo523@gmail.com,Docente
344,77185324,Jhon Samuel,Cornejo,Vargas,M,933486524,jhon.cornejo116@gmail.com,Empresario(a)
345,41016129,Diego Ricardo,Herrera,Nunez,M,980227717,diego.herrera353@gmail.com,Vendedor(a)
346,61341868,Katherine Ruth,Garcia,Ortiz,F,939615415,katherine.garcia908@gmail.com,Administrador(a)
347,46073765,Alexis Ian,Gonzales,Farfan,M,956633720,alexis.gonzales299@gmail.com,Policia
348,43049568,Andres Raul,Salazar,Cutipa,M,994607061,andres.salazar236@gmail.com,Agricultor
349,32180983,Fiorella Brenda,Condori,Cardenas,F,912935604,fiorella.condori751@gmail.com,Enfermero(a)
350,48416502,Ashley Luz,Ccahuana,Quispe,F,963737113,ashley.ccahuana423@gmail.com,Comerciante ambulante
351,22844617,Paula Nayeli,Ruiz,Medina,F,993440306,paula.ruiz821@gmail.com,Mecanico
352,78766385,Gonzalo Joaquin,Choque,Rodriguez,M,997849832,gonzalo.choque290@gmail.com,Cocinero(a)
353,76179067,Adrian Wilson,Fernandez,Espinoza,M,978715297,adrian.fernandez656@gmail.com,Docente
354,68986024,Julia Valentina,Farfan,Ibarra,F,991764604,julia.farfan233@gmail.com,Enfermero(a)
355,69528160,Sebastian Aaron,Farfan,Garcia,M,994501898,sebastian.farfan407@gmail.com,Docente
356,55851678,Emilio Edgar,Zavala,Romero,M,992797637,emilio.zavala553@gmail.com,Vendedor(a)
357,74969381,Elena Britany,Quispe,Ticona,F,989073105,elena.quispe208@gmail.com,Mecanico
358,71293519,Rafaella Julia,Ruiz,Romero,F,975387245,rafaella.ruiz288@gmail.com,Enfermero tecnico
359,10545569,Fernando Samuel,Marin,Ruiz,M,934482898,fernando.marin864@gmail.com,Comerciante
360,45510523,Katherine Yesenia,Medina,Ibarra,F,986523839,katherine.medina55@gmail.com,Agricultor
361,31318767,Gonzalo Walter,Villanueva,Apaza,M,901650912,gonzalo.villanueva181@gmail.com,Chofer
362,38080785,Renzo Renzo,Aguilar,Guzman,M,928197869,renzo.aguilar111@gmail.com,Vendedor(a)
363,76724034,Edgar Marco,Paucar,Lazo,M,928498798,edgar.paucar473@gmail.com,Empresario(a)
364,78825101,Rafaella Kiara,Huaraca,Paucar,F,922948428,rafaella.huaraca18@gmail.com,Agricultor
365,65107337,Mia Nicole,Rivera,Romero,F,961480546,mia.rivera892@gmail.com,Ama de casa
366,53109472,Marco Cristian,Choque,Salazar,M,973679321,marco.choque561@gmail.com,Obrero de construccion
367,40017059,Yamil Gabriel,Ccahuana,Huaman,M,937879084,yamil.ccahuana653@gmail.com,Enfermero(a)
368,39870824,Emily Lucia,Yupanqui,Ruiz,F,949526200,emily.yupanqui188@gmail.com,Comerciante ambulante
369,52837003,Ashley Britany,Rojas,Machaca,F,945116352,ashley.rojas535@gmail.com,Comerciante ambulante
370,14709115,Ximena Teresa,Rodriguez,Chavez,F,937834139,ximena.rodriguez919@gmail.com,Vendedor(a)
371,29928407,Kevin Fernando,Torres,Vilca,M,959908965,kevin.torres897@gmail.com,Chofer
372,36510088,Luana Paula,Rodriguez,Ochoa,F,993859762,luana.rodriguez245@gmail.com,Docente
373,33915847,Adrian Martin,Yataco,Bravo,M,940345685,adrian.yataco101@gmail.com,Comerciante
374,67403271,Ian Martin,Cutipa,Paredes,M,938516057,ian.cutipa560@gmail.com,Independiente
375,57791257,Fabricio Adrian,Palacios,Huaman,M,940364700,fabricio.palacios511@gmail.com,Obrero de construccion
376,57718784,Leonardo Oscar,Silva,Pacheco,M,948311505,leonardo.silva6@gmail.com,Comerciante
377,23196651,Emily Susan,Choque,Pacheco,F,973917731,emily.choque688@gmail.com,Policia
378,40163884,Antonella Grecia,Sanchez,Garcia,F,962104197,antonella.sanchez354@gmail.com,Comerciante
379,41427761,Danna Nicole,Chavez,Chavez,F,925385033,danna.chavez892@gmail.com,Obrero de construccion
380,20791753,Katherine Diana,Garcia,Flores,F,979692196,katherine.garcia702@gmail.com,Docente
381,59336358,Ruth Renata,Villanueva,Ibarra,F,941473752,ruth.villanueva42@gmail.com,Enfermero(a)
382,75362080,Alessandra Emily,Farfan,Condori,F,940059341,alessandra.farfan882@gmail.com,Comerciante ambulante
383,18251421,Vanessa Antonella,Carrillo,Pacheco,F,910051859,vanessa.carrillo143@gmail.com,Empleado publico
384,11075390,Raul Alberto,Vilca,Cardenas,M,959043052,raul.vilca206@gmail.com,Mecanico
385,29204234,Elmer Walter,Ramos,Salazar,M,907418354,elmer.ramos280@gmail.com,Policia
386,57388214,Nicole Danna,Quispe,Campos,F,978777450,nicole.quispe43@gmail.com,Tecnico electricista
387,17077394,Milagros Emily,Huaman,Cabanillas,F,940871546,milagros.huaman488@gmail.com,Ama de casa
388,36945541,Alexandra Yesenia,Fernandez,Huaraca,F,919824262,alexandra.fernandez624@gmail.com,Enfermero(a)
389,11055462,Victor Alexis,Farfan,Sanchez,M,990233687,victor.farfan264@gmail.com,Agricultor
390,29300841,Kiara Pilar,Ramos,Cardenas,F,957829172,kiara.ramos150@gmail.com,Ama de casa
391,68096063,Susan Lucia,Cornejo,Palacios,F,918648896,susan.cornejo626@gmail.com,Enfermero tecnico
392,22509197,Juan Fabricio,Marin,Aquino,M,970449485,juan.marin493@gmail.com,Ama de casa
393,43176510,Carmen Valentina,Espinoza,Paucar,F,996974136,carmen.espinoza179@gmail.com,Enfermero(a)
394,20158097,Jhoel Adrian,Ortiz,Huaraca,M,937886510,jhoel.ortiz828@gmail.com,Personal de seguridad
395,64082474,Anthony Jhoel,Aguilar,Silva,M,985926997,anthony.aguilar134@gmail.com,Comerciante ambulante
396,51447606,Rafaella Antonella,Cornejo,Lazo,F,954711607,rafaella.cornejo588@gmail.com,Personal de seguridad
397,32246782,Victor Adrian,Ochoa,Medina,M,970589426,victor.ochoa773@gmail.com,Administrador(a)
398,20878947,Yesica Teresa,Silva,Bautista,F,995892930,yesica.silva776@gmail.com,Mecanico
399,10043341,Ariana Kiara,Fernandez,Herrera,F,900795140,ariana.fernandez883@gmail.com,Administrador(a)
400,55624620,Camila Antonella,Alarcon,Pacheco,F,969747036,camila.alarcon72@gmail.com,Policia
401,11378185,Ana Ximena,Rodriguez,Machaca,F,942809002,ana.rodriguez634@gmail.com,Administrador(a)
402,66380202,Emilio Yamil,Apaza,Huaraca,M,954823848,emilio.apaza180@gmail.com,Mecanico
403,51259587,Julia Katty,Campos,Guzman,F,976238178,julia.campos944@gmail.com,Cocinero(a)
404,34738844,Ximena Luana,Ramos,Quispe,F,995221330,ximena.ramos355@gmail.com,Mecanico
405,52600831,Rafaella Yesenia,Alvarez,Diaz,F,923411221,rafaella.alvarez541@gmail.com,Personal de seguridad
406,66888327,Marco Alexander,Vasquez,Cruz,M,950485339,marco.vasquez145@gmail.com,Tecnico electricista
407,32974118,Brenda Yesenia,Yupanqui,Paredes,F,915816192,brenda.yupanqui491@gmail.com,Policia
408,40301531,Elmer Angel,Fernandez,Condori,M,965397214,elmer.fernandez393@gmail.com,Docente
409,63493139,Isabel Daniela,Ruiz,Rivera,F,928422003,isabel.ruiz469@gmail.com,Empresario(a)
410,45287847,Edgar Adrian,Fernandez,Sanchez,M,905927434,edgar.fernandez83@gmail.com,Empresario(a)
411,57509216,Emilio Kevin,Salazar,Salvador,M,902502381,emilio.salazar657@gmail.com,Chofer
412,46080048,Gabriel Cesar,Rojas,Villanueva,M,912058157,gabriel.rojas853@gmail.com,Tecnico electricista
413,24304773,Anthony Joaquin,Ticona,Carrillo,M,965980219,anthony.ticona509@gmail.com,Empleado publico
414,21920206,Fernando Gustavo,Farfan,Bautista,M,969519254,fernando.farfan687@gmail.com,Policia
415,22017308,Renata Antonella,Ortiz,Espinoza,F,929784475,renata.ortiz561@gmail.com,Tecnico electricista
416,70301531,Samuel Ian,Huaraca,Mendoza,M,918814615,samuel.huaraca226@gmail.com,Vendedor(a)
417,24627729,Sofia Ariana,Condori,Torres,F,975413223,sofia.condori956@gmail.com,Comerciante
418,22769717,Alexis Gonzalo,Palacios,Alvarez,M,995200100,alexis.palacios79@gmail.com,Independiente
419,46844627,Susan Yesenia,Huaraca,Vasquez,F,922750085,susan.huaraca683@gmail.com,Comerciante
420,78516483,Sofia Nayeli,Carrillo,Diaz,F,992076586,sofia.carrillo860@gmail.com,Policia
421,20109607,Raul Walter,Vasquez,Alvarez,M,990426596,raul.vasquez633@gmail.com,Docente
422,26217546,Nicole Mia,Rimac,Ramos,F,920528722,nicole.rimac270@gmail.com,Policia
423,21614605,Britany Yesica,Romero,Ticona,F,989890850,britany.romero469@gmail.com,Enfermero tecnico
424,52711778,Carmen Diana,Condori,Torres,F,935052955,carmen.condori928@gmail.com,Cocinero(a)
425,33422772,Carmen Yolanda,Cabanillas,Gonzales,F,925214020,carmen.cabanillas791@gmail.com,Empleado publico
426,52217997,Rosa Valentina,Leon,Lazo,F,931930177,rosa.leon447@gmail.com,Vendedor(a)
427,58891207,Angel Joaquin,Bautista,Chavez,M,985942752,angel.bautista56@gmail.com,Contador(a)
428,38806223,Juan Erick,Campos,Paucar,M,931424665,juan.campos91@gmail.com,Cocinero(a)
429,18083285,Lucia Vanessa,Condori,Bravo,F,944863804,lucia.condori985@gmail.com,Obrero de construccion
430,53333606,Pilar Lucia,Gutierrez,Huaman,F,914605550,pilar.gutierrez989@gmail.com,Ama de casa
431,41990106,Fernando Victor,Flores,Vasquez,M,961654154,fernando.flores930@gmail.com,Enfermero tecnico
432,68852371,Fiorella Daniela,Reyes,Bravo,F,957600282,fiorella.reyes193@gmail.com,Administrador(a)
433,78767167,Ivan Ivan,Rojas,Salvador,M,969408459,ivan.rojas586@gmail.com,Cocinero(a)
434,79490719,Alexis Miguel,Aquino,Yataco,M,979059050,alexis.aquino436@gmail.com,Enfermero tecnico
435,72269157,Thiago Piero,Leon,Alarcon,M,929445471,thiago.leon97@gmail.com,Agricultor
436,70872451,Julia Isabel,Ramos,Huaraca,F,985085852,julia.ramos692@gmail.com,Administrador(a)
437,19059609,Grecia Diana,Vilca,Yupanqui,F,945067852,grecia.vilca581@gmail.com,Empresario(a)
438,77780123,Manuel Victor,Alarcon,Cabanillas,M,948169526,manuel.alarcon540@gmail.com,Obrero de construccion
439,76507051,Diana Karen,Zavala,Cabrera,F,997067525,diana.zavala767@gmail.com,Administrador(a)
440,42118861,Mateo Leonardo,Flores,Mendoza,M,995236207,mateo.flores736@gmail.com,Enfermero(a)
441,30578443,Bryan Fernando,Gutierrez,Gonzales,M,978769122,bryan.gutierrez881@gmail.com,Empleado publico
442,71759185,Yesica Susan,Flores,Vargas,F,908895071,yesica.flores28@gmail.com,Administrador(a)
443,31723807,Pedro Dylan,Garcia,Espinoza,M,939093587,pedro.garcia738@gmail.com,Mecanico
444,20323209,Aaron Renzo,Rodriguez,Zavala,M,919069226,aaron.rodriguez997@gmail.com,Tecnico electricista
445,43516876,Maria Rafaella,Ccahuana,Delgado,F,950617827,maria.ccahuana566@gmail.com,Docente
446,17051654,Emily Pilar,Cabrera,Mendoza,F,994699846,emily.cabrera932@gmail.com,Comerciante ambulante
447,73485315,Valentina Ruth,Palacios,Paredes,F,989814360,valentina.palacios796@gmail.com,Empresario(a)
448,67987775,Gonzalo Benjamin,Cruz,Yataco,M,992704894,gonzalo.cruz404@gmail.com,Ama de casa
449,25356088,Julia Karen,Cabanillas,Villanueva,F,987452131,julia.cabanillas305@gmail.com,Policia
450,55362355,Emilio Jose,Cruz,Cruz,M,908270936,emilio.cruz414@gmail.com,Empresario(a)
451,16146177,Benjamin Benjamin,Ibarra,Palacios,M,990200252,benjamin.ibarra278@gmail.com,Enfermero tecnico
452,56329790,Mia Alessandra,Campos,Sanchez,F,968646041,mia.campos980@gmail.com,Comerciante ambulante
453,40350310,Renata Ashley,Chavez,Choque,F,904379930,renata.chavez239@gmail.com,Comerciante ambulante
454,75655144,Emily Isabel,Machaca,Salazar,F,940350817,emily.machaca752@gmail.com,Independiente
455,30048974,Ricardo Kevin,Ccahuana,Vega,M,957590061,ricardo.ccahuana293@gmail.com,Comerciante
456,26953992,Alessandra Lucia,Nunez,Cardenas,F,943477878,alessandra.nunez42@gmail.com,Vendedor(a)
457,21194285,Nicolas Emilio,Carrillo,Yupanqui,M,937920318,nicolas.carrillo675@gmail.com,Cocinero(a)
458,22249485,Abigail Ana,Rimac,Alarcon,F,901171582,abigail.rimac406@gmail.com,Enfermero(a)
459,73405902,Andres Ian,Guzman,Guzman,M,915624728,andres.guzman460@gmail.com,Policia
460,17378226,Lucia Elena,Huaman,Yupanqui,F,916469359,lucia.huaman859@gmail.com,Comerciante ambulante
461,30653540,Danna Luz,Ramos,Huaraca,F,979292781,danna.ramos475@gmail.com,Contador(a)
462,40931869,Franco Jose,Palacios,Flores,M,927593699,franco.palacios781@gmail.com,Empleado publico
463,28787655,Benjamin Mateo,Condori,Villanueva,M,988141323,benjamin.condori805@gmail.com,Personal de seguridad
464,70013635,Fernando Joaquin,Castillo,Flores,M,970417444,fernando.castillo829@gmail.com,Administrador(a)
465,47804070,Patricia Ana,Leon,Ortiz,F,910785509,patricia.leon715@gmail.com,Administrador(a)
466,41648794,Jhoel Oscar,Yataco,Espinoza,M,958303359,jhoel.yataco100@gmail.com,Agricultor
467,78988060,Elmer Jorge,Nunez,Medina,M,954953847,elmer.nunez58@gmail.com,Independiente
468,29880115,Abigail Renata,Alarcon,Choque,F,915041284,abigail.alarcon97@gmail.com,Cocinero(a)
469,67633971,Jhoana Isabel,Gutierrez,Soto,F,924073664,jhoana.gutierrez694@gmail.com,Administrador(a)
470,29273530,Raul Hugo,Palacios,Ruiz,M,997659798,raul.palacios281@gmail.com,Agricultor
471,34567195,Nicolas Alberto,Bautista,Machaca,M,957268529,nicolas.bautista997@gmail.com,Mecanico
472,23004008,Luz Gabriela,Vilca,Zavala,F,942123030,luz.vilca422@gmail.com,Empleado publico
473,63897469,Martin Walter,Aquino,Zavala,M,907189933,martin.aquino886@gmail.com,Empleado publico
474,16328602,Bryan Joaquin,Delgado,Farfan,M,936156211,bryan.delgado629@gmail.com,Contador(a)
475,69287708,Pilar Teresa,Flores,Guzman,F,949867892,pilar.flores203@gmail.com,Chofer
476,10107370,Adrian Pedro,Rivera,Herrera,M,988252224,adrian.rivera532@gmail.com,Empresario(a)
477,77530764,Yolanda Maria,Garcia,Ibarra,F,908085992,yolanda.garcia388@gmail.com,Agricultor
478,69936726,Lucia Grecia,Huaman,Carrillo,F,911989685,lucia.huaman355@gmail.com,Obrero de construccion
479,24883818,Angel Cristian,Rodriguez,Rojas,M,987070095,angel.rodriguez724@gmail.com,Agricultor
480,68332686,Carmen Patricia,Apaza,Apaza,F,903041589,carmen.apaza631@gmail.com,Enfermero tecnico
481,77096703,Jhoana Ariana,Villanueva,Diaz,F,953569282,jhoana.villanueva12@gmail.com,Personal de seguridad
482,65476850,Katherine Valentina,Ramos,Chavez,F,913190920,katherine.ramos428@gmail.com,Chofer
483,72174008,Oscar Oscar,Romero,Soto,M,999558188,oscar.romero491@gmail.com,Enfermero tecnico
484,38549981,Brenda Ana,Choque,Farfan,F,937611014,brenda.choque942@gmail.com,Mecanico
485,78035185,Thiago Andres,Diaz,Ortiz,M,981233244,thiago.diaz295@gmail.com,Docente
486,23104641,Alessandra Susan,Villanueva,Bautista,F,931206570,alessandra.villanueva705@gmail.com,Mecanico
487,21142872,Elena Rosa,Diaz,Ccahuana,F,913079041,elena.diaz193@gmail.com,Obrero de construccion
488,13706099,Fiorella Flor,Rojas,Salvador,F,987184153,fiorella.rojas967@gmail.com,Enfermero tecnico
489,65973927,Jhon Ivan,Vilca,Yataco,M,976318253,jhon.vilca337@gmail.com,Tecnico electricista
490,65376152,Benjamin Jhon,Bravo,Romero,M,915895218,benjamin.bravo473@gmail.com,Chofer
491,35241527,Yamil Hugo,Bravo,Mamani,M,921089437,yamil.bravo830@gmail.com,Personal de seguridad
492,14618894,Susan Katherine,Vasquez,Rivera,F,923647527,susan.vasquez257@gmail.com,Empleado publico
493,36756575,Mia Patricia,Delgado,Villanueva,F,964596190,mia.delgado172@gmail.com,Contador(a)
494,63392088,Jhon Anthony,Medina,Ibarra,M,959431956,jhon.medina144@gmail.com,Personal de seguridad
495,10801757,Patricia Alessandra,Aquino,Vilca,F,942712457,patricia.aquino421@gmail.com,Mecanico
496,24111083,Nicolas Martin,Ochoa,Condori,M,978199796,nicolas.ochoa555@gmail.com,Agricultor
497,49041255,Wilson Luis,Aquino,Garcia,M,979820933,wilson.aquino239@gmail.com,Independiente
498,33781107,Dylan Miguel,Delgado,Choque,M,986821338,dylan.delgado77@gmail.com,Empresario(a)
499,10333571,Daniela Karen,Yupanqui,Aguilar,F,917314678,daniela.yupanqui819@gmail.com,Empresario(a)
500,25651738,Luana Nicole,Cardenas,Aguilar,F,967415944,luana.cardenas1@gmail.com,Vendedor(a)
501,46811850,Teresa Karen,Campos,Espinoza,F,910448556,teresa.campos241@gmail.com,Administrador(a)
502,72611747,Erick Sebastian,Sanchez,Quispe,M,980255171,erick.sanchez878@gmail.com,Docente
503,60637822,Raul Luis,Herrera,Condori,M,902948143,raul.herrera245@gmail.com,Chofer
504,62700915,Piero Ivan,Machaca,Zavala,M,973652345,piero.machaca179@gmail.com,Docente
505,22782961,Britany Ximena,Alarcon,Silva,F,947153225,britany.alarcon88@gmail.com,Empresario(a)
506,12408201,Juan Pedro,Yupanqui,Ibarra,M,970219192,juan.yupanqui672@gmail.com,Ama de casa
507,26897116,Adrian Fabricio,Chavez,Rodriguez,M,943550054,adrian.chavez908@gmail.com,Contador(a)
508,24874061,Valentina Alexandra,Marin,Yataco,F,984447843,valentina.marin691@gmail.com,Mecanico
509,10362824,Rafaella Zoe,Bravo,Bautista,F,938342664,rafaella.bravo468@gmail.com,Chofer
510,65672810,Paula Flor,Mamani,Garcia,F,951487998,paula.mamani359@gmail.com,Enfermero(a)
511,77872510,Edgar Leonardo,Cabanillas,Apaza,M,924373169,edgar.cabanillas138@gmail.com,Docente
512,13218592,Alexandra Emily,Cornejo,Farfan,F,941298891,alexandra.cornejo943@gmail.com,Personal de seguridad
513,67810073,Alberto Hugo,Apaza,Reyes,M,996046739,alberto.apaza687@gmail.com,Tecnico electricista
514,54136117,Pilar Ruth,Fernandez,Yupanqui,F,966835182,pilar.fernandez917@gmail.com,Tecnico electricista
515,70546263,Vanessa Alexandra,Chavez,Carrillo,F,936807474,vanessa.chavez272@gmail.com,Enfermero tecnico
516,60918511,Joaquin Yamil,Bautista,Ibarra,M,964554388,joaquin.bautista28@gmail.com,Enfermero tecnico
517,65211154,Isabel Elena,Rimac,Yataco,F,914471267,isabel.rimac949@gmail.com,Policia
518,45497509,Adrian Dylan,Cornejo,Bravo,M,999713004,adrian.cornejo650@gmail.com,Contador(a)
519,64647084,Benjamin Ivan,Reyes,Alarcon,M,954475071,benjamin.reyes499@gmail.com,Contador(a)
520,28952765,Luana Ariana,Gutierrez,Lazo,F,945433708,luana.gutierrez497@gmail.com,Tecnico electricista
521,55543062,Pilar Xiomara,Medina,Cabrera,F,986284452,pilar.medina269@gmail.com,Tecnico electricista
522,25595175,Erick Renzo,Cornejo,Soto,M,974491041,erick.cornejo763@gmail.com,Independiente
523,30389300,Alexis Erick,Farfan,Garcia,M,916782841,alexis.farfan962@gmail.com,Policia
524,14025712,Fernando Rodrigo,Yupanqui,Rivera,M,909116388,fernando.yupanqui209@gmail.com,Agricultor
525,25094833,Jhoel Manuel,Diaz,Yupanqui,M,964615845,jhoel.diaz923@gmail.com,Mecanico
526,44270157,Daniela Melissa,Salazar,Delgado,F,907197786,daniela.salazar912@gmail.com,Mecanico
527,63457275,Edgar Edgar,Palacios,Gutierrez,M,966154271,edgar.palacios793@gmail.com,Docente
528,18141654,Gustavo Juan,Romero,Ccahuana,M,951925569,gustavo.romero815@gmail.com,Comerciante ambulante
529,19631430,Kiara Fiorella,Condori,Lazo,F,986664912,kiara.condori655@gmail.com,Cocinero(a)
530,49908668,Mia Alexandra,Reyes,Fernandez,F,934829166,mia.reyes497@gmail.com,Enfermero(a)
531,15865414,Elmer Gabriel,Vargas,Alvarez,M,919097271,elmer.vargas961@gmail.com,Enfermero(a)
532,51272649,Lucia Isabel,Villanueva,Ortiz,F,940239195,lucia.villanueva211@gmail.com,Empleado publico
533,44594595,Walter Nicolas,Vilca,Aquino,M,976195260,walter.vilca407@gmail.com,Enfermero(a)
534,41518286,Renata Nayeli,Gutierrez,Ibarra,F,984823530,renata.gutierrez720@gmail.com,Tecnico electricista
535,26224671,Gabriel Ivan,Espinoza,Gonzales,M,927667196,gabriel.espinoza280@gmail.com,Obrero de construccion
536,60780190,Dylan Jorge,Diaz,Rimac,M,930399106,dylan.diaz569@gmail.com,Enfermero(a)
537,48898023,Estefany Mia,Fernandez,Ochoa,F,965047340,estefany.fernandez31@gmail.com,Personal de seguridad
538,54494830,Kevin Diego,Vargas,Rodriguez,M,939500937,kevin.vargas904@gmail.com,Enfermero tecnico
539,23458557,Julio Gabriel,Rimac,Fernandez,M,974921913,julio.rimac898@gmail.com,Enfermero tecnico
540,20445523,Gabriel Fernando,Leon,Aquino,M,915013569,gabriel.leon81@gmail.com,Enfermero tecnico
541,62537052,Wilson Ricardo,Aguilar,Apaza,M,950178533,wilson.aguilar505@gmail.com,Empresario(a)
542,57727049,Jose Sebastian,Aguilar,Mamani,M,958683595,jose.aguilar912@gmail.com,Empleado publico
543,31871943,Rodrigo Kevin,Paredes,Paredes,M,990056699,rodrigo.paredes557@gmail.com,Independiente
544,26460308,Katherine Nicole,Ccahuana,Ruiz,F,996558445,katherine.ccahuana576@gmail.com,Comerciante
545,22325553,Pedro Aaron,Mendoza,Cutipa,M,914473279,pedro.mendoza321@gmail.com,Chofer
546,52359184,Luana Susan,Choque,Soto,F,943129913,luana.choque623@gmail.com,Independiente
547,58374748,Victor Mateo,Medina,Alvarez,M,953968291,victor.medina636@gmail.com,Mecanico
548,30683780,Yesenia Isabel,Villanueva,Ortiz,F,984038169,yesenia.villanueva693@gmail.com,Cocinero(a)
549,29136244,Alexander Julio,Mamani,Ramos,M,978057761,alexander.mamani436@gmail.com,Administrador(a)
550,52697340,Adrian Adrian,Palacios,Chavez,M,953181063,adrian.palacios607@gmail.com,Independiente
551,41502512,Diana Vanessa,Rivera,Flores,F,951718157,diana.rivera214@gmail.com,Enfermero(a)
552,72599044,Alexis Franco,Mendoza,Sanchez,M,944190984,alexis.mendoza983@gmail.com,Contador(a)
553,10202231,Jhon Diego,Condori,Apaza,M,960461623,jhon.condori581@gmail.com,Vendedor(a)
554,37882841,Ana Susan,Ibarra,Gutierrez,F,939377016,ana.ibarra480@gmail.com,Contador(a)
555,51297000,Jorge Dylan,Bravo,Choque,M,904171140,jorge.bravo985@gmail.com,Enfermero(a)
556,50775097,Miguel Dylan,Rojas,Zavala,M,971357651,miguel.rojas787@gmail.com,Empleado publico
557,51888707,Rodrigo Juan,Quispe,Campos,M,960943905,rodrigo.quispe750@gmail.com,Empresario(a)
558,67251636,Erick Juan,Salvador,Villanueva,M,919504731,erick.salvador870@gmail.com,Administrador(a)
559,17886668,Andres Leonardo,Aguilar,Cornejo,M,907138460,andres.aguilar972@gmail.com,Enfermero tecnico
560,69127562,Renata Maria,Sanchez,Lazo,F,964091349,renata.sanchez824@gmail.com,Policia
561,20375521,Sebastian Martin,Yataco,Rivera,M,911051733,sebastian.yataco326@gmail.com,Empleado publico
562,57030603,Rodrigo Jhoel,Gutierrez,Paredes,M,918239170,rodrigo.gutierrez981@gmail.com,Empleado publico
563,77045961,Thiago Diego,Machaca,Mamani,M,943627169,thiago.machaca518@gmail.com,Ama de casa
564,52077937,Victor Renzo,Vasquez,Chavez,M,969313528,victor.vasquez264@gmail.com,Comerciante
565,31679192,Hugo Jhon,Herrera,Lazo,M,901491808,hugo.herrera147@gmail.com,Agricultor
566,74686706,Dylan Cesar,Mamani,Soto,M,909015858,dylan.mamani801@gmail.com,Obrero de construccion
567,11937637,Alexander Walter,Torres,Bautista,M,991426853,alexander.torres990@gmail.com,Empleado publico
568,59107478,Gustavo Jose,Nunez,Marin,M,906374253,gustavo.nunez950@gmail.com,Cocinero(a)
569,56787724,Marco Alexander,Yupanqui,Ruiz,M,936242613,marco.yupanqui321@gmail.com,Agricultor
570,37573330,Lucia Dulce,Rojas,Ruiz,F,953271835,lucia.rojas392@gmail.com,Docente
571,73918769,Milagros Isabel,Ortiz,Farfan,F,919624034,milagros.ortiz569@gmail.com,Obrero de construccion
572,70359763,Gonzalo Angel,Lazo,Herrera,M,978033314,gonzalo.lazo876@gmail.com,Agricultor
573,11721861,Franco Manuel,Ccahuana,Marin,M,930422393,franco.ccahuana234@gmail.com,Enfermero(a)
574,41463432,Nicole Jhoana,Vasquez,Paucar,F,915816337,nicole.vasquez94@gmail.com,Contador(a)
575,72732873,Oscar Emilio,Cornejo,Salvador,M,952502277,oscar.cornejo961@gmail.com,Empleado publico
576,18246373,Gabriel Joaquin,Fernandez,Condori,M,965008627,gabriel.fernandez99@gmail.com,Chofer
577,42663854,Erick Leonardo,Vilca,Machaca,M,968352498,erick.vilca163@gmail.com,Enfermero(a)
578,44588124,Erick Alexis,Ibarra,Cutipa,M,948541363,erick.ibarra52@gmail.com,Empresario(a)
579,48162412,Raul Fernando,Delgado,Gonzales,M,946852602,raul.delgado817@gmail.com,Policia
580,31128314,Sofia Estefany,Castillo,Ccahuana,F,900065370,sofia.castillo178@gmail.com,Empresario(a)
581,39271681,Milagros Mia,Reyes,Ibarra,F,978167546,milagros.reyes896@gmail.com,Docente
582,45895201,Jhoel Ricardo,Zavala,Cabrera,M,938602653,jhoel.zavala402@gmail.com,Comerciante ambulante
583,74598128,Maria Luana,Aguilar,Fernandez,F,996928090,maria.aguilar933@gmail.com,Policia
584,45612351,Isabel Luz,Cardenas,Carrillo,F,965391732,isabel.cardenas358@gmail.com,Vendedor(a)
585,45501688,Carmen Melissa,Zavala,Campos,F,909219380,carmen.zavala371@gmail.com,Policia
586,30731877,Isabel Ximena,Espinoza,Huaman,F,948434540,isabel.espinoza216@gmail.com,Docente
587,62669192,Yesica Pilar,Romero,Campos,F,908474813,yesica.romero34@gmail.com,Enfermero tecnico
588,12202755,Patricia Yesenia,Ramos,Vega,F,934183674,patricia.ramos271@gmail.com,Chofer
589,44815353,Dulce Milagros,Huaman,Ochoa,F,901946889,dulce.huaman328@gmail.com,Empresario(a)
590,77063843,Dulce Maria,Bautista,Cutipa,F,960634076,dulce.bautista449@gmail.com,Empleado publico
591,76281980,Kiara Yesenia,Aguilar,Salvador,F,983564592,kiara.aguilar804@gmail.com,Obrero de construccion
592,43572897,Anthony Gonzalo,Diaz,Medina,M,991218207,anthony.diaz291@gmail.com,Comerciante ambulante
593,62886583,Gabriela Xiomara,Machaca,Cutipa,F,946218718,gabriela.machaca807@gmail.com,Obrero de construccion
594,49560973,Renzo Erick,Carrillo,Leon,M,956825022,renzo.carrillo390@gmail.com,Ama de casa
595,56840312,Ivan Ricardo,Vasquez,Vasquez,M,939312426,ivan.vasquez165@gmail.com,Personal de seguridad
596,75184316,Estefany Luz,Alarcon,Leon,F,913416810,estefany.alarcon179@gmail.com,Agricultor
597,11716116,Carlos Raul,Lazo,Silva,M,941112812,carlos.lazo100@gmail.com,Enfermero(a)
598,38054293,Alessandra Luana,Romero,Cabanillas,F,903970412,alessandra.romero745@gmail.com,Empresario(a)
599,26095547,Ashley Danna,Rimac,Sanchez,F,978036352,ashley.rimac853@gmail.com,Personal de seguridad
600,11822266,Emily Milagros,Alarcon,Aquino,F,958551662,emily.alarcon549@gmail.com,Vendedor(a)
601,29031625,Elena Karen,Pacheco,Cruz,F,971636690,elena.pacheco395@gmail.com,Contador(a)
602,26976761,Susan Zoe,Delgado,Apaza,F,926208877,susan.delgado11@gmail.com,Mecanico
603,41233858,Gabriel Bryan,Yupanqui,Yupanqui,M,980709146,gabriel.yupanqui372@gmail.com,Administrador(a)
604,18553980,Maria Grecia,Rimac,Huaraca,F,918055946,maria.rimac280@gmail.com,Enfermero tecnico
605,55267956,Raul Manuel,Ramos,Fernandez,M,918079254,raul.ramos699@gmail.com,Tecnico electricista
606,41968435,Alexis Renzo,Alvarez,Espinoza,M,905998375,alexis.alvarez379@gmail.com,Enfermero(a)
607,47654438,Adrian Fabricio,Rojas,Torres,M,985995157,adrian.rojas953@gmail.com,Chofer
608,33942552,Emilio Mateo,Lazo,Vilca,M,964446155,emilio.lazo536@gmail.com,Obrero de construccion
609,52809644,Sofia Alexandra,Cruz,Vilca,F,900631392,sofia.cruz656@gmail.com,Tecnico electricista
610,40766839,Luis Ricardo,Ortiz,Villanueva,M,941464263,luis.ortiz641@gmail.com,Agricultor
611,29441471,Zoe Elena,Fernandez,Paucar,F,921279204,zoe.fernandez980@gmail.com,Ama de casa
612,73930442,Dylan Gonzalo,Vasquez,Zavala,M,922078646,dylan.vasquez19@gmail.com,Empleado publico
613,54309833,Dulce Abigail,Medina,Leon,F,939505770,dulce.medina566@gmail.com,Empresario(a)
614,18483965,Patricia Teresa,Ochoa,Torres,F,930611408,patricia.ochoa16@gmail.com,Administrador(a)
615,44042809,Julio Walter,Cruz,Ramos,M,909184310,julio.cruz472@gmail.com,Chofer
616,44799503,Valentina Rosa,Gutierrez,Marin,F,937605324,valentina.gutierrez999@gmail.com,Enfermero(a)
617,60462211,Zoe Ashley,Yupanqui,Nunez,F,994010884,zoe.yupanqui236@gmail.com,Ama de casa
618,76159690,Yolanda Ximena,Mendoza,Vilca,F,945726749,yolanda.mendoza141@gmail.com,Docente
619,27185804,Gabriela Mia,Condori,Campos,F,926371554,gabriela.condori973@gmail.com,Docente
620,75484394,Diego Diego,Aquino,Cabanillas,M,966850626,diego.aquino501@gmail.com,Policia
621,60771297,Erick Cristian,Ortiz,Salazar,M,937870719,erick.ortiz898@gmail.com,Mecanico
622,13895125,Cesar Rodrigo,Vargas,Espinoza,M,969470209,cesar.vargas17@gmail.com,Enfermero(a)
623,43017842,Xiomara Ana,Herrera,Farfan,F,984845255,xiomara.herrera671@gmail.com,Vendedor(a)
624,66329491,Grecia Renata,Espinoza,Cabanillas,F,995231821,grecia.espinoza153@gmail.com,Mecanico
625,10671215,Antonella Jhoana,Gonzales,Marin,F,913692952,antonella.gonzales903@gmail.com,Enfermero tecnico
626,20501343,Hugo Carlos,Lazo,Villanueva,M,910473497,hugo.lazo518@gmail.com,Tecnico electricista
627,65896205,Susan Fiorella,Castillo,Aquino,F,931840973,susan.castillo220@gmail.com,Empleado publico
628,53330819,Katherine Abigail,Bautista,Gonzales,F,990321116,katherine.bautista945@gmail.com,Chofer
629,69580969,Jhoana Paula,Ortiz,Fernandez,F,945976545,jhoana.ortiz478@gmail.com,Chofer
630,44014921,Angel Kevin,Gutierrez,Reyes,M,929504031,angel.gutierrez168@gmail.com,Vendedor(a)
631,13068202,Teresa Yesenia,Campos,Reyes,F,924474715,teresa.campos962@gmail.com,Chofer
632,64386760,Patricia Katherine,Bravo,Cornejo,F,992717198,patricia.bravo506@gmail.com,Contador(a)
633,65833379,Raul Walter,Cutipa,Huaman,M,923539187,raul.cutipa264@gmail.com,Administrador(a)
634,79586012,Diana Fiorella,Vargas,Cruz,F,971889506,diana.vargas11@gmail.com,Empleado publico
635,15919093,Juan Emilio,Zavala,Palacios,M,993620205,juan.zavala970@gmail.com,Cocinero(a)
636,19219650,Martin Edgar,Aquino,Vasquez,M,956765565,martin.aquino696@gmail.com,Comerciante ambulante
637,73482571,Ruth Rafaella,Yupanqui,Vilca,F,998198083,ruth.yupanqui752@gmail.com,Mecanico
638,32871544,Elena Renata,Ortiz,Choque,F,933887574,elena.ortiz162@gmail.com,Agricultor
639,68457468,Karen Jhoana,Carrillo,Rojas,F,924759446,karen.carrillo424@gmail.com,Independiente
640,66109044,Nicolas Fernando,Soto,Lazo,M,999236252,nicolas.soto21@gmail.com,Enfermero(a)
641,11579382,Xiomara Patricia,Ramos,Ccahuana,F,999981939,xiomara.ramos145@gmail.com,Vendedor(a)
642,23526461,Jhoana Camila,Mamani,Silva,F,933726824,jhoana.mamani858@gmail.com,Empresario(a)
643,57666153,Yesenia Jhoana,Apaza,Rivera,F,991741956,yesenia.apaza847@gmail.com,Obrero de construccion
644,46218044,Ana Luz,Aquino,Alvarez,F,925417376,ana.aquino594@gmail.com,Mecanico
645,34052633,Britany Kiara,Farfan,Herrera,F,917801535,britany.farfan171@gmail.com,Tecnico electricista
646,50909587,Ian Andres,Carrillo,Ochoa,M,976946067,ian.carrillo197@gmail.com,Administrador(a)
647,59061486,Erick Gabriel,Soto,Nunez,M,959014366,erick.soto161@gmail.com,Policia
648,53482771,Kevin Fabricio,Huaman,Chavez,M,972264674,kevin.huaman334@gmail.com,Empleado publico
649,18553847,Ivan Wilson,Villanueva,Carrillo,M,963351000,ivan.villanueva763@gmail.com,Cocinero(a)
650,35103427,Gonzalo Andres,Guzman,Gutierrez,M,914727608,gonzalo.guzman796@gmail.com,Independiente
651,64454665,Gonzalo Jose,Carrillo,Quispe,M,969925733,gonzalo.carrillo440@gmail.com,Tecnico electricista
652,51602567,Ana Sofia,Garcia,Delgado,F,915229905,ana.garcia980@gmail.com,Vendedor(a)
653,14477315,Gabriel Manuel,Villanueva,Bautista,M,970045480,gabriel.villanueva463@gmail.com,Ama de casa
654,23596605,Alexander Marco,Silva,Reyes,M,958750024,alexander.silva582@gmail.com,Cocinero(a)
655,44990650,Gustavo Julio,Guzman,Vega,M,946899799,gustavo.guzman234@gmail.com,Cocinero(a)
656,17209717,Gabriel Miguel,Mamani,Flores,M,929176163,gabriel.mamani248@gmail.com,Independiente
657,71204199,Pilar Estefany,Sanchez,Quispe,F,948998955,pilar.sanchez681@gmail.com,Policia
658,61982399,Fabricio Gonzalo,Romero,Rojas,M,967476469,fabricio.romero811@gmail.com,Comerciante
659,15512343,Jhoel Alexander,Ticona,Torres,M,999110924,jhoel.ticona832@gmail.com,Policia
660,47618990,Sofia Daniela,Torres,Rojas,F,947909170,sofia.torres443@gmail.com,Enfermero tecnico
661,46553979,Fabricio Luis,Farfan,Yataco,M,908569112,fabricio.farfan772@gmail.com,Policia
662,31393113,Ariana Isabel,Cornejo,Vilca,F,937043863,ariana.cornejo24@gmail.com,Mecanico
663,19247086,Luis Edgar,Garcia,Alarcon,M,911490012,luis.garcia234@gmail.com,Empresario(a)
664,74449695,Benjamin Ian,Yupanqui,Marin,M,935144343,benjamin.yupanqui944@gmail.com,Administrador(a)
665,23246821,Marco Ian,Farfan,Carrillo,M,909335762,marco.farfan986@gmail.com,Obrero de construccion
666,41581120,Mia Melissa,Farfan,Espinoza,F,952891842,mia.farfan480@gmail.com,Contador(a)
667,16859421,Kiara Elena,Paredes,Machaca,F,973583375,kiara.paredes162@gmail.com,Comerciante
668,59120259,Gustavo Diego,Sanchez,Ticona,M,959215319,gustavo.sanchez331@gmail.com,Personal de seguridad
669,38952308,Fiorella Luana,Garcia,Cardenas,F,949059520,fiorella.garcia283@gmail.com,Contador(a)
670,65780851,Zoe Zoe,Ibarra,Delgado,F,928791535,zoe.ibarra888@gmail.com,Administrador(a)
671,41197281,Renzo Jhon,Huaman,Yataco,M,994049148,renzo.huaman748@gmail.com,Mecanico
672,79118084,Benjamin Marco,Alvarez,Yupanqui,M,912052604,benjamin.alvarez888@gmail.com,Contador(a)
673,13417170,Teresa Grecia,Yataco,Bautista,F,943554634,teresa.yataco639@gmail.com,Mecanico
674,13976930,Katty Fiorella,Espinoza,Paucar,F,989854935,katty.espinoza140@gmail.com,Enfermero(a)
675,61828912,Kevin Raul,Mamani,Paucar,M,965558011,kevin.mamani479@gmail.com,Obrero de construccion
676,19958452,Flor Carmen,Reyes,Huaraca,F,985424863,flor.reyes754@gmail.com,Chofer
677,26949227,Piero Thiago,Mendoza,Silva,M,905740673,piero.mendoza411@gmail.com,Mecanico
678,57519695,Bryan Raul,Choque,Flores,M,979127780,bryan.choque961@gmail.com,Obrero de construccion
679,75754704,Flor Luana,Medina,Alvarez,F,958542160,flor.medina101@gmail.com,Policia
680,51674525,Franco Miguel,Gutierrez,Rodriguez,M,989217947,franco.gutierrez749@gmail.com,Chofer
681,61869124,Alexandra Grecia,Vega,Mamani,F,982319923,alexandra.vega273@gmail.com,Personal de seguridad
682,59312238,Leonardo Victor,Machaca,Torres,M,945092248,leonardo.machaca848@gmail.com,Independiente
683,26233736,Samuel Ian,Reyes,Huaman,M,900665631,samuel.reyes923@gmail.com,Chofer
684,71121467,Britany Melissa,Torres,Sanchez,F,907728232,britany.torres503@gmail.com,Contador(a)
685,47841434,Gonzalo Edgar,Ruiz,Villanueva,M,989469884,gonzalo.ruiz49@gmail.com,Cocinero(a)
686,22329683,Aaron Piero,Mendoza,Paredes,M,959679883,aaron.mendoza210@gmail.com,Enfermero(a)
687,24270951,Rosa Elena,Cabanillas,Quispe,F,961677439,rosa.cabanillas960@gmail.com,Obrero de construccion
688,35231544,Diana Yesenia,Nunez,Huaraca,F,965365735,diana.nunez210@gmail.com,Contador(a)
689,27268707,Jose Andres,Espinoza,Garcia,M,993334951,jose.espinoza753@gmail.com,Vendedor(a)
690,71573159,Wilson Hugo,Herrera,Paredes,M,969846071,wilson.herrera928@gmail.com,Obrero de construccion
691,78239447,Manuel Pedro,Pacheco,Huaman,M,953965834,manuel.pacheco444@gmail.com,Empresario(a)
692,50758622,Mia Alexandra,Zavala,Leon,F,941831581,mia.zavala866@gmail.com,Obrero de construccion
693,37949472,Alexandra Flor,Rojas,Garcia,F,999430981,alexandra.rojas607@gmail.com,Policia
694,32125997,Elena Gabriela,Choque,Sanchez,F,923369479,elena.choque115@gmail.com,Contador(a)
695,73771410,Xiomara Danna,Cabrera,Espinoza,F,959920050,xiomara.cabrera803@gmail.com,Cocinero(a)
696,57611909,Erick Fernando,Alvarez,Ccahuana,M,901399038,erick.alvarez512@gmail.com,Policia
697,35644192,Marco Jhon,Quispe,Vasquez,M,978738094,marco.quispe436@gmail.com,Comerciante
698,25044712,Adrian Angel,Gutierrez,Silva,M,992537649,adrian.gutierrez729@gmail.com,Enfermero tecnico
699,32496433,Gabriela Zoe,Ruiz,Palacios,F,900781864,gabriela.ruiz557@gmail.com,Ama de casa
700,51747447,Aaron Alexander,Pacheco,Cutipa,M,969462976,aaron.pacheco592@gmail.com,Independiente
701,31178643,Emily Jhoana,Rodriguez,Espinoza,F,994313849,emily.rodriguez88@gmail.com,Mecanico
702,19457335,Milagros Flor,Campos,Ruiz,F,912785491,milagros.campos931@gmail.com,Policia
703,21869090,Samuel Fernando,Ticona,Vilca,M,969776816,samuel.ticona568@gmail.com,Obrero de construccion
704,56897937,Adrian Hugo,Vega,Mendoza,M,935076256,adrian.vega842@gmail.com,Administrador(a)
705,14714969,Carmen Carmen,Castillo,Herrera,F,922986530,carmen.castillo420@gmail.com,Agricultor
706,78543170,Raul Bryan,Alvarez,Pacheco,M,915216469,raul.alvarez216@gmail.com,Vendedor(a)
707,75724426,Teresa Lucia,Vega,Alarcon,F,930068631,teresa.vega28@gmail.com,Ama de casa
708,28328557,Susan Milagros,Huaman,Mendoza,F,925912621,susan.huaman125@gmail.com,Empleado publico
709,52686760,Milagros Pilar,Gonzales,Flores,F,916472857,milagros.gonzales260@gmail.com,Enfermero tecnico
710,64715105,Benjamin Manuel,Fernandez,Flores,M,933640091,benjamin.fernandez120@gmail.com,Tecnico electricista
711,42879238,Aaron Elmer,Soto,Marin,M,925924930,aaron.soto66@gmail.com,Docente
712,25979647,Diego Rodrigo,Vargas,Leon,M,964550948,diego.vargas899@gmail.com,Cocinero(a)
713,55591432,Hugo Angel,Mamani,Ticona,M,900215449,hugo.mamani659@gmail.com,Personal de seguridad
714,22631566,Diego Oscar,Yupanqui,Rimac,M,924018763,diego.yupanqui303@gmail.com,Independiente
715,54334940,Erick Anthony,Sanchez,Vargas,M,969930620,erick.sanchez261@gmail.com,Enfermero tecnico
716,48562914,Katherine Emily,Zavala,Cornejo,F,966178671,katherine.zavala407@gmail.com,Agricultor
717,65664429,Yesenia Yolanda,Salazar,Paredes,F,963886734,yesenia.salazar651@gmail.com,Chofer
718,36195086,Daniela Luana,Castillo,Mamani,F,993158836,daniela.castillo327@gmail.com,Tecnico electricista
719,55750644,Juan Joaquin,Cabrera,Castillo,M,973209093,juan.cabrera637@gmail.com,Mecanico
720,43011558,Angel Jorge,Cabrera,Vega,M,932121703,angel.cabrera680@gmail.com,Independiente
721,72000277,Flor Luana,Carrillo,Herrera,F,948152903,flor.carrillo576@gmail.com,Empresario(a)
722,61082584,Nayeli Britany,Romero,Ochoa,F,975735001,nayeli.romero608@gmail.com,Independiente
723,20137077,Paula Sofia,Salvador,Yataco,F,965945211,paula.salvador521@gmail.com,Independiente
724,39265802,Cristian Edgar,Espinoza,Gonzales,M,931086041,cristian.espinoza88@gmail.com,Mecanico
725,17976400,Julia Yolanda,Bravo,Cornejo,F,964416128,julia.bravo858@gmail.com,Cocinero(a)
726,20045088,Samuel Pedro,Palacios,Ramos,M,975764185,samuel.palacios890@gmail.com,Ama de casa
727,22927812,Alexander Carlos,Rimac,Chavez,M,930443940,alexander.rimac493@gmail.com,Comerciante ambulante
728,38834551,Alberto Cesar,Medina,Vilca,M,996525979,alberto.medina945@gmail.com,Empleado publico
729,39358580,Benjamin Gabriel,Rodriguez,Huaraca,M,956490021,benjamin.rodriguez3@gmail.com,Administrador(a)
730,46672636,Luana Mia,Nunez,Huaraca,F,947363112,luana.nunez373@gmail.com,Personal de seguridad
731,26269119,Daniela Gabriela,Torres,Diaz,F,988578872,daniela.torres341@gmail.com,Docente
732,57695269,Franco Samuel,Marin,Yupanqui,M,965351046,franco.marin696@gmail.com,Vendedor(a)
733,27515260,Emily Ruth,Farfan,Torres,F,986961465,emily.farfan395@gmail.com,Docente
734,41391702,Katty Katherine,Alarcon,Mendoza,F,938569734,katty.alarcon515@gmail.com,Policia
735,54896220,Gonzalo Ivan,Lazo,Paucar,M,918544700,gonzalo.lazo40@gmail.com,Obrero de construccion
736,42704229,Alexis Marco,Cutipa,Silva,M,919517844,alexis.cutipa531@gmail.com,Policia
737,32457374,Andres Joaquin,Leon,Ticona,M,953964738,andres.leon717@gmail.com,Administrador(a)
738,40247192,Fabricio Mateo,Quispe,Flores,M,970221038,fabricio.quispe78@gmail.com,Contador(a)
739,62168787,Aaron Walter,Apaza,Palacios,M,919310401,aaron.apaza747@gmail.com,Docente
740,11601425,Grecia Xiomara,Chavez,Romero,F,924331958,grecia.chavez382@gmail.com,Administrador(a)
741,53947666,Gonzalo Renzo,Cardenas,Romero,M,905168878,gonzalo.cardenas469@gmail.com,Comerciante ambulante
742,21635261,Teresa Milagros,Alarcon,Yataco,F,962066751,teresa.alarcon374@gmail.com,Enfermero tecnico
743,59084366,Thiago Bryan,Garcia,Reyes,M,917119489,thiago.garcia323@gmail.com,Ama de casa
744,59313028,Ian Bryan,Choque,Garcia,M,960884602,ian.choque6@gmail.com,Policia
745,27177532,Antonella Yesica,Yupanqui,Torres,F,948869672,antonella.yupanqui439@gmail.com,Cocinero(a)
746,67399686,Mia Isabel,Huaraca,Campos,F,977160861,mia.huaraca264@gmail.com,Enfermero(a)
747,75467427,Adrian Gabriel,Leon,Yataco,M,981076411,adrian.leon306@gmail.com,Personal de seguridad
748,28768650,Rosa Luana,Condori,Alarcon,F,952168263,rosa.condori824@gmail.com,Empresario(a)
749,63718449,Franco Andres,Campos,Bautista,M,929727596,franco.campos391@gmail.com,Ama de casa
750,13457647,Ian Gustavo,Romero,Choque,M,923170205,ian.romero596@gmail.com,Docente
751,47831869,Victor Angel,Aquino,Gonzales,M,951257135,victor.aquino339@gmail.com,Contador(a)
752,35989947,Aaron Emilio,Chavez,Cutipa,M,902338052,aaron.chavez674@gmail.com,Enfermero(a)
753,13648948,Diego Marco,Sanchez,Reyes,M,967540429,diego.sanchez119@gmail.com,Vendedor(a)
754,32249595,Alessandra Alessandra,Salvador,Torres,F,909991856,alessandra.salvador641@gmail.com,Tecnico electricista
755,33948744,Emily Milagros,Pacheco,Salvador,F,963479871,emily.pacheco243@gmail.com,Empresario(a)
756,36792046,Carlos Miguel,Pacheco,Romero,M,982036423,carlos.pacheco322@gmail.com,Ama de casa
757,65330048,Erick Samuel,Soto,Alvarez,M,982679246,erick.soto457@gmail.com,Contador(a)
758,35129945,Maria Antonella,Pacheco,Alvarez,F,996616859,maria.pacheco477@gmail.com,Tecnico electricista
759,29922643,Nicole Luz,Ibarra,Flores,F,902669513,nicole.ibarra895@gmail.com,Administrador(a)
760,26795383,Valentina Elena,Bravo,Espinoza,F,981596595,valentina.bravo263@gmail.com,Policia
761,18333488,Lucia Luana,Mamani,Machaca,F,929860135,lucia.mamani658@gmail.com,Empleado publico
762,57383233,Gonzalo Renzo,Cabanillas,Paucar,M,972369705,gonzalo.cabanillas242@gmail.com,Docente
763,30288764,Elena Yesica,Cabanillas,Huaraca,F,997925463,elena.cabanillas790@gmail.com,Empresario(a)
764,65604042,Danna Katherine,Fernandez,Cabanillas,F,936037096,danna.fernandez181@gmail.com,Tecnico electricista
765,40679943,Teresa Renata,Villanueva,Leon,F,905739151,teresa.villanueva17@gmail.com,Comerciante ambulante
766,50780880,Maria Alessandra,Vasquez,Cabanillas,F,907759506,maria.vasquez158@gmail.com,Agricultor
767,20259996,Oscar Jorge,Bautista,Flores,M,915605545,oscar.bautista912@gmail.com,Mecanico
768,30459267,Ivan Fabricio,Paredes,Pacheco,M,998639446,ivan.paredes806@gmail.com,Comerciante
769,50783208,Pedro Fabricio,Sanchez,Quispe,M,949010347,pedro.sanchez360@gmail.com,Empleado publico
770,62485790,Walter Jose,Carrillo,Torres,M,970197831,walter.carrillo782@gmail.com,Empleado publico
771,74888423,Jorge Anthony,Marin,Fernandez,M,938070024,jorge.marin436@gmail.com,Agricultor
772,65723718,Ruth Renata,Leon,Rojas,F,996666491,ruth.leon459@gmail.com,Docente
773,16185330,Andres Leonardo,Cabrera,Ochoa,M,942828628,andres.cabrera671@gmail.com,Chofer
774,27412518,Ivan Andres,Cabanillas,Bravo,M,996904323,ivan.cabanillas875@gmail.com,Docente
775,11865847,Vanessa Ximena,Cardenas,Cabrera,F,947480465,vanessa.cardenas332@gmail.com,Chofer
776,54024647,Katty Teresa,Marin,Quispe,F,901236560,katty.marin439@gmail.com,Empleado publico
777,49722789,Ana Danna,Machaca,Carrillo,F,973249246,ana.machaca576@gmail.com,Vendedor(a)
778,67476984,Dulce Yesica,Cornejo,Ortiz,F,989532531,dulce.cornejo530@gmail.com,Contador(a)
779,34167435,Rosa Isabel,Leon,Rojas,F,964790002,rosa.leon56@gmail.com,Obrero de construccion
780,70498942,Oscar Pedro,Salvador,Gonzales,M,978775621,oscar.salvador898@gmail.com,Policia
781,51317909,Alexandra Katherine,Vilca,Romero,F,904402439,alexandra.vilca643@gmail.com,Docente
782,18532151,Jorge Jhoel,Huaraca,Condori,M,937347916,jorge.huaraca208@gmail.com,Vendedor(a)
783,36352129,Sofia Emily,Ruiz,Espinoza,F,959320021,sofia.ruiz455@gmail.com,Chofer
784,27901039,Aaron Renzo,Guzman,Reyes,M,902330996,aaron.guzman621@gmail.com,Vendedor(a)
785,10482905,Jose Jose,Apaza,Vasquez,M,985657632,jose.apaza525@gmail.com,Contador(a)
786,68289038,Xiomara Ximena,Castillo,Villanueva,F,977310891,xiomara.castillo630@gmail.com,Comerciante ambulante
787,52098371,Joaquin Thiago,Cardenas,Zavala,M,941371861,joaquin.cardenas931@gmail.com,Chofer
788,12474757,Manuel Cesar,Alvarez,Vasquez,M,910846399,manuel.alvarez447@gmail.com,Independiente
789,68724547,Rosa Rafaella,Medina,Huaraca,F,912565143,rosa.medina814@gmail.com,Empresario(a)
790,11988081,Pilar Valentina,Medina,Paucar,F,958436466,pilar.medina987@gmail.com,Independiente
791,34111900,Britany Luz,Diaz,Leon,F,988737819,britany.diaz48@gmail.com,Mecanico
792,28461409,Melissa Camila,Apaza,Machaca,F,906181605,melissa.apaza109@gmail.com,Vendedor(a)
793,62613538,Alexandra Luz,Cabanillas,Chavez,F,958305857,alexandra.cabanillas92@gmail.com,Personal de seguridad
794,55578720,Estefany Luz,Campos,Campos,F,901676292,estefany.campos923@gmail.com,Personal de seguridad
795,18868611,Julio Andres,Soto,Flores,M,949291602,julio.soto81@gmail.com,Enfermero(a)
796,22169658,Yolanda Karen,Silva,Leon,F,982082875,yolanda.silva207@gmail.com,Cocinero(a)
797,47273233,Ariana Zoe,Nunez,Sanchez,F,929208933,ariana.nunez993@gmail.com,Agricultor
798,50278536,Camila Alexandra,Delgado,Salvador,F,989649065,camila.delgado574@gmail.com,Policia
799,70676379,Bryan Pedro,Pacheco,Paucar,M,922685121,bryan.pacheco219@gmail.com,Enfermero(a)
800,18700167,Carmen Xiomara,Mamani,Delgado,F,903558624,carmen.mamani739@gmail.com,Docente
801,23796925,Thiago Luis,Chavez,Condori,M,926292483,thiago.chavez376@gmail.com,Docente
802,31282133,Maria Diana,Aguilar,Farfan,F,929726053,maria.aguilar135@gmail.com,Enfermero(a)
803,36865522,Melissa Milagros,Ibarra,Medina,F,911529585,melissa.ibarra13@gmail.com,Tecnico electricista
804,65918081,Isabel Isabel,Pacheco,Rimac,F,946176776,isabel.pacheco761@gmail.com,Administrador(a)
805,57258228,Ana Luz,Garcia,Reyes,F,920637486,ana.garcia423@gmail.com,Obrero de construccion
806,71687842,Rosa Mia,Espinoza,Huaman,F,918086078,rosa.espinoza390@gmail.com,Cocinero(a)
807,36207941,Pilar Melissa,Ramos,Rojas,F,901269559,pilar.ramos716@gmail.com,Comerciante ambulante
808,57797028,Wilson Cristian,Flores,Salazar,M,915086405,wilson.flores427@gmail.com,Independiente
809,12448149,Leonardo Hugo,Yupanqui,Yupanqui,M,934923340,leonardo.yupanqui805@gmail.com,Agricultor
810,40690257,Milagros Ashley,Vega,Ruiz,F,994174411,milagros.vega715@gmail.com,Cocinero(a)
811,60665457,Jhon Bryan,Palacios,Mamani,M,973003047,jhon.palacios286@gmail.com,Administrador(a)
812,44644955,Joaquin Fernando,Medina,Farfan,M,909141349,joaquin.medina438@gmail.com,Personal de seguridad
813,72508095,Gabriel Emilio,Farfan,Espinoza,M,934995266,gabriel.farfan301@gmail.com,Obrero de construccion
814,17695297,Luis Martin,Palacios,Rojas,M,911407590,luis.palacios37@gmail.com,Cocinero(a)
815,58542080,Jose Pedro,Torres,Bautista,M,935869209,jose.torres692@gmail.com,Empleado publico
816,64270358,Danna Maria,Rojas,Nunez,F,910971409,danna.rojas227@gmail.com,Obrero de construccion
817,31087170,Katherine Elena,Ortiz,Yupanqui,F,922016521,katherine.ortiz998@gmail.com,Mecanico
818,77070629,Teresa Ashley,Condori,Villanueva,F,973472960,teresa.condori490@gmail.com,Cocinero(a)
819,45013812,Alberto Julio,Salazar,Bravo,M,997437521,alberto.salazar969@gmail.com,Empleado publico
820,56503635,Fiorella Julia,Salvador,Vilca,F,946262832,fiorella.salvador844@gmail.com,Mecanico
821,56292021,Mateo Samuel,Apaza,Ortiz,M,901862937,mateo.apaza305@gmail.com,Comerciante
822,74586552,Dulce Vanessa,Vilca,Nunez,F,946911893,dulce.vilca940@gmail.com,Contador(a)
823,43532623,Sofia Julia,Bravo,Delgado,F,901268032,sofia.bravo339@gmail.com,Empresario(a)
824,79230007,Oscar Walter,Mamani,Cabrera,M,909531746,oscar.mamani99@gmail.com,Docente
825,31667755,Flor Jhoana,Apaza,Quispe,F,977279051,flor.apaza985@gmail.com,Independiente
826,21819078,Ashley Ariana,Yupanqui,Aquino,F,988504256,ashley.yupanqui22@gmail.com,Empleado publico
827,77278023,Zoe Teresa,Delgado,Silva,F,995161721,zoe.delgado180@gmail.com,Obrero de construccion
828,73836574,Thiago Oscar,Ortiz,Delgado,M,977500127,thiago.ortiz415@gmail.com,Empleado publico
829,76455611,Emily Kiara,Condori,Huaraca,F,991696622,emily.condori227@gmail.com,Obrero de construccion
830,65375310,Danna Zoe,Ortiz,Cutipa,F,976909531,danna.ortiz628@gmail.com,Personal de seguridad
831,34242099,Zoe Susan,Ticona,Cornejo,F,968723953,zoe.ticona445@gmail.com,Agricultor
832,31416921,Yolanda Antonella,Soto,Paucar,F,913552543,yolanda.soto378@gmail.com,Tecnico electricista
833,69870379,Brenda Gabriela,Ramos,Ibarra,F,917752083,brenda.ramos355@gmail.com,Agricultor
834,37700359,Lucia Zoe,Rodriguez,Pacheco,F,939645270,lucia.rodriguez623@gmail.com,Empresario(a)
835,59679918,Flor Valentina,Delgado,Silva,F,911370238,flor.delgado560@gmail.com,Mecanico
836,65721336,Ana Ana,Gutierrez,Gutierrez,F,996263216,ana.gutierrez749@gmail.com,Administrador(a)
837,36442715,Hugo Ivan,Cardenas,Quispe,M,961087027,hugo.cardenas828@gmail.com,Administrador(a)
838,50065350,Fiorella Zoe,Fernandez,Ibarra,F,940688002,fiorella.fernandez156@gmail.com,Obrero de construccion
839,36728521,Nicolas Martin,Marin,Mamani,M,966053198,nicolas.marin501@gmail.com,Independiente
840,48704534,Britany Nayeli,Delgado,Guzman,F,917851253,britany.delgado438@gmail.com,Enfermero(a)
841,69549050,Wilson Joaquin,Chavez,Yupanqui,M,952378973,wilson.chavez50@gmail.com,Comerciante
842,35343878,Juan Alexis,Aguilar,Farfan,M,900269396,juan.aguilar648@gmail.com,Independiente
843,19413709,Nicole Rafaella,Vilca,Soto,F,953865917,nicole.vilca845@gmail.com,Enfermero tecnico
844,31685312,Ian Cristian,Carrillo,Cardenas,M,934958570,ian.carrillo252@gmail.com,Ama de casa
845,69667543,Nicolas Alexander,Ortiz,Aquino,M,900217002,nicolas.ortiz187@gmail.com,Personal de seguridad
846,36082642,Britany Nayeli,Ramos,Carrillo,F,913877124,britany.ramos487@gmail.com,Tecnico electricista
847,62865659,Fiorella Karen,Villanueva,Cutipa,F,988811317,fiorella.villanueva519@gmail.com,Policia
848,33209863,Karen Renata,Vilca,Alvarez,F,953561043,karen.vilca804@gmail.com,Enfermero tecnico
849,46108632,Yesica Flor,Salazar,Ochoa,F,999710707,yesica.salazar458@gmail.com,Enfermero(a)
850,77620695,Jose Jorge,Ruiz,Yupanqui,M,963306912,jose.ruiz866@gmail.com,Docente
851,15407537,Manuel Diego,Cruz,Espinoza,M,986397996,manuel.cruz21@gmail.com,Empresario(a)
852,71487157,Jhoana Brenda,Salazar,Garcia,F,946117995,jhoana.salazar312@gmail.com,Vendedor(a)
853,30538887,Melissa Fiorella,Apaza,Villanueva,F,944851386,melissa.apaza496@gmail.com,Chofer
854,70312164,Samuel Bryan,Torres,Delgado,M,983812829,samuel.torres803@gmail.com,Administrador(a)
855,51977560,Milagros Vanessa,Marin,Reyes,F,990660100,milagros.marin772@gmail.com,Policia
856,70299161,Jhoel Jorge,Alvarez,Chavez,M,948169117,jhoel.alvarez225@gmail.com,Enfermero tecnico
857,56342171,Jhon Carlos,Medina,Salvador,M,976367895,jhon.medina387@gmail.com,Empresario(a)
858,66879453,Cesar Alexis,Mendoza,Apaza,M,963483246,cesar.mendoza153@gmail.com,Empresario(a)
859,45253346,Grecia Ashley,Paucar,Leon,F,905226338,grecia.paucar103@gmail.com,Contador(a)
860,20357845,Nicolas Marco,Chavez,Cabrera,M,917003142,nicolas.chavez599@gmail.com,Empresario(a)
861,64340281,Fernando Rodrigo,Reyes,Carrillo,M,967541495,fernando.reyes19@gmail.com,Independiente
862,63290658,Samuel Adrian,Yupanqui,Gutierrez,M,915867874,samuel.yupanqui188@gmail.com,Enfermero(a)
863,42648782,Pilar Ariana,Cabanillas,Rivera,F,940374114,pilar.cabanillas788@gmail.com,Comerciante
864,19242250,Marco Gonzalo,Salvador,Aguilar,M,927559769,marco.salvador718@gmail.com,Agricultor
865,74276790,Julia Grecia,Salvador,Pacheco,F,927893359,julia.salvador463@gmail.com,Cocinero(a)
866,76954813,Pilar Rosa,Alarcon,Diaz,F,991896808,pilar.alarcon136@gmail.com,Cocinero(a)
867,32873533,Luana Diana,Mamani,Yupanqui,F,998283878,luana.mamani522@gmail.com,Vendedor(a)
868,71038729,Isabel Nayeli,Mamani,Fernandez,F,932037862,isabel.mamani815@gmail.com,Administrador(a)
869,50806024,Maria Luz,Fernandez,Silva,F,930804857,maria.fernandez26@gmail.com,Empleado publico
870,17012606,Hugo Pedro,Cardenas,Rimac,M,954052144,hugo.cardenas912@gmail.com,Comerciante
871,49996205,Emily Yesenia,Espinoza,Medina,F,907850353,emily.espinoza917@gmail.com,Vendedor(a)
872,19749246,Susan Isabel,Pacheco,Diaz,F,985630983,susan.pacheco264@gmail.com,Comerciante
873,32047869,Diego Wilson,Fernandez,Delgado,M,907304221,diego.fernandez834@gmail.com,Chofer
874,12972109,Vanessa Luana,Cornejo,Quispe,F,958599604,vanessa.cornejo985@gmail.com,Enfermero(a)
875,61268316,Diana Emily,Herrera,Palacios,F,952121050,diana.herrera880@gmail.com,Personal de seguridad
876,53262089,Bryan Adrian,Chavez,Yataco,M,926286863,bryan.chavez113@gmail.com,Empresario(a)
877,41271946,Kevin Fernando,Rojas,Cutipa,M,904482894,kevin.rojas424@gmail.com,Tecnico electricista
878,27635159,Valentina Mia,Aguilar,Cabrera,F,917575689,valentina.aguilar483@gmail.com,Contador(a)
879,17205924,Danna Britany,Soto,Alarcon,F,924605457,danna.soto532@gmail.com,Empleado publico
880,21119710,Franco Fabricio,Cruz,Gonzales,M,902900078,franco.cruz484@gmail.com,Personal de seguridad
881,67989495,Andres Rodrigo,Ticona,Ccahuana,M,983936917,andres.ticona824@gmail.com,Ama de casa
882,27727989,Vanessa Nicole,Villanueva,Flores,F,943526725,vanessa.villanueva714@gmail.com,Agricultor
883,73807632,Yolanda Lucia,Condori,Yataco,F,966596274,yolanda.condori141@gmail.com,Policia
884,56945609,Cesar Anthony,Vega,Medina,M,955267646,cesar.vega19@gmail.com,Empresario(a)
885,57635061,Valentina Ruth,Paredes,Herrera,F,984408162,valentina.paredes326@gmail.com,Obrero de construccion
886,46899935,Danna Luana,Rivera,Paucar,F,922074611,danna.rivera201@gmail.com,Obrero de construccion
887,43440053,Fabricio Andres,Carrillo,Rimac,M,957916504,fabricio.carrillo489@gmail.com,Cocinero(a)
888,58185538,Gonzalo Dylan,Bautista,Quispe,M,928707852,gonzalo.bautista347@gmail.com,Enfermero(a)
889,33122150,Edgar Carlos,Palacios,Aquino,M,934412195,edgar.palacios940@gmail.com,Policia
890,49091654,Julia Susan,Cabanillas,Mendoza,F,997005023,julia.cabanillas305@gmail.com,Vendedor(a)
891,67500291,Alberto Jhoel,Cabrera,Carrillo,M,918335631,alberto.cabrera953@gmail.com,Enfermero tecnico
892,73889871,Gabriel Gabriel,Diaz,Ccahuana,M,931500025,gabriel.diaz652@gmail.com,Tecnico electricista
893,21375120,Renata Fiorella,Salazar,Apaza,F,909288796,renata.salazar566@gmail.com,Docente
894,60265670,Martin Juan,Quispe,Espinoza,M,995608861,martin.quispe193@gmail.com,Tecnico electricista
895,54255885,Yolanda Sofia,Delgado,Marin,F,911886594,yolanda.delgado115@gmail.com,Mecanico
896,16359868,Katty Yolanda,Rivera,Zavala,F,981194326,katty.rivera895@gmail.com,Tecnico electricista
897,33071586,Mia Pilar,Gutierrez,Cabrera,F,946966086,mia.gutierrez273@gmail.com,Personal de seguridad
898,53597132,Nayeli Estefany,Aguilar,Paredes,F,924061663,nayeli.aguilar372@gmail.com,Contador(a)
899,49030848,Aaron Julio,Rimac,Machaca,M,963404100,aaron.rimac956@gmail.com,Chofer
900,46487418,Maria Brenda,Aguilar,Diaz,F,920001735,maria.aguilar830@gmail.com,Cocinero(a)
901,35952293,Teresa Ashley,Delgado,Espinoza,F,973063752,teresa.delgado268@gmail.com,Cocinero(a)
902,44162791,Fernando Marco,Rodriguez,Reyes,M,910973720,fernando.rodriguez928@gmail.com,Independiente
903,74673481,Pilar Elena,Herrera,Garcia,F,921814230,pilar.herrera424@gmail.com,Personal de seguridad
904,34124362,Melissa Lucia,Pacheco,Campos,F,936348312,melissa.pacheco871@gmail.com,Enfermero tecnico
905,45322579,Flor Jhoana,Pacheco,Condori,F,989084966,flor.pacheco424@gmail.com,Obrero de construccion
906,74462318,Yamil Angel,Delgado,Condori,M,964159938,yamil.delgado98@gmail.com,Empleado publico
907,39115963,Yamil Jhon,Sanchez,Cabrera,M,944613557,yamil.sanchez163@gmail.com,Administrador(a)
908,11097608,Nicolas Andres,Fernandez,Aquino,M,925243555,nicolas.fernandez369@gmail.com,Enfermero tecnico
909,79822303,Camila Ruth,Farfan,Campos,F,957945977,camila.farfan887@gmail.com,Mecanico
910,29400991,Pilar Ana,Quispe,Pacheco,F,927971985,pilar.quispe466@gmail.com,Personal de seguridad
911,33335078,Gabriela Camila,Silva,Herrera,F,943814692,gabriela.silva403@gmail.com,Administrador(a)
912,42421981,Zoe Dulce,Rivera,Cornejo,F,982104536,zoe.rivera468@gmail.com,Mecanico
913,19997557,Fernando Jose,Vilca,Medina,M,963477615,fernando.vilca57@gmail.com,Administrador(a)
914,78157756,Sebastian Luis,Diaz,Yataco,M,938612942,sebastian.diaz890@gmail.com,Chofer
915,15481243,Estefany Gabriela,Gutierrez,Mendoza,F,957039782,estefany.gutierrez448@gmail.com,Empleado publico
916,46071323,Valentina Dulce,Palacios,Cardenas,F,974788469,valentina.palacios885@gmail.com,Agricultor
917,43915895,Yamil Joaquin,Romero,Sanchez,M,903423050,yamil.romero305@gmail.com,Policia
918,23958426,Aaron Miguel,Rimac,Fernandez,M,918803988,aaron.rimac954@gmail.com,Chofer
919,16325530,Julia Melissa,Castillo,Paucar,F,936401800,julia.castillo173@gmail.com,Enfermero(a)
920,68540168,Victor Angel,Zavala,Aguilar,M,997142309,victor.zavala229@gmail.com,Administrador(a)
921,36177972,Carmen Mia,Huaraca,Huaman,F,986328570,carmen.huaraca200@gmail.com,Vendedor(a)
922,40241332,Renzo Andres,Salazar,Mamani,M,993079928,renzo.salazar610@gmail.com,Agricultor
923,42107952,Estefany Ashley,Apaza,Reyes,F,939020791,estefany.apaza851@gmail.com,Chofer
924,17418702,Dylan Cristian,Sanchez,Ochoa,M,935548896,dylan.sanchez947@gmail.com,Enfermero(a)
925,24231526,Piero Sebastian,Campos,Campos,M,940122456,piero.campos127@gmail.com,Chofer
926,70434782,Susan Camila,Paucar,Ccahuana,F,989426695,susan.paucar95@gmail.com,Contador(a)
927,66380362,Nicolas Leonardo,Romero,Espinoza,M,949938198,nicolas.romero277@gmail.com,Mecanico
928,40472351,Joaquin Jose,Reyes,Rodriguez,M,951354661,joaquin.reyes78@gmail.com,Chofer
929,10341167,Alexis Manuel,Rimac,Cabanillas,M,902196260,alexis.rimac577@gmail.com,Vendedor(a)
930,40795803,Renata Katty,Pacheco,Espinoza,F,940868125,renata.pacheco759@gmail.com,Personal de seguridad
931,17773869,Daniela Pilar,Romero,Cornejo,F,951984005,daniela.romero630@gmail.com,Mecanico
932,48635501,Katherine Brenda,Ibarra,Pacheco,F,911632769,katherine.ibarra776@gmail.com,Empresario(a)
933,28470623,Jhoana Ruth,Espinoza,Ccahuana,F,999465627,jhoana.espinoza625@gmail.com,Independiente
934,12291275,Julio Angel,Gonzales,Cruz,M,930201723,julio.gonzales925@gmail.com,Comerciante
935,63183414,Elmer Alexis,Fernandez,Cabanillas,M,916347641,elmer.fernandez501@gmail.com,Docente
936,41081711,Renzo Edgar,Cardenas,Chavez,M,968494066,renzo.cardenas919@gmail.com,Cocinero(a)
937,71395458,Mateo Manuel,Palacios,Bautista,M,924688345,mateo.palacios697@gmail.com,Comerciante
938,22394206,Yamil Oscar,Herrera,Cruz,M,971442452,yamil.herrera761@gmail.com,Enfermero(a)
939,19090777,Gabriel Angel,Garcia,Flores,M,951613957,gabriel.garcia848@gmail.com,Comerciante
940,74805338,Mateo Adrian,Cruz,Guzman,M,983359156,mateo.cruz299@gmail.com,Empleado publico
941,33982768,Walter Wilson,Cornejo,Flores,M,978920062,walter.cornejo839@gmail.com,Tecnico electricista
942,54479905,Anthony Gabriel,Apaza,Campos,M,990151174,anthony.apaza777@gmail.com,Enfermero(a)
943,32846851,Juan Bryan,Rivera,Mamani,M,907090554,juan.rivera698@gmail.com,Personal de seguridad
944,79790244,Fiorella Ariana,Machaca,Villanueva,F,964892102,fiorella.machaca48@gmail.com,Empleado publico
945,37480967,Ximena Flor,Cardenas,Aguilar,F,985760328,ximena.cardenas97@gmail.com,Docente
946,78485416,Danna Jhoana,Leon,Guzman,F,914070918,danna.leon63@gmail.com,Docente
947,17095570,Martin Jorge,Yataco,Rodriguez,M,954496136,martin.yataco483@gmail.com,Docente
948,35309382,Isabel Yesenia,Vega,Condori,F,995669641,isabel.vega352@gmail.com,Independiente
949,53411783,Emily Camila,Flores,Rivera,F,996495220,emily.flores691@gmail.com,Enfermero(a)
950,74818996,Melissa Brenda,Vilca,Yupanqui,F,902989092,melissa.vilca371@gmail.com,Empresario(a)
951,34304376,Victor Anthony,Rodriguez,Reyes,M,975172429,victor.rodriguez683@gmail.com,Personal de seguridad
952,78562164,Bryan Samuel,Salazar,Condori,M,985373255,bryan.salazar117@gmail.com,Tecnico electricista
953,23515501,Milagros Ariana,Marin,Gonzales,F,927585415,milagros.marin915@gmail.com,Mecanico
954,65287482,Victor Yamil,Campos,Salazar,M,959903599,victor.campos153@gmail.com,Tecnico electricista
955,15615362,Manuel Ian,Vargas,Bravo,M,977408344,manuel.vargas647@gmail.com,Obrero de construccion
956,21091448,Ricardo Cesar,Gutierrez,Vilca,M,930478581,ricardo.gutierrez522@gmail.com,Policia
957,53987458,Grecia Flor,Apaza,Lazo,F,964740467,grecia.apaza864@gmail.com,Tecnico electricista
958,43033333,Jose Juan,Quispe,Rimac,M,940719018,jose.quispe433@gmail.com,Cocinero(a)
959,72553268,Zoe Milagros,Aquino,Ortiz,F,980286629,zoe.aquino498@gmail.com,Independiente
960,59192608,Sofia Camila,Leon,Alarcon,F,921496310,sofia.leon593@gmail.com,Enfermero tecnico
961,66165998,Piero Bryan,Fernandez,Bautista,M,998323154,piero.fernandez187@gmail.com,Ama de casa
962,35019922,Pilar Karen,Torres,Cabanillas,F,938734878,pilar.torres82@gmail.com,Obrero de construccion
963,20812138,Nicole Katty,Zavala,Gutierrez,F,975085509,nicole.zavala577@gmail.com,Independiente
964,15305348,Rafaella Patricia,Ramos,Leon,F,926075467,rafaella.ramos81@gmail.com,Administrador(a)
965,73397851,Cristian Rodrigo,Ramos,Nunez,M,989863540,cristian.ramos130@gmail.com,Cocinero(a)
966,73720205,Julia Carmen,Vega,Rodriguez,F,916132821,julia.vega710@gmail.com,Docente
967,22542480,Samuel Nicolas,Guzman,Farfan,M,902412841,samuel.guzman596@gmail.com,Contador(a)
968,75611685,Gustavo Diego,Pacheco,Silva,M,979394640,gustavo.pacheco486@gmail.com,Administrador(a)
969,71367142,Gustavo Jhon,Carrillo,Salazar,M,957681825,gustavo.carrillo900@gmail.com,Comerciante ambulante
970,36665387,Wilson Jhoel,Choque,Flores,M,983412976,wilson.choque639@gmail.com,Contador(a)
971,10027482,Rodrigo Edgar,Salazar,Espinoza,M,914553571,rodrigo.salazar726@gmail.com,Policia
972,51483002,Piero Piero,Mamani,Huaraca,M,943590123,piero.mamani739@gmail.com,Vendedor(a)
973,29676285,Alberto Aaron,Palacios,Cabanillas,M,953582994,alberto.palacios849@gmail.com,Contador(a)
974,53415916,Isabel Karen,Paucar,Cardenas,F,953331010,isabel.paucar586@gmail.com,Cocinero(a)
975,12679261,Ricardo Victor,Torres,Farfan,M,945929559,ricardo.torres29@gmail.com,Obrero de construccion
976,62722819,Gabriel Rodrigo,Gutierrez,Castillo,M,907332306,gabriel.gutierrez791@gmail.com,Comerciante
977,26795991,Leonardo Alexis,Delgado,Ccahuana,M,936041470,leonardo.delgado726@gmail.com,Comerciante
978,14292334,Luis Elmer,Farfan,Ruiz,M,978675571,luis.farfan111@gmail.com,Obrero de construccion
979,12000695,Estefany Yesica,Paucar,Rivera,F,998799554,estefany.paucar699@gmail.com,Empleado publico
980,44498965,Cesar Jose,Gutierrez,Nunez,M,918686932,cesar.gutierrez150@gmail.com,Independiente
981,35327162,Pilar Maria,Ramos,Palacios,F,959004844,pilar.ramos497@gmail.com,Docente
982,23967097,Brenda Rafaella,Choque,Castillo,F,943783636,brenda.choque537@gmail.com,Policia
983,45396547,Lucia Antonella,Gutierrez,Nunez,F,977552721,lucia.gutierrez123@gmail.com,Ama de casa
984,69725985,Aaron Luis,Leon,Herrera,M,941149740,aaron.leon788@gmail.com,Cocinero(a)
985,18651001,Yesica Nayeli,Ochoa,Huaraca,F,947837924,yesica.ochoa150@gmail.com,Policia
986,70861294,Vanessa Daniela,Yataco,Campos,F,976534258,vanessa.yataco888@gmail.com,Empresario(a)
987,41243035,Julio Marco,Delgado,Bautista,M,958708145,julio.delgado850@gmail.com,Enfermero(a)
988,12043281,Aaron Gustavo,Ochoa,Vilca,M,973568878,aaron.ochoa874@gmail.com,Vendedor(a)
989,56495210,Piero Kevin,Yupanqui,Guzman,M,945235139,piero.yupanqui274@gmail.com,Comerciante
990,35420881,Carlos Ricardo,Cruz,Diaz,M,931009868,carlos.cruz635@gmail.com,Independiente
991,19915070,Cesar Erick,Ortiz,Yataco,M,990355274,cesar.ortiz780@gmail.com,Comerciante
992,38913956,Cristian Thiago,Aquino,Ramos,M,995360684,cristian.aquino230@gmail.com,Agricultor
993,53297752,Luz Milagros,Castillo,Yataco,F,905965269,luz.castillo344@gmail.com,Obrero de construccion
994,10733922,Renata Brenda,Cabanillas,Paucar,F,950774143,renata.cabanillas60@gmail.com,Independiente
995,55796686,Brenda Luz,Mendoza,Cabrera,F,971054233,brenda.mendoza176@gmail.com,Contador(a)
996,68329255,Rafaella Alexandra,Apaza,Salazar,F,975538825,rafaella.apaza441@gmail.com,Enfermero tecnico
997,20084183,Cristian Gustavo,Campos,Ccahuana,M,927644973,cristian.campos575@gmail.com,Docente
998,34079805,Fiorella Britany,Apaza,Palacios,F,966305969,fiorella.apaza9@gmail.com,Chofer
999,13437583,Danna Renata,Ticona,Rodriguez,F,997011968,danna.ticona291@gmail.com,Vendedor(a)
1000,75242351,Gonzalo Bryan,Soto,Ramos,M,921150854,gonzalo.soto182@gmail.com,Tecnico electricista
1001,46283528,Yamil Manuel,Lazo,Ochoa,M,966414745,yamil.lazo235@gmail.com,Empresario(a)
1002,13909136,Carmen Nicole,Pacheco,Alvarez,F,958770071,carmen.pacheco31@gmail.com,Empresario(a)
1003,48438473,Jose Elmer,Delgado,Vega,M,978608582,jose.delgado550@gmail.com,Chofer
1004,12990036,Fiorella Valentina,Sanchez,Sanchez,F,907167206,fiorella.sanchez612@gmail.com,Chofer
1005,10817372,Gonzalo Wilson,Reyes,Paredes,M,921045626,gonzalo.reyes762@gmail.com,Empresario(a)
1006,30949714,Julio Thiago,Bravo,Alvarez,M,934846563,julio.bravo319@gmail.com,Enfermero tecnico
1007,55579122,Raul Jhon,Vilca,Guzman,M,953668139,raul.vilca650@gmail.com,Enfermero tecnico
1008,31546371,Samuel Marco,Garcia,Cruz,M,966977888,samuel.garcia522@gmail.com,Comerciante ambulante
1009,57526071,Flor Nicole,Flores,Quispe,F,997956262,flor.flores523@gmail.com,Empleado publico
1010,22577950,Fiorella Katherine,Paredes,Mendoza,F,912238475,fiorella.paredes154@gmail.com,Enfermero(a)
1011,78116400,Flor Sofia,Ibarra,Nunez,F,936044144,flor.ibarra204@gmail.com,Comerciante
1012,55579875,Adrian Cesar,Espinoza,Aguilar,M,901351220,adrian.espinoza790@gmail.com,Personal de seguridad
1013,62692037,Yamil Marco,Villanueva,Choque,M,975556337,yamil.villanueva870@gmail.com,Ama de casa
1014,56853088,Ruth Ximena,Mamani,Condori,F,949051916,ruth.mamani70@gmail.com,Comerciante
1015,74971432,Elmer Sebastian,Campos,Huaman,M,903018874,elmer.campos996@gmail.com,Empleado publico
1016,28788570,Erick Carlos,Castillo,Pacheco,M,930405354,erick.castillo968@gmail.com,Cocinero(a)
1017,79001789,Kiara Rosa,Espinoza,Chavez,F,917627571,kiara.espinoza465@gmail.com,Empleado publico
1018,62172061,Gonzalo Cesar,Alvarez,Herrera,M,954216673,gonzalo.alvarez48@gmail.com,Enfermero tecnico
1019,77366301,Valentina Ximena,Carrillo,Alvarez,F,941781786,valentina.carrillo938@gmail.com,Chofer
1020,61278219,Mia Julia,Campos,Soto,F,999382547,mia.campos5@gmail.com,Personal de seguridad
1021,70579088,Jhon Wilson,Garcia,Vasquez,M,923270155,jhon.garcia104@gmail.com,Docente
1022,71775097,Alexis Oscar,Alvarez,Rojas,M,961216501,alexis.alvarez677@gmail.com,Comerciante ambulante
1023,64356003,Hugo Gonzalo,Nunez,Rimac,M,924612154,hugo.nunez834@gmail.com,Docente
1024,22989159,Yolanda Paula,Bautista,Herrera,F,938953195,yolanda.bautista767@gmail.com,Policia
1025,11080617,Ruth Estefany,Apaza,Medina,F,905094263,ruth.apaza828@gmail.com,Comerciante
1026,32238401,Walter Gonzalo,Lazo,Lazo,M,985828405,walter.lazo864@gmail.com,Mecanico
1027,73262577,Luz Alessandra,Aquino,Delgado,F,976043998,luz.aquino101@gmail.com,Chofer
1028,35879104,Adrian Thiago,Gutierrez,Guzman,M,950427915,adrian.gutierrez175@gmail.com,Enfermero(a)
1029,36781918,Milagros Ashley,Cardenas,Cabrera,F,987342209,milagros.cardenas813@gmail.com,Vendedor(a)
1030,63908145,Alexandra Estefany,Ticona,Marin,F,939754895,alexandra.ticona83@gmail.com,Empresario(a)
1031,69707093,Emily Ximena,Cabanillas,Marin,F,945844909,emily.cabanillas494@gmail.com,Ama de casa
1032,56360131,Milagros Diana,Cabrera,Vasquez,F,981704438,milagros.cabrera994@gmail.com,Mecanico
1033,30801039,Lucia Ana,Sanchez,Campos,F,907664770,lucia.sanchez740@gmail.com,Contador(a)
1034,11937631,Cristian Ivan,Chavez,Fernandez,M,937709793,cristian.chavez679@gmail.com,Policia
1035,19928958,Ian Oscar,Torres,Soto,M,991074454,ian.torres242@gmail.com,Ama de casa
1036,49933715,Fiorella Fiorella,Nunez,Carrillo,F,992707049,fiorella.nunez945@gmail.com,Contador(a)
1037,13485032,Wilson Alexander,Sanchez,Delgado,M,997154051,wilson.sanchez898@gmail.com,Empleado publico
1038,66006740,Mateo Nicolas,Mamani,Soto,M,927650697,mateo.mamani116@gmail.com,Comerciante
1039,48216714,Mia Emily,Farfan,Bravo,F,916223270,mia.farfan185@gmail.com,Vendedor(a)
1040,34001996,Nayeli Xiomara,Yupanqui,Rivera,F,937938119,nayeli.yupanqui456@gmail.com,Contador(a)
1041,78534432,Cristian Angel,Zavala,Delgado,M,963927326,cristian.zavala416@gmail.com,Contador(a)
1042,42960022,Yesenia Carmen,Chavez,Rojas,F,998700638,yesenia.chavez303@gmail.com,Cocinero(a)
1043,32218762,Lucia Alexandra,Vargas,Torres,F,955236604,lucia.vargas801@gmail.com,Obrero de construccion
1044,64628591,Pilar Fiorella,Vilca,Ticona,F,954110026,pilar.vilca140@gmail.com,Obrero de construccion
1045,73273742,Piero Nicolas,Paucar,Guzman,M,925723316,piero.paucar748@gmail.com,Docente
1046,39524952,Melissa Danna,Espinoza,Mendoza,F,934880067,melissa.espinoza622@gmail.com,Comerciante ambulante
1047,28218380,Ivan Manuel,Herrera,Mamani,M,998997587,ivan.herrera594@gmail.com,Policia
1048,75916723,Ruth Teresa,Ortiz,Paredes,F,998506992,ruth.ortiz74@gmail.com,Tecnico electricista
1049,52138844,Nicolas Julio,Carrillo,Diaz,M,913614084,nicolas.carrillo277@gmail.com,Docente
1050,46077076,Grecia Ana,Alarcon,Ochoa,F,946733537,grecia.alarcon411@gmail.com,Chofer
1051,34172642,Alexander Rodrigo,Carrillo,Machaca,M,923959485,alexander.carrillo384@gmail.com,Policia
1052,18394805,Ximena Ashley,Castillo,Rimac,F,984651025,ximena.castillo902@gmail.com,Vendedor(a)
1053,64992352,Zoe Diana,Yataco,Soto,F,920521074,zoe.yataco774@gmail.com,Contador(a)
1054,17490310,Jose Renzo,Mendoza,Alarcon,M,992104316,jose.mendoza588@gmail.com,Independiente
1055,47501843,Julia Xiomara,Yupanqui,Vega,F,944189862,julia.yupanqui445@gmail.com,Policia
1056,50992288,Wilson Jhon,Paredes,Silva,M,907237246,wilson.paredes854@gmail.com,Chofer
1057,16840680,Manuel Adrian,Torres,Bravo,M,980038171,manuel.torres76@gmail.com,Agricultor
1058,30133190,Ashley Dulce,Leon,Rivera,F,918736163,ashley.leon417@gmail.com,Cocinero(a)
1059,59680348,Emilio Walter,Campos,Huaman,M,992685582,emilio.campos478@gmail.com,Comerciante
1060,77568837,Jhon Mateo,Farfan,Ramos,M,972760094,jhon.farfan483@gmail.com,Docente
1061,25960501,Miguel Ricardo,Paredes,Salazar,M,904147884,miguel.paredes900@gmail.com,Tecnico electricista
1062,65863186,Raul Diego,Gonzales,Ccahuana,M,910007616,raul.gonzales144@gmail.com,Tecnico electricista
1063,25686339,Piero Ian,Medina,Diaz,M,976719275,piero.medina899@gmail.com,Chofer
1064,10764610,Emily Daniela,Rivera,Huaraca,F,926463092,emily.rivera831@gmail.com,Administrador(a)
1065,35467989,Alessandra Grecia,Cutipa,Nunez,F,936120962,alessandra.cutipa239@gmail.com,Chofer
1066,67594029,Milagros Danna,Cabrera,Herrera,F,919236667,milagros.cabrera755@gmail.com,Chofer
1067,36346867,Edgar Samuel,Vilca,Palacios,M,926327652,edgar.vilca341@gmail.com,Independiente
1068,35776076,Juan Fabricio,Vilca,Ibarra,M,923739163,juan.vilca486@gmail.com,Contador(a)
1069,46612689,Zoe Julia,Ibarra,Cabanillas,F,966257995,zoe.ibarra975@gmail.com,Chofer
1070,42284754,Alberto Alberto,Soto,Vilca,M,951874499,alberto.soto46@gmail.com,Vendedor(a)
1071,61693840,Victor Angel,Flores,Cabanillas,M,997008461,victor.flores155@gmail.com,Enfermero(a)
1072,72253535,Angel Bryan,Ramos,Quispe,M,942107183,angel.ramos830@gmail.com,Mecanico
1073,17198528,Paula Grecia,Garcia,Huaraca,F,911391495,paula.garcia397@gmail.com,Policia
1074,50320758,Julia Zoe,Reyes,Lazo,F,930939644,julia.reyes524@gmail.com,Empresario(a)
1075,67364487,Diego Ian,Salvador,Reyes,M,924806822,diego.salvador261@gmail.com,Empresario(a)
1076,19376020,Abigail Jhoana,Sanchez,Mendoza,F,917358178,abigail.sanchez936@gmail.com,Obrero de construccion
1077,66808478,Ruth Britany,Vega,Rivera,F,984130478,ruth.vega571@gmail.com,Mecanico
1078,41069186,Piero Anthony,Alarcon,Gonzales,M,963004861,piero.alarcon154@gmail.com,Ama de casa
1079,60421749,Julia Mia,Cabanillas,Campos,F,988416791,julia.cabanillas688@gmail.com,Docente
1080,46779117,Walter Renzo,Guzman,Gonzales,M,911369352,walter.guzman905@gmail.com,Enfermero tecnico
1081,29101175,Alberto Juan,Machaca,Gutierrez,M,925544666,alberto.machaca52@gmail.com,Obrero de construccion
1082,67484492,Bryan Sebastian,Herrera,Villanueva,M,992544503,bryan.herrera665@gmail.com,Independiente
1083,52203241,Grecia Ariana,Paredes,Condori,F,965376083,grecia.paredes434@gmail.com,Personal de seguridad
1084,21686566,Mateo Oscar,Medina,Cutipa,M,960884386,mateo.medina306@gmail.com,Agricultor
1085,62413522,Luana Zoe,Paucar,Ochoa,F,969424544,luana.paucar164@gmail.com,Ama de casa
1086,18940567,Fiorella Nicole,Alarcon,Reyes,F,928333839,fiorella.alarcon757@gmail.com,Independiente
1087,63596256,Cesar Pedro,Choque,Ticona,M,927317535,cesar.choque673@gmail.com,Tecnico electricista
1088,62156850,Nayeli Alessandra,Cornejo,Reyes,F,999776897,nayeli.cornejo660@gmail.com,Chofer
1089,19619142,Paula Camila,Alarcon,Palacios,F,905869284,paula.alarcon925@gmail.com,Enfermero(a)
1090,35061598,Samuel Cristian,Gutierrez,Zavala,M,923910656,samuel.gutierrez498@gmail.com,Vendedor(a)
1091,26258739,Yesica Gabriela,Ortiz,Quispe,F,923048649,yesica.ortiz160@gmail.com,Obrero de construccion
1092,22947381,Diego Ivan,Nunez,Mamani,M,998537977,diego.nunez121@gmail.com,Contador(a)
1093,50779648,Aaron Marco,Cornejo,Salvador,M,929504749,aaron.cornejo316@gmail.com,Docente
1094,50679307,Abigail Ruth,Torres,Diaz,F,989013745,abigail.torres366@gmail.com,Personal de seguridad
1095,28202862,Gonzalo Jhoel,Gutierrez,Ortiz,M,900434210,gonzalo.gutierrez676@gmail.com,Enfermero tecnico
1096,45653190,Yesenia Carmen,Campos,Cruz,F,966902615,yesenia.campos450@gmail.com,Independiente
1097,24814353,Dulce Kiara,Salvador,Cornejo,F,914825769,dulce.salvador267@gmail.com,Docente
1098,76679403,Franco Joaquin,Vilca,Reyes,M,953394746,franco.vilca228@gmail.com,Docente
1099,30417036,Karen Pilar,Yataco,Gutierrez,F,958805840,karen.yataco496@gmail.com,Vendedor(a)
1100,44334088,Edgar Miguel,Gonzales,Fernandez,M,956903093,edgar.gonzales818@gmail.com,Tecnico electricista
1101,59026921,Nicole Pilar,Vega,Soto,F,969442276,nicole.vega828@gmail.com,Chofer
1102,66556317,Yamil Gabriel,Rivera,Quispe,M,979076773,yamil.rivera416@gmail.com,Agricultor
1103,54044381,Carmen Yesica,Yataco,Diaz,F,950578496,carmen.yataco302@gmail.com,Enfermero tecnico
1104,32473758,Ruth Antonella,Silva,Cardenas,F,903683219,ruth.silva250@gmail.com,Enfermero tecnico
1105,46419354,Jorge Cesar,Rodriguez,Lazo,M,957672046,jorge.rodriguez387@gmail.com,Administrador(a)
1106,34021099,Grecia Lucia,Reyes,Gutierrez,F,955011012,grecia.reyes588@gmail.com,Empleado publico
1107,73630902,Maria Valentina,Cornejo,Cabanillas,F,985857129,maria.cornejo559@gmail.com,Administrador(a)
1108,79992866,Fabricio Alberto,Nunez,Leon,M,950781904,fabricio.nunez378@gmail.com,Comerciante
1109,68737710,Ian Edgar,Rivera,Ccahuana,M,945679326,ian.rivera121@gmail.com,Comerciante
1110,73717127,Cristian Sebastian,Torres,Cardenas,M,963429561,cristian.torres821@gmail.com,Personal de seguridad
1111,69357018,Ricardo Gustavo,Garcia,Paucar,M,940417971,ricardo.garcia300@gmail.com,Docente
1112,11827377,Samuel Manuel,Choque,Soto,M,938144838,samuel.choque682@gmail.com,Comerciante
1113,72592809,Piero Cristian,Garcia,Lazo,M,987091516,piero.garcia759@gmail.com,Administrador(a)
1114,60350069,Erick Samuel,Salazar,Cutipa,M,945366607,erick.salazar509@gmail.com,Mecanico
1115,71792158,Adrian Dylan,Bravo,Cabrera,M,952210872,adrian.bravo640@gmail.com,Comerciante ambulante
1116,54707270,Abigail Ana,Marin,Carrillo,F,992392088,abigail.marin2@gmail.com,Tecnico electricista
1117,56466515,Rafaella Mia,Huaraca,Palacios,F,997758203,rafaella.huaraca570@gmail.com,Comerciante
1118,12164597,Zoe Elena,Choque,Cabanillas,F,907341694,zoe.choque133@gmail.com,Contador(a)
1119,62882226,Rafaella Carmen,Condori,Yataco,F,988542103,rafaella.condori656@gmail.com,Enfermero tecnico
1120,65216731,Sofia Lucia,Huaman,Huaraca,F,942479620,sofia.huaman337@gmail.com,Empleado publico
1121,62341565,Susan Nayeli,Carrillo,Castillo,F,922057726,susan.carrillo85@gmail.com,Independiente
1122,73976658,Renzo Alberto,Cabrera,Vasquez,M,914048466,renzo.cabrera943@gmail.com,Policia
1123,73900274,Erick Oscar,Palacios,Vega,M,945592510,erick.palacios186@gmail.com,Vendedor(a)
1124,19651091,Diana Britany,Medina,Villanueva,F,950175835,diana.medina164@gmail.com,Personal de seguridad
1125,17510344,Bryan Marco,Cabrera,Ruiz,M,981524920,bryan.cabrera421@gmail.com,Tecnico electricista
1126,16185155,Erick Luis,Pacheco,Espinoza,M,970606297,erick.pacheco46@gmail.com,Empleado publico
1127,53368983,Aaron Cristian,Farfan,Zavala,M,926124702,aaron.farfan110@gmail.com,Administrador(a)
1128,65681038,Hugo Raul,Gonzales,Flores,M,978195721,hugo.gonzales314@gmail.com,Personal de seguridad
1129,28411135,Jose Renzo,Ramos,Cruz,M,902815610,jose.ramos117@gmail.com,Cocinero(a)
1130,13346530,Thiago Dylan,Bautista,Gonzales,M,999297429,thiago.bautista799@gmail.com,Empresario(a)
1131,59847453,Carlos Andres,Soto,Rimac,M,948285838,carlos.soto415@gmail.com,Mecanico
1132,78217681,Nicole Ana,Alarcon,Cabrera,F,934568230,nicole.alarcon258@gmail.com,Contador(a)
1133,44963834,Victor Alberto,Carrillo,Gonzales,M,989804984,victor.carrillo98@gmail.com,Mecanico
1134,33580407,Katty Valentina,Espinoza,Huaman,F,964981044,katty.espinoza439@gmail.com,Tecnico electricista
1135,57417840,Rafaella Abigail,Fernandez,Condori,F,960798374,rafaella.fernandez798@gmail.com,Comerciante ambulante
1136,26980843,Thiago Dylan,Espinoza,Cruz,M,989488575,thiago.espinoza92@gmail.com,Mecanico
1137,79866992,Manuel Alberto,Ticona,Quispe,M,976310233,manuel.ticona519@gmail.com,Comerciante ambulante
1138,16132928,Hugo Erick,Ticona,Condori,M,940554696,hugo.ticona390@gmail.com,Administrador(a)
1139,56191991,Walter Bryan,Salazar,Ticona,M,978067705,walter.salazar424@gmail.com,Cocinero(a)
1140,68100196,Abigail Grecia,Vargas,Cabrera,F,957662136,abigail.vargas848@gmail.com,Comerciante ambulante
1141,42914510,Renzo Jhoel,Carrillo,Yupanqui,M,940561931,renzo.carrillo879@gmail.com,Mecanico
1142,65811561,Lucia Sofia,Chavez,Villanueva,F,974358473,lucia.chavez72@gmail.com,Ama de casa
1143,49983278,Isabel Grecia,Leon,Ticona,F,915011215,isabel.leon352@gmail.com,Agricultor
1144,51968360,Diego Bryan,Carrillo,Cabanillas,M,961507735,diego.carrillo868@gmail.com,Obrero de construccion
1145,36698927,Melissa Ruth,Espinoza,Huaraca,F,903570850,melissa.espinoza907@gmail.com,Independiente
1146,54961081,Ruth Estefany,Rivera,Rivera,F,971954542,ruth.rivera128@gmail.com,Administrador(a)
1147,70416654,Benjamin Hugo,Lazo,Silva,M,936164775,benjamin.lazo519@gmail.com,Obrero de construccion
1148,35433249,Rafaella Ariana,Garcia,Gutierrez,F,919013179,rafaella.garcia117@gmail.com,Contador(a)
1149,23003428,Dylan Ricardo,Condori,Aquino,M,927946641,dylan.condori524@gmail.com,Enfermero tecnico
1150,20984546,Emily Julia,Gonzales,Zavala,F,949059838,emily.gonzales851@gmail.com,Obrero de construccion
1151,68722259,Carlos Oscar,Bautista,Cabanillas,M,964325041,carlos.bautista777@gmail.com,Vendedor(a)
1152,41126576,Flor Nicole,Ramos,Vasquez,F,960201187,flor.ramos223@gmail.com,Contador(a)
1153,66366117,Nicole Ximena,Choque,Palacios,F,927854430,nicole.choque439@gmail.com,Ama de casa
1154,28887482,Adrian Jhon,Vilca,Espinoza,M,992060196,adrian.vilca999@gmail.com,Contador(a)
1155,41197024,Maria Katty,Yataco,Espinoza,F,981448407,maria.yataco798@gmail.com,Ama de casa
1156,68103130,Jhoana Alessandra,Alarcon,Espinoza,F,976393236,jhoana.alarcon404@gmail.com,Agricultor
1157,10093943,Susan Yesenia,Rivera,Romero,F,914852271,susan.rivera392@gmail.com,Administrador(a)
1158,57408373,Diego Ivan,Nunez,Ochoa,M,993791491,diego.nunez981@gmail.com,Docente
1159,70823020,Marco Mateo,Espinoza,Medina,M,987806673,marco.espinoza90@gmail.com,Policia
1160,15441369,Fabricio Anthony,Vega,Guzman,M,995448540,fabricio.vega474@gmail.com,Obrero de construccion
1161,27432620,Brenda Camila,Flores,Silva,F,967690448,brenda.flores609@gmail.com,Personal de seguridad
1162,36301714,Jorge Ricardo,Paucar,Marin,M,921401913,jorge.paucar749@gmail.com,Ama de casa
1163,66284549,Flor Elena,Vilca,Cutipa,F,914431217,flor.vilca626@gmail.com,Contador(a)
1164,13274953,Fiorella Estefany,Sanchez,Espinoza,F,988954194,fiorella.sanchez975@gmail.com,Docente
1165,23528685,Ana Rafaella,Vega,Ibarra,F,924858950,ana.vega801@gmail.com,Enfermero(a)
1166,67691768,Cesar Renzo,Yupanqui,Diaz,M,910778325,cesar.yupanqui76@gmail.com,Comerciante ambulante
1167,21250030,Nicole Britany,Quispe,Flores,F,985644474,nicole.quispe23@gmail.com,Comerciante
1168,69225704,Ian Sebastian,Yupanqui,Castillo,M,960308824,ian.yupanqui616@gmail.com,Empleado publico
1169,32435410,Fernando Jhoel,Cardenas,Castillo,M,935775564,fernando.cardenas210@gmail.com,Ama de casa
1170,36066629,Miguel Sebastian,Aguilar,Rodriguez,M,949324490,miguel.aguilar619@gmail.com,Enfermero tecnico
1171,12579919,Renata Abigail,Quispe,Medina,F,978612554,renata.quispe418@gmail.com,Obrero de construccion
1172,49460715,Fernando Fernando,Leon,Fernandez,M,943583025,fernando.leon771@gmail.com,Agricultor
1173,14299256,Emily Renata,Palacios,Guzman,F,961595698,emily.palacios904@gmail.com,Agricultor
1174,59520952,Aaron Aaron,Medina,Bravo,M,908026188,aaron.medina178@gmail.com,Obrero de construccion
1175,78491663,Angel Cesar,Rivera,Lazo,M,913548880,angel.rivera327@gmail.com,Policia
1176,23296530,Diego Jose,Castillo,Lazo,M,955788468,diego.castillo957@gmail.com,Independiente
1177,13867084,Ashley Milagros,Vega,Leon,F,912274429,ashley.vega690@gmail.com,Administrador(a)
1178,59965666,Carlos Nicolas,Delgado,Chavez,M,910540808,carlos.delgado233@gmail.com,Independiente
1179,53367759,Wilson Sebastian,Torres,Villanueva,M,911846073,wilson.torres108@gmail.com,Ama de casa
1180,73082930,Patricia Dulce,Torres,Vilca,F,949622486,patricia.torres24@gmail.com,Independiente
1181,79596568,Ariana Nayeli,Guzman,Marin,F,970239093,ariana.guzman670@gmail.com,Enfermero tecnico
1182,51157724,Victor Walter,Salazar,Torres,M,912167693,victor.salazar420@gmail.com,Enfermero(a)
1183,60243278,Rosa Xiomara,Pacheco,Chavez,F,997693066,rosa.pacheco459@gmail.com,Enfermero(a)
1184,37962407,Erick Wilson,Aguilar,Bautista,M,948037364,erick.aguilar810@gmail.com,Chofer
1185,22702091,Yesica Patricia,Yataco,Guzman,F,900342940,yesica.yataco347@gmail.com,Obrero de construccion
1186,37495699,Teresa Sofia,Cruz,Marin,F,961880310,teresa.cruz809@gmail.com,Administrador(a)
1187,21913549,Alberto Sebastian,Espinoza,Cabrera,M,996040956,alberto.espinoza628@gmail.com,Empresario(a)
1188,47060517,Valentina Jhoana,Flores,Espinoza,F,953631390,valentina.flores599@gmail.com,Cocinero(a)
1189,65473982,Camila Maria,Gonzales,Mamani,F,935113850,camila.gonzales752@gmail.com,Vendedor(a)
1190,14728376,Brenda Britany,Torres,Ochoa,F,908259597,brenda.torres631@gmail.com,Contador(a)
1191,62657687,Luana Sofia,Ortiz,Soto,F,965418503,luana.ortiz59@gmail.com,Independiente
1192,75190448,Alexandra Yesenia,Mamani,Chavez,F,919713119,alexandra.mamani870@gmail.com,Obrero de construccion
1193,45579451,Elmer Alexander,Aquino,Quispe,M,967621340,elmer.aquino429@gmail.com,Personal de seguridad
1194,43530945,Diana Grecia,Ticona,Zavala,F,912950866,diana.ticona36@gmail.com,Tecnico electricista
1195,62271360,Camila Paula,Fernandez,Ruiz,F,995428349,camila.fernandez763@gmail.com,Policia
1196,37728869,Dulce Sofia,Silva,Huaman,F,989720454,dulce.silva806@gmail.com,Enfermero(a)
1197,42679581,Franco Diego,Marin,Ochoa,M,977322518,franco.marin472@gmail.com,Obrero de construccion
1198,20652453,Danna Milagros,Campos,Bautista,F,908434384,danna.campos951@gmail.com,Cocinero(a)
1199,11813436,Yesica Grecia,Salazar,Silva,F,977188279,yesica.salazar660@gmail.com,Administrador(a)
1200,63316448,Emilio Ricardo,Choque,Aquino,M,948379016,emilio.choque668@gmail.com,Cocinero(a)
1201,59345576,Julio Alberto,Yupanqui,Vilca,M,925287333,julio.yupanqui378@gmail.com,Enfermero(a)
1202,41525664,Yolanda Antonella,Vilca,Espinoza,F,954457973,yolanda.vilca527@gmail.com,Empleado publico
1203,16125244,Cristian Oscar,Campos,Ortiz,M,921711334,cristian.campos907@gmail.com,Contador(a)
1204,25366169,Renata Renata,Ibarra,Cardenas,F,950514207,renata.ibarra517@gmail.com,Empresario(a)
1205,28733577,Paula Lucia,Silva,Ibarra,F,926286092,paula.silva984@gmail.com,Agricultor
1206,63820074,Bryan Leonardo,Bautista,Espinoza,M,959769426,bryan.bautista379@gmail.com,Enfermero tecnico
1207,68880534,Ashley Melissa,Huaraca,Aquino,F,903591549,ashley.huaraca131@gmail.com,Chofer
1208,26907123,Estefany Diana,Ruiz,Rojas,F,918246442,estefany.ruiz673@gmail.com,Cocinero(a)
1209,22824703,Julio Franco,Ramos,Garcia,M,920721026,julio.ramos545@gmail.com,Administrador(a)
1210,31109745,Luz Ariana,Nunez,Diaz,F,916856201,luz.nunez944@gmail.com,Tecnico electricista
1211,54193784,Yamil Thiago,Carrillo,Silva,M,908357204,yamil.carrillo642@gmail.com,Vendedor(a)
1212,42339110,Kevin Ivan,Reyes,Fernandez,M,933470522,kevin.reyes360@gmail.com,Empresario(a)
1213,36548570,Teresa Ximena,Mendoza,Gutierrez,F,942651263,teresa.mendoza606@gmail.com,Comerciante ambulante
1214,29435510,Erick Julio,Vasquez,Romero,M,969135517,erick.vasquez846@gmail.com,Contador(a)
1215,56878508,Gabriela Luana,Ochoa,Sanchez,F,995003780,gabriela.ochoa15@gmail.com,Mecanico
1216,39629595,Camila Alexandra,Aquino,Vargas,F,959858971,camila.aquino184@gmail.com,Empresario(a)
1217,63309146,Britany Julia,Rodriguez,Paucar,F,904095387,britany.rodriguez456@gmail.com,Tecnico electricista
1218,58551053,Milagros Melissa,Cabrera,Ortiz,F,997040419,milagros.cabrera746@gmail.com,Personal de seguridad
1219,33387962,Paula Sofia,Nunez,Delgado,F,943188673,paula.nunez142@gmail.com,Docente
1220,13994087,Thiago Pedro,Nunez,Quispe,M,919154767,thiago.nunez526@gmail.com,Comerciante
1221,23431302,Benjamin Yamil,Aquino,Bautista,M,963859624,benjamin.aquino169@gmail.com,Policia
1222,27843688,Cristian Thiago,Leon,Garcia,M,985144232,cristian.leon886@gmail.com,Comerciante ambulante
1223,16213035,Victor Kevin,Carrillo,Ortiz,M,907826936,victor.carrillo373@gmail.com,Obrero de construccion
1224,53830884,Nayeli Xiomara,Delgado,Chavez,F,908108790,nayeli.delgado172@gmail.com,Chofer
1225,48059416,Ivan Luis,Nunez,Apaza,M,921216871,ivan.nunez723@gmail.com,Chofer
1226,19555735,Anthony Alexis,Castillo,Gutierrez,M,976406840,anthony.castillo13@gmail.com,Administrador(a)
1227,76563147,Rosa Karen,Vargas,Fernandez,F,979287740,rosa.vargas197@gmail.com,Vendedor(a)
1228,68406027,Yesica Carmen,Herrera,Marin,F,918755903,yesica.herrera875@gmail.com,Empleado publico
1229,43328320,Nicole Teresa,Vilca,Ortiz,F,984740398,nicole.vilca937@gmail.com,Ama de casa
1230,62990200,Oscar Aaron,Zavala,Cabanillas,M,967187267,oscar.zavala487@gmail.com,Chofer
1231,56499637,Renzo Anthony,Marin,Bautista,M,927868549,renzo.marin434@gmail.com,Cocinero(a)
1232,47715867,Pedro Cristian,Paucar,Rojas,M,953810072,pedro.paucar493@gmail.com,Agricultor
1233,12681947,Flor Fiorella,Alarcon,Huaman,F,929636073,flor.alarcon120@gmail.com,Cocinero(a)
1234,76701460,Katty Nayeli,Gutierrez,Espinoza,F,977306145,katty.gutierrez133@gmail.com,Docente
1235,26657323,Mia Abigail,Pacheco,Ruiz,F,912712251,mia.pacheco469@gmail.com,Agricultor
1236,20838649,Camila Ximena,Paredes,Romero,F,958283521,camila.paredes341@gmail.com,Tecnico electricista
1237,23809521,Samuel Elmer,Medina,Medina,M,971917287,samuel.medina596@gmail.com,Mecanico
1238,13818495,Gustavo Diego,Bautista,Bravo,M,958540021,gustavo.bautista499@gmail.com,Contador(a)
1239,30173917,Samuel Alberto,Quispe,Salazar,M,975567762,samuel.quispe401@gmail.com,Administrador(a)
1240,63805106,Yamil Thiago,Soto,Sanchez,M,999772304,yamil.soto61@gmail.com,Cocinero(a)
1241,50188325,Elena Diana,Bautista,Vega,F,935184401,elena.bautista806@gmail.com,Chofer
1242,64921133,Jose Aaron,Reyes,Palacios,M,918293793,jose.reyes515@gmail.com,Policia
1243,14822232,Gabriela Isabel,Rodriguez,Condori,F,910906975,gabriela.rodriguez846@gmail.com,Docente
1244,72992122,Grecia Abigail,Lazo,Ortiz,F,932120044,grecia.lazo633@gmail.com,Enfermero(a)
1245,34957699,Katherine Jhoana,Zavala,Chavez,F,971340980,katherine.zavala314@gmail.com,Administrador(a)
1246,34414808,Yamil Cesar,Rivera,Cornejo,M,986770007,yamil.rivera764@gmail.com,Empleado publico
1247,78632499,Miguel Wilson,Mamani,Delgado,M,907094175,miguel.mamani230@gmail.com,Obrero de construccion
1248,55614710,Alexandra Nayeli,Espinoza,Cabanillas,F,973537427,alexandra.espinoza213@gmail.com,Obrero de construccion
1249,31268545,Luz Pilar,Medina,Zavala,F,988913933,luz.medina181@gmail.com,Personal de seguridad
1250,73853849,Rosa Paula,Reyes,Cabrera,F,988429134,rosa.reyes250@gmail.com,Policia
1251,61999309,Marco Thiago,Vargas,Garcia,M,952378530,marco.vargas926@gmail.com,Docente
1252,41456409,Alexander Gustavo,Mamani,Leon,M,917151285,alexander.mamani494@gmail.com,Agricultor
1253,53598239,Carlos Nicolas,Salvador,Paucar,M,978774234,carlos.salvador453@gmail.com,Independiente
1254,33268280,Diego Luis,Ramos,Diaz,M,991283053,diego.ramos354@gmail.com,Enfermero(a)
1255,76123716,Diana Rafaella,Aquino,Castillo,F,976021016,diana.aquino130@gmail.com,Policia
1256,24604584,Valentina Jhoana,Machaca,Huaman,F,981976862,valentina.machaca148@gmail.com,Ama de casa
1257,22717373,Katty Renata,Rivera,Rimac,F,944170065,katty.rivera630@gmail.com,Chofer
1258,68398222,Benjamin Jorge,Alvarez,Sanchez,M,966335577,benjamin.alvarez634@gmail.com,Contador(a)
1259,18506031,Alexis Cristian,Gutierrez,Nunez,M,908306683,alexis.gutierrez847@gmail.com,Tecnico electricista
1260,11284026,Rosa Kiara,Lazo,Quispe,F,955367028,rosa.lazo181@gmail.com,Administrador(a)
1261,37175512,Alberto Leonardo,Ccahuana,Villanueva,M,973587277,alberto.ccahuana895@gmail.com,Comerciante
1262,66333472,Wilson Gonzalo,Huaman,Fernandez,M,953867984,wilson.huaman116@gmail.com,Enfermero(a)
1263,67477078,Isabel Gabriela,Villanueva,Bravo,F,998158626,isabel.villanueva991@gmail.com,Enfermero(a)
1264,67167792,Alexandra Rafaella,Rodriguez,Aquino,F,980077203,alexandra.rodriguez279@gmail.com,Personal de seguridad
1265,62908650,Erick Martin,Delgado,Villanueva,M,909033448,erick.delgado226@gmail.com,Cocinero(a)
1266,50576761,Alexis Walter,Cutipa,Paucar,M,952879707,alexis.cutipa672@gmail.com,Cocinero(a)
1267,23466112,Alexander Sebastian,Apaza,Carrillo,M,977244562,alexander.apaza381@gmail.com,Enfermero tecnico
1268,77919095,Fiorella Maria,Reyes,Vilca,F,922017785,fiorella.reyes796@gmail.com,Comerciante ambulante
1269,64886362,Rafaella Karen,Gonzales,Choque,F,950596369,rafaella.gonzales570@gmail.com,Mecanico
1270,12677430,Piero Yamil,Cabanillas,Rivera,M,988916768,piero.cabanillas184@gmail.com,Empresario(a)
1271,10192940,Lucia Danna,Ccahuana,Apaza,F,972353978,lucia.ccahuana955@gmail.com,Personal de seguridad
1272,68733985,Diana Rafaella,Nunez,Rimac,F,983151193,diana.nunez60@gmail.com,Enfermero(a)
1273,65741782,Fernando Miguel,Cabanillas,Ortiz,M,940935836,fernando.cabanillas533@gmail.com,Contador(a)
1274,14837414,Ivan Luis,Salazar,Castillo,M,935187131,ivan.salazar661@gmail.com,Comerciante
1275,52481347,Alexis Joaquin,Palacios,Leon,M,974418430,alexis.palacios969@gmail.com,Policia
1276,35180394,Elena Maria,Cardenas,Pacheco,F,929064836,elena.cardenas886@gmail.com,Vendedor(a)
1277,36724229,Camila Camila,Bravo,Palacios,F,922830737,camila.bravo976@gmail.com,Contador(a)
1278,24802672,Renata Mia,Medina,Silva,F,985715563,renata.medina416@gmail.com,Chofer
1279,18147863,Marco Gonzalo,Leon,Paredes,M,987978580,marco.leon548@gmail.com,Tecnico electricista
1280,72107706,Ruth Pilar,Cabanillas,Alvarez,F,973862766,ruth.cabanillas403@gmail.com,Mecanico
1281,62332941,Ivan Rodrigo,Romero,Campos,M,907036979,ivan.romero58@gmail.com,Mecanico
1282,41262354,Gabriela Luana,Ortiz,Farfan,F,989798831,gabriela.ortiz752@gmail.com,Administrador(a)
1283,54518739,Benjamin Hugo,Ticona,Machaca,M,999434759,benjamin.ticona444@gmail.com,Docente
1284,52450250,Flor Rafaella,Yataco,Ruiz,F,941490959,flor.yataco468@gmail.com,Independiente
1285,52987607,Gustavo Gabriel,Pacheco,Herrera,M,957706440,gustavo.pacheco76@gmail.com,Agricultor
1286,43491614,Gabriel Erick,Cruz,Cardenas,M,900728242,gabriel.cruz850@gmail.com,Comerciante ambulante
1287,14284679,Jhoana Ana,Vargas,Herrera,F,932842890,jhoana.vargas187@gmail.com,Comerciante ambulante
1288,30624501,Melissa Rosa,Vega,Cabanillas,F,966442494,melissa.vega46@gmail.com,Personal de seguridad
1289,21867750,Rosa Julia,Fernandez,Fernandez,F,923489832,rosa.fernandez856@gmail.com,Mecanico
1290,68450538,Carmen Yolanda,Villanueva,Ortiz,F,907611338,carmen.villanueva840@gmail.com,Personal de seguridad
1291,34789919,Pedro Victor,Cabanillas,Chavez,M,932444779,pedro.cabanillas961@gmail.com,Independiente
1292,76721614,Renata Ana,Espinoza,Quispe,F,956061475,renata.espinoza760@gmail.com,Tecnico electricista
1293,26459326,Wilson Diego,Flores,Herrera,M,923132243,wilson.flores624@gmail.com,Tecnico electricista
1294,62882121,Lucia Susan,Cutipa,Soto,F,903050807,lucia.cutipa806@gmail.com,Agricultor
1295,65593996,Teresa Katherine,Aquino,Carrillo,F,911954345,teresa.aquino283@gmail.com,Empleado publico
1296,68403893,Manuel Julio,Gonzales,Chavez,M,910390247,manuel.gonzales385@gmail.com,Mecanico
1297,33310918,Hugo Fabricio,Medina,Mamani,M,973055968,hugo.medina673@gmail.com,Comerciante ambulante
1298,75016198,Nicole Maria,Paredes,Vega,F,991171424,nicole.paredes94@gmail.com,Enfermero(a)
1299,64760041,Alexander Julio,Yataco,Rodriguez,M,916240686,alexander.yataco459@gmail.com,Obrero de construccion
1300,69001419,Susan Katherine,Machaca,Quispe,F,901083985,susan.machaca876@gmail.com,Enfermero tecnico
1301,63176818,Pilar Mia,Diaz,Huaman,F,953021413,pilar.diaz474@gmail.com,Enfermero tecnico
1302,26701792,Dulce Teresa,Ibarra,Flores,F,902430429,dulce.ibarra66@gmail.com,Empleado publico
1303,34200863,Yamil Carlos,Carrillo,Aguilar,M,948155450,yamil.carrillo593@gmail.com,Empresario(a)
1304,60025695,Danna Pilar,Nunez,Bautista,F,927626356,danna.nunez121@gmail.com,Obrero de construccion
1305,18814218,Milagros Julia,Aquino,Guzman,F,919675511,milagros.aquino578@gmail.com,Policia
1306,58227521,Yamil Carlos,Villanueva,Chavez,M,906661137,yamil.villanueva872@gmail.com,Chofer
1307,39145428,Ricardo Jhon,Garcia,Alvarez,M,912841109,ricardo.garcia119@gmail.com,Mecanico
1308,54526226,Angel Edgar,Espinoza,Ramos,M,990048697,angel.espinoza370@gmail.com,Cocinero(a)
1309,29835134,Luana Rosa,Espinoza,Reyes,F,927534549,luana.espinoza398@gmail.com,Enfermero(a)
1310,21667900,Samuel Pedro,Soto,Romero,M,903468799,samuel.soto894@gmail.com,Obrero de construccion
1311,10961545,Mia Carmen,Mamani,Medina,F,977306673,mia.mamani956@gmail.com,Comerciante
1312,43666945,Camila Britany,Rimac,Espinoza,F,950887205,camila.rimac47@gmail.com,Empresario(a)
1313,17556113,Emily Grecia,Medina,Ortiz,F,948504203,emily.medina38@gmail.com,Comerciante
1314,53618310,Renata Katty,Delgado,Vasquez,F,999147342,renata.delgado460@gmail.com,Independiente
1315,33953299,Sofia Brenda,Silva,Paredes,F,980308431,sofia.silva975@gmail.com,Policia
1316,19870806,Raul Ricardo,Huaman,Alvarez,M,943624335,raul.huaman209@gmail.com,Docente
1317,28952914,Pedro Ricardo,Vargas,Ticona,M,988849301,pedro.vargas583@gmail.com,Policia
1318,57344699,Andres Benjamin,Quispe,Ortiz,M,987168718,andres.quispe876@gmail.com,Obrero de construccion
1319,62104551,Vanessa Ruth,Machaca,Chavez,F,920032029,vanessa.machaca290@gmail.com,Policia
1320,27032298,Franco Alexis,Lazo,Palacios,M,999409211,franco.lazo49@gmail.com,Mecanico
1321,70188302,Alessandra Jhoana,Rojas,Cutipa,F,936707056,alessandra.rojas977@gmail.com,Empresario(a)
1322,60925580,Juan Andres,Huaraca,Diaz,M,903116675,juan.huaraca244@gmail.com,Obrero de construccion
1323,23698750,Katty Milagros,Soto,Salvador,F,903212043,katty.soto699@gmail.com,Vendedor(a)
1324,16170402,Cristian Ian,Cabanillas,Silva,M,913090325,cristian.cabanillas709@gmail.com,Agricultor
1325,24335831,Mia Luana,Reyes,Herrera,F,968191970,mia.reyes235@gmail.com,Empleado publico
1326,26044535,Ruth Renata,Cornejo,Garcia,F,946475650,ruth.cornejo239@gmail.com,Empresario(a)
1327,54924066,Leonardo Renzo,Machaca,Espinoza,M,986268080,leonardo.machaca56@gmail.com,Obrero de construccion
1328,42108888,Andres Leonardo,Alarcon,Gutierrez,M,918406760,andres.alarcon4@gmail.com,Administrador(a)
1329,13770652,Antonella Katty,Silva,Ccahuana,F,965999091,antonella.silva13@gmail.com,Docente
1330,39179222,Grecia Fiorella,Salazar,Cornejo,F,991264546,grecia.salazar123@gmail.com,Contador(a)
1331,54804031,Miguel Juan,Alarcon,Vargas,M,975533762,miguel.alarcon605@gmail.com,Contador(a)
1332,31882331,Alexandra Rafaella,Sanchez,Rivera,F,906036338,alexandra.sanchez752@gmail.com,Enfermero(a)
1333,63681753,Ariana Abigail,Paucar,Machaca,F,952647883,ariana.paucar574@gmail.com,Empleado publico
1334,24101877,Thiago Dylan,Yupanqui,Apaza,M,987588566,thiago.yupanqui66@gmail.com,Empresario(a)
1335,13691015,Maria Rafaella,Apaza,Silva,F,965690919,maria.apaza826@gmail.com,Enfermero(a)
1336,56153507,Alexis Fabricio,Cardenas,Paucar,M,983447717,alexis.cardenas946@gmail.com,Enfermero tecnico
1337,53840799,Milagros Luana,Guzman,Mendoza,F,935292394,milagros.guzman507@gmail.com,Agricultor
1338,54674641,Dylan Emilio,Yupanqui,Aquino,M,985057634,dylan.yupanqui438@gmail.com,Contador(a)
1339,38619613,Oscar Julio,Salazar,Gutierrez,M,914978810,oscar.salazar950@gmail.com,Contador(a)
1340,19761726,Piero Carlos,Mendoza,Chavez,M,921527865,piero.mendoza370@gmail.com,Docente
1341,13519527,Renata Julia,Ruiz,Bravo,F,984366478,renata.ruiz518@gmail.com,Mecanico
1342,23922610,Nicolas Pedro,Ccahuana,Ibarra,M,907734317,nicolas.ccahuana735@gmail.com,Administrador(a)
1343,25580857,Martin Ricardo,Yupanqui,Rodriguez,M,977835868,martin.yupanqui477@gmail.com,Policia
1344,60812954,Wilson Hugo,Vasquez,Machaca,M,992852458,wilson.vasquez629@gmail.com,Empleado publico
1345,65565131,Franco Renzo,Bravo,Ortiz,M,947789964,franco.bravo425@gmail.com,Enfermero tecnico
1346,34091789,Jose Jose,Flores,Rivera,M,956315189,jose.flores380@gmail.com,Empleado publico
1347,34573490,Jhoana Nicole,Ramos,Espinoza,F,947780043,jhoana.ramos656@gmail.com,Comerciante ambulante
1348,40179193,Cristian Gonzalo,Nunez,Torres,M,947679175,cristian.nunez730@gmail.com,Policia
1349,41406988,Ivan Oscar,Zavala,Diaz,M,904499284,ivan.zavala890@gmail.com,Mecanico
1350,76312763,Emily Vanessa,Huaraca,Aguilar,F,939129697,emily.huaraca813@gmail.com,Contador(a)
1351,45069178,Katty Luz,Farfan,Alvarez,F,929726287,katty.farfan436@gmail.com,Mecanico
1352,51654693,Ian Yamil,Medina,Alarcon,M,902537570,ian.medina145@gmail.com,Enfermero(a)
1353,55110639,Gabriel Walter,Vasquez,Palacios,M,951320064,gabriel.vasquez368@gmail.com,Tecnico electricista
1354,68596976,Nayeli Fiorella,Reyes,Ticona,F,936468962,nayeli.reyes68@gmail.com,Empresario(a)
1355,37737007,Pilar Flor,Paucar,Sanchez,F,949390269,pilar.paucar768@gmail.com,Tecnico electricista
1356,78128791,Estefany Grecia,Gonzales,Gutierrez,F,947431660,estefany.gonzales356@gmail.com,Empresario(a)
1357,25958076,Martin Samuel,Rodriguez,Espinoza,M,948868018,martin.rodriguez914@gmail.com,Comerciante ambulante
1358,35663075,Camila Lucia,Paucar,Chavez,F,909225960,camila.paucar213@gmail.com,Empresario(a)
1359,40498581,Xiomara Melissa,Pacheco,Medina,F,905967525,xiomara.pacheco906@gmail.com,Docente
1360,52342773,Mia Flor,Paredes,Paredes,F,949890786,mia.paredes742@gmail.com,Mecanico
1361,25765299,Manuel Gustavo,Vargas,Ortiz,M,981673689,manuel.vargas47@gmail.com,Independiente
1362,76037432,Rosa Emily,Bautista,Vega,F,978800453,rosa.bautista885@gmail.com,Tecnico electricista
1363,31718211,Erick Aaron,Silva,Zavala,M,914426571,erick.silva360@gmail.com,Comerciante ambulante
1364,59731178,Flor Katty,Espinoza,Aquino,F,981491401,flor.espinoza410@gmail.com,Comerciante
1365,31958820,Elena Mia,Fernandez,Fernandez,F,959443663,elena.fernandez286@gmail.com,Enfermero tecnico
1366,33657226,Jhoana Gabriela,Cabanillas,Diaz,F,953059714,jhoana.cabanillas67@gmail.com,Docente
1367,36207692,Alberto Cesar,Aguilar,Cruz,M,946810340,alberto.aguilar915@gmail.com,Docente
1368,66375521,Ariana Katherine,Mamani,Nunez,F,969542935,ariana.mamani914@gmail.com,Administrador(a)
1369,46487224,Camila Britany,Mendoza,Gonzales,F,953075982,camila.mendoza525@gmail.com,Enfermero(a)
1370,32997031,Fernando Alexis,Delgado,Gutierrez,M,900122598,fernando.delgado667@gmail.com,Mecanico
1371,62649301,Nicole Dulce,Soto,Mendoza,F,958614420,nicole.soto545@gmail.com,Policia
1372,10571383,Flor Flor,Rodriguez,Pacheco,F,996537264,flor.rodriguez844@gmail.com,Contador(a)
1373,22072657,Miguel Pedro,Aquino,Vargas,M,982878928,miguel.aquino979@gmail.com,Vendedor(a)
1374,56667419,Alexander Yamil,Quispe,Aguilar,M,930832594,alexander.quispe640@gmail.com,Obrero de construccion
1375,41132356,Zoe Elena,Gutierrez,Salazar,F,997677799,zoe.gutierrez842@gmail.com,Comerciante ambulante
1376,24323660,Paula Danna,Yupanqui,Espinoza,F,908895558,paula.yupanqui151@gmail.com,Obrero de construccion
1377,45719241,Maria Paula,Yupanqui,Rodriguez,F,970590577,maria.yupanqui25@gmail.com,Enfermero tecnico
1378,42177653,Jorge Erick,Guzman,Herrera,M,917310659,jorge.guzman326@gmail.com,Enfermero(a)
1379,74671360,Piero Jorge,Rivera,Garcia,M,993922084,piero.rivera774@gmail.com,Enfermero tecnico
1380,66287497,Kevin Erick,Ticona,Aguilar,M,916727856,kevin.ticona342@gmail.com,Cocinero(a)
1381,74059488,Andres Fabricio,Ccahuana,Vargas,M,936966330,andres.ccahuana460@gmail.com,Contador(a)
1382,16338138,Ivan Pedro,Rimac,Alarcon,M,951176727,ivan.rimac704@gmail.com,Obrero de construccion
1383,74203487,Yesica Valentina,Yupanqui,Huaman,F,996625762,yesica.yupanqui715@gmail.com,Comerciante ambulante
1384,60323391,Rodrigo Adrian,Yupanqui,Farfan,M,943963974,rodrigo.yupanqui869@gmail.com,Vendedor(a)
1385,26184183,Erick Benjamin,Bravo,Espinoza,M,973769627,erick.bravo712@gmail.com,Empleado publico
1386,26488904,Elena Yolanda,Chavez,Diaz,F,995224070,elena.chavez382@gmail.com,Mecanico
1387,78998922,Flor Yesenia,Quispe,Rojas,F,918710479,flor.quispe286@gmail.com,Agricultor
1388,47644027,Gabriel Victor,Rodriguez,Machaca,M,926597342,gabriel.rodriguez53@gmail.com,Enfermero(a)
1389,51201354,Ruth Alexandra,Paucar,Cabanillas,F,943773206,ruth.paucar443@gmail.com,Vendedor(a)
1390,69077765,Milagros Xiomara,Alarcon,Bautista,F,950229396,milagros.alarcon790@gmail.com,Independiente
1391,74127028,Yolanda Antonella,Bravo,Cornejo,F,938690800,yolanda.bravo426@gmail.com,Enfermero(a)
1392,38754349,Ricardo Dylan,Quispe,Palacios,M,953995429,ricardo.quispe71@gmail.com,Tecnico electricista
1393,32501361,Ian Luis,Vasquez,Palacios,M,980018662,ian.vasquez44@gmail.com,Policia
1394,39084950,Luz Fiorella,Quispe,Vilca,F,996296525,luz.quispe565@gmail.com,Independiente
1395,42319638,Ashley Gabriela,Medina,Guzman,F,959499062,ashley.medina447@gmail.com,Empleado publico
1396,52473714,Bryan Andres,Vargas,Yataco,M,913086140,bryan.vargas548@gmail.com,Ama de casa
1397,41619952,Luis Rodrigo,Ramos,Salvador,M,985380564,luis.ramos681@gmail.com,Policia
1398,26029480,Luana Elena,Fernandez,Espinoza,F,927908039,luana.fernandez252@gmail.com,Empleado publico
1399,40595735,Gustavo Wilson,Quispe,Salvador,M,961820527,gustavo.quispe236@gmail.com,Ama de casa
1400,20843147,Bryan Gustavo,Ruiz,Palacios,M,971422200,bryan.ruiz144@gmail.com,Docente
1401,49231069,Ivan Andres,Medina,Paucar,M,989091452,ivan.medina892@gmail.com,Personal de seguridad
1402,72263527,Isabel Ashley,Cruz,Yupanqui,F,977054514,isabel.cruz188@gmail.com,Tecnico electricista
1403,24978646,Manuel Ricardo,Ramos,Cardenas,M,960706162,manuel.ramos377@gmail.com,Empresario(a)
1404,12066880,Emilio Manuel,Espinoza,Cutipa,M,933886839,emilio.espinoza37@gmail.com,Tecnico electricista
1405,75115292,Nicolas Manuel,Aguilar,Vega,M,958916326,nicolas.aguilar64@gmail.com,Agricultor
1406,38624241,Diana Luana,Huaraca,Salazar,F,948732423,diana.huaraca227@gmail.com,Personal de seguridad
1407,32898523,Emilio Angel,Espinoza,Leon,M,920701843,emilio.espinoza272@gmail.com,Ama de casa
1408,13266323,Luis Sebastian,Ochoa,Farfan,M,919049516,luis.ochoa765@gmail.com,Mecanico
1409,79096680,Jorge Alberto,Vega,Alvarez,M,943884052,jorge.vega468@gmail.com,Chofer
1410,18822358,Antonella Luz,Romero,Alvarez,F,936872469,antonella.romero158@gmail.com,Independiente
1411,64078558,Yolanda Susan,Leon,Reyes,F,910940477,yolanda.leon456@gmail.com,Policia
1412,44654791,Gustavo Gabriel,Romero,Gutierrez,M,900369008,gustavo.romero795@gmail.com,Personal de seguridad
1413,11769671,Yesenia Ashley,Castillo,Ruiz,F,911814713,yesenia.castillo467@gmail.com,Contador(a)
1414,47997141,Vanessa Gabriela,Rojas,Yupanqui,F,984826136,vanessa.rojas917@gmail.com,Obrero de construccion
1415,33678499,Susan Daniela,Vega,Castillo,F,972100249,susan.vega561@gmail.com,Independiente
1416,55657167,Mateo Samuel,Campos,Carrillo,M,977843497,mateo.campos537@gmail.com,Mecanico
1417,21280374,Carlos Hugo,Quispe,Bravo,M,984564098,carlos.quispe47@gmail.com,Tecnico electricista
1418,48967313,Rosa Ariana,Vilca,Ortiz,F,935360761,rosa.vilca468@gmail.com,Contador(a)
1419,15871719,Leonardo Nicolas,Lazo,Castillo,M,986833831,leonardo.lazo913@gmail.com,Comerciante ambulante
1420,34400933,Camila Alexandra,Rivera,Aquino,F,960581433,camila.rivera530@gmail.com,Chofer
1421,58499717,Oscar Fernando,Cruz,Torres,M,908619870,oscar.cruz413@gmail.com,Tecnico electricista
1422,73896433,Melissa Carmen,Espinoza,Rojas,F,964476863,melissa.espinoza317@gmail.com,Docente
1423,14461121,Alberto Aaron,Salvador,Mendoza,M,968334590,alberto.salvador150@gmail.com,Docente
1424,36316845,Julia Danna,Ochoa,Huaraca,F,979909770,julia.ochoa929@gmail.com,Empresario(a)
1425,23510795,Jhon Manuel,Silva,Apaza,M,915227578,jhon.silva123@gmail.com,Mecanico
1426,79568911,Joaquin Emilio,Ibarra,Salazar,M,984994594,joaquin.ibarra152@gmail.com,Chofer
1427,62910740,Miguel Ian,Yupanqui,Guzman,M,990347807,miguel.yupanqui14@gmail.com,Enfermero(a)
1428,20166414,Julio Diego,Nunez,Paredes,M,944366599,julio.nunez959@gmail.com,Vendedor(a)
1429,60815415,Sofia Patricia,Rodriguez,Garcia,F,989537038,sofia.rodriguez815@gmail.com,Comerciante
1430,54690473,Rafaella Valentina,Yupanqui,Villanueva,F,967991481,rafaella.yupanqui598@gmail.com,Comerciante ambulante
1431,27614666,Susan Vanessa,Flores,Herrera,F,998366040,susan.flores863@gmail.com,Independiente
1432,74312293,Katty Yolanda,Castillo,Gonzales,F,944107952,katty.castillo891@gmail.com,Mecanico
1433,21745703,Elmer Diego,Zavala,Vasquez,M,989577583,elmer.zavala203@gmail.com,Comerciante ambulante
1434,15656875,Anthony Fernando,Castillo,Gutierrez,M,903909066,anthony.castillo568@gmail.com,Chofer
1435,24599699,Mia Ana,Gonzales,Nunez,F,953729272,mia.gonzales98@gmail.com,Comerciante
1436,64002839,Daniela Vanessa,Rodriguez,Rivera,F,984617247,daniela.rodriguez454@gmail.com,Vendedor(a)
1437,39039104,Abigail Britany,Garcia,Ccahuana,F,930461322,abigail.garcia406@gmail.com,Chofer
1438,15854727,Anthony Raul,Soto,Carrillo,M,909732221,anthony.soto992@gmail.com,Chofer
1439,13475943,Vanessa Camila,Carrillo,Sanchez,F,985782913,vanessa.carrillo885@gmail.com,Docente
1440,69240766,Raul Gabriel,Apaza,Huaraca,M,973356789,raul.apaza914@gmail.com,Tecnico electricista
1441,55926604,Diana Pilar,Guzman,Rivera,F,975991067,diana.guzman358@gmail.com,Empleado publico
1442,37658708,Andres Victor,Bravo,Rimac,M,937864427,andres.bravo744@gmail.com,Cocinero(a)
1443,79831278,Martin Thiago,Yataco,Ochoa,M,984034581,martin.yataco946@gmail.com,Empleado publico
1444,22732171,Luana Antonella,Aguilar,Vargas,F,950173430,luana.aguilar884@gmail.com,Empleado publico
1445,48451915,Marco Rodrigo,Cruz,Ortiz,M,968585406,marco.cruz892@gmail.com,Vendedor(a)
1446,45335876,Alexandra Ruth,Silva,Leon,F,939851019,alexandra.silva414@gmail.com,Contador(a)
1447,20818737,Luis Ivan,Aquino,Ccahuana,M,942044003,luis.aquino141@gmail.com,Agricultor
1448,70815561,Diana Abigail,Vega,Vega,F,912409146,diana.vega905@gmail.com,Enfermero tecnico
1449,49149665,Alberto Angel,Torres,Salazar,M,911317100,alberto.torres268@gmail.com,Enfermero(a)
1450,66260226,Alexandra Katherine,Ochoa,Medina,F,946484073,alexandra.ochoa230@gmail.com,Empresario(a)
1451,47988531,Brenda Ana,Palacios,Alarcon,F,928670633,brenda.palacios479@gmail.com,Vendedor(a)
1452,48189676,Adrian Thiago,Aquino,Aquino,M,939149420,adrian.aquino387@gmail.com,Mecanico
1453,71370103,Fiorella Britany,Medina,Choque,F,970594336,fiorella.medina285@gmail.com,Ama de casa
1454,65182116,Ian Emilio,Yupanqui,Choque,M,959795775,ian.yupanqui614@gmail.com,Docente
1455,18235376,Ruth Grecia,Mendoza,Marin,F,981898106,ruth.mendoza501@gmail.com,Mecanico
1456,60014442,Karen Zoe,Castillo,Rimac,F,944813395,karen.castillo684@gmail.com,Enfermero(a)
1457,70109133,Ivan Raul,Ramos,Cabrera,M,931702933,ivan.ramos346@gmail.com,Ama de casa
1458,43634702,Rodrigo Victor,Espinoza,Zavala,M,990674871,rodrigo.espinoza802@gmail.com,Tecnico electricista
1459,36352035,Gabriela Jhoana,Quispe,Gonzales,F,957820514,gabriela.quispe750@gmail.com,Empresario(a)
1460,48281629,Ximena Paula,Ibarra,Rojas,F,906860679,ximena.ibarra214@gmail.com,Empleado publico
1461,68047992,Fabricio Alexander,Huaman,Silva,M,925372338,fabricio.huaman823@gmail.com,Chofer
1462,72898022,Luis Victor,Campos,Pacheco,M,911423216,luis.campos328@gmail.com,Empleado publico
1463,64418629,Gabriela Rosa,Campos,Cruz,F,939833558,gabriela.campos752@gmail.com,Agricultor
1464,59464054,Antonella Sofia,Ibarra,Huaraca,F,960762029,antonella.ibarra826@gmail.com,Agricultor
1465,68624123,Kevin Bryan,Mendoza,Salvador,M,933754037,kevin.mendoza285@gmail.com,Empresario(a)
1466,40089392,Gabriela Katherine,Pacheco,Guzman,F,916333464,gabriela.pacheco647@gmail.com,Enfermero(a)
1467,40838219,Rodrigo Angel,Palacios,Mamani,M,903374286,rodrigo.palacios824@gmail.com,Enfermero tecnico
1468,24325102,Ricardo Gonzalo,Vargas,Apaza,M,938233132,ricardo.vargas57@gmail.com,Personal de seguridad
1469,33891613,Renzo Martin,Silva,Cabanillas,M,973792436,renzo.silva20@gmail.com,Docente
1470,42362312,Zoe Abigail,Diaz,Paucar,F,987512439,zoe.diaz12@gmail.com,Enfermero(a)
1471,36844965,Angel Manuel,Cabanillas,Fernandez,M,979534798,angel.cabanillas199@gmail.com,Docente
1472,63139696,Benjamin Alberto,Sanchez,Vasquez,M,903975645,benjamin.sanchez333@gmail.com,Enfermero tecnico
1473,55278815,Teresa Yolanda,Gonzales,Chavez,F,993568504,teresa.gonzales5@gmail.com,Cocinero(a)
1474,24094690,Sofia Camila,Diaz,Delgado,F,949189557,sofia.diaz268@gmail.com,Tecnico electricista
1475,39447149,Sofia Diana,Apaza,Cruz,F,944804155,sofia.apaza785@gmail.com,Enfermero tecnico
1476,43458959,Flor Flor,Alvarez,Huaraca,F,949034898,flor.alvarez266@gmail.com,Ama de casa
1477,34933416,Antonella Kiara,Campos,Diaz,F,983957715,antonella.campos100@gmail.com,Contador(a)
1478,23714454,Pedro Emilio,Condori,Campos,M,940740324,pedro.condori691@gmail.com,Mecanico
1479,11386762,Carlos Anthony,Pacheco,Ibarra,M,934116922,carlos.pacheco226@gmail.com,Agricultor
1480,18471675,Rafaella Diana,Palacios,Bravo,F,966326562,rafaella.palacios999@gmail.com,Agricultor
1481,67371180,Melissa Ruth,Rodriguez,Silva,F,987481775,melissa.rodriguez551@gmail.com,Cocinero(a)
1482,39222223,Karen Yesenia,Alvarez,Mamani,F,911444873,karen.alvarez658@gmail.com,Tecnico electricista
1483,78638839,Gabriel Cesar,Apaza,Herrera,M,924413333,gabriel.apaza423@gmail.com,Independiente
1484,68173553,Alessandra Mia,Farfan,Reyes,F,994401740,alessandra.farfan206@gmail.com,Agricultor
1485,30914306,Miguel Bryan,Salvador,Gonzales,M,980219675,miguel.salvador603@gmail.com,Empleado publico
1486,10826238,Kiara Flor,Condori,Pacheco,F,934359394,kiara.condori833@gmail.com,Agricultor
1487,55675417,Ashley Renata,Alarcon,Apaza,F,965112568,ashley.alarcon308@gmail.com,Administrador(a)
1488,57379930,Fernando Gabriel,Quispe,Garcia,M,953286883,fernando.quispe940@gmail.com,Chofer
1489,21049693,Ivan Dylan,Farfan,Huaraca,M,900265010,ivan.farfan778@gmail.com,Comerciante
1490,41811066,Miguel Walter,Espinoza,Carrillo,M,980484730,miguel.espinoza713@gmail.com,Vendedor(a)
1491,11094676,Edgar Marco,Cruz,Ruiz,M,991457327,edgar.cruz418@gmail.com,Personal de seguridad
1492,27645526,Luis Angel,Chavez,Condori,M,998305584,luis.chavez794@gmail.com,Vendedor(a)
1493,17645023,Martin Martin,Cabanillas,Quispe,M,920654192,martin.cabanillas102@gmail.com,Administrador(a)
1494,45097610,Karen Vanessa,Rimac,Chavez,F,994765812,karen.rimac388@gmail.com,Cocinero(a)
1495,42703541,Walter Elmer,Delgado,Palacios,M,973173982,walter.delgado427@gmail.com,Enfermero(a)
1496,47444192,Emily Paula,Vilca,Farfan,F,911552884,emily.vilca85@gmail.com,Chofer
1497,34157710,Ariana Jhoana,Reyes,Farfan,F,949766115,ariana.reyes117@gmail.com,Ama de casa
1498,45141815,Andres Nicolas,Yupanqui,Ibarra,M,978017844,andres.yupanqui199@gmail.com,Cocinero(a)
1499,33450509,Victor Gonzalo,Ochoa,Herrera,M,947805121,victor.ochoa495@gmail.com,Policia
1500,58856170,Xiomara Ruth,Apaza,Sanchez,F,988598717,xiomara.apaza769@gmail.com,Enfermero(a)
1501,19425106,Anthony Emilio,Sanchez,Bautista,M,955519054,anthony.sanchez301@gmail.com,Comerciante
1502,19057639,Victor Miguel,Bautista,Marin,M,920986668,victor.bautista272@gmail.com,Vendedor(a)
1503,70357512,Brenda Dulce,Mendoza,Vilca,F,903605438,brenda.mendoza399@gmail.com,Mecanico
1504,43639763,Katherine Daniela,Salazar,Cornejo,F,934442446,katherine.salazar209@gmail.com,Mecanico
1505,51997178,Xiomara Karen,Huaman,Espinoza,F,903785292,xiomara.huaman841@gmail.com,Docente
1506,30453181,Yolanda Milagros,Ticona,Choque,F,936404454,yolanda.ticona176@gmail.com,Administrador(a)
1507,57526480,Mia Brenda,Vargas,Gonzales,F,934382283,mia.vargas215@gmail.com,Docente
1508,72871017,Joaquin Luis,Lazo,Paredes,M,944009606,joaquin.lazo628@gmail.com,Comerciante ambulante
1509,28699116,Juan Emilio,Ochoa,Delgado,M,972304777,juan.ochoa709@gmail.com,Vendedor(a)
1510,56678463,Kiara Yolanda,Flores,Ramos,F,954745945,kiara.flores338@gmail.com,Docente
1511,47231009,Jorge Joaquin,Cutipa,Nunez,M,953840197,jorge.cutipa682@gmail.com,Personal de seguridad
1512,39370514,Gonzalo Renzo,Zavala,Vega,M,975851766,gonzalo.zavala850@gmail.com,Obrero de construccion
1513,17783345,Ricardo Andres,Bautista,Mendoza,M,970518437,ricardo.bautista515@gmail.com,Enfermero tecnico
1514,20586405,Mateo Renzo,Rojas,Apaza,M,922694065,mateo.rojas267@gmail.com,Vendedor(a)
1515,67144892,Ariana Isabel,Mendoza,Espinoza,F,992375588,ariana.mendoza95@gmail.com,Tecnico electricista
1516,12325410,Leonardo Gabriel,Quispe,Lazo,M,911645676,leonardo.quispe434@gmail.com,Contador(a)
1517,63432657,Martin Benjamin,Vilca,Rimac,M,971886779,martin.vilca930@gmail.com,Mecanico
1518,70473920,Alessandra Yolanda,Cabanillas,Ochoa,F,912639612,alessandra.cabanillas101@gmail.com,Administrador(a)
1519,20674753,Jhoana Katherine,Marin,Ruiz,F,958921511,jhoana.marin665@gmail.com,Policia
1520,27555838,Juan Manuel,Machaca,Romero,M,951806832,juan.machaca868@gmail.com,Enfermero(a)
1521,65679283,Rafaella Ruth,Diaz,Guzman,F,994252500,rafaella.diaz193@gmail.com,Enfermero(a)
1522,75932498,Piero Andres,Espinoza,Cardenas,M,908274720,piero.espinoza194@gmail.com,Mecanico
1523,41770330,Alexis Ian,Huaraca,Nunez,M,913214151,alexis.huaraca114@gmail.com,Contador(a)
1524,77653174,Diana Zoe,Cruz,Nunez,F,902633140,diana.cruz117@gmail.com,Personal de seguridad
1525,63854385,Andres Gonzalo,Rodriguez,Aguilar,M,955657936,andres.rodriguez729@gmail.com,Enfermero(a)
1526,13779664,Raul Nicolas,Ortiz,Farfan,M,906856851,raul.ortiz534@gmail.com,Comerciante
1527,37187182,Ricardo Jose,Salazar,Marin,M,954264693,ricardo.salazar145@gmail.com,Personal de seguridad
1528,21688267,Gabriel Yamil,Ochoa,Rimac,M,995864861,gabriel.ochoa489@gmail.com,Ama de casa
1529,28474612,Dulce Abigail,Rivera,Ochoa,F,951481925,dulce.rivera117@gmail.com,Empresario(a)
1530,23372366,Carlos Alberto,Guzman,Delgado,M,991382067,carlos.guzman716@gmail.com,Independiente
1531,55696606,Susan Xiomara,Lazo,Yataco,F,905482827,susan.lazo722@gmail.com,Enfermero tecnico
1532,74994774,Joaquin Joaquin,Sanchez,Medina,M,983183868,joaquin.sanchez329@gmail.com,Tecnico electricista
1533,50746270,Alessandra Nicole,Ochoa,Rojas,F,906339955,alessandra.ochoa651@gmail.com,Ama de casa
1534,38428741,Piero Miguel,Castillo,Vilca,M,917369216,piero.castillo481@gmail.com,Mecanico
1535,64492459,Nayeli Alexandra,Ortiz,Cabrera,F,917805652,nayeli.ortiz539@gmail.com,Policia
1536,48611439,Alexander Pedro,Quispe,Bautista,M,959954176,alexander.quispe159@gmail.com,Obrero de construccion
1537,76041974,Nayeli Estefany,Leon,Vargas,F,969171505,nayeli.leon48@gmail.com,Enfermero tecnico
1538,77510812,Antonella Carmen,Ibarra,Paredes,F,998646156,antonella.ibarra974@gmail.com,Obrero de construccion
1539,73702843,Mia Kiara,Campos,Lazo,F,966488255,mia.campos824@gmail.com,Comerciante ambulante
1540,69951146,Cesar Erick,Vilca,Guzman,M,989014295,cesar.vilca545@gmail.com,Independiente
1541,32725071,Karen Camila,Bravo,Farfan,F,941015508,karen.bravo759@gmail.com,Obrero de construccion
1542,38272841,Julio Wilson,Vasquez,Flores,M,950244869,julio.vasquez184@gmail.com,Vendedor(a)
1543,15847562,Cristian Fabricio,Choque,Zavala,M,971473618,cristian.choque515@gmail.com,Personal de seguridad
1544,22752444,Andres Dylan,Carrillo,Alvarez,M,975934902,andres.carrillo550@gmail.com,Comerciante ambulante
1545,33168841,Valentina Elena,Rivera,Choque,F,976609257,valentina.rivera457@gmail.com,Vendedor(a)
1546,54785977,Alexander Walter,Mamani,Cutipa,M,974936219,alexander.mamani296@gmail.com,Agricultor
1547,19160976,Bryan Jose,Villanueva,Marin,M,999704041,bryan.villanueva558@gmail.com,Vendedor(a)
1548,71735844,Dulce Teresa,Cutipa,Rimac,F,951869295,dulce.cutipa249@gmail.com,Enfermero tecnico
1549,19149119,Pedro Edgar,Marin,Mendoza,M,924081210,pedro.marin685@gmail.com,Enfermero(a)
1550,28550816,Nicolas Samuel,Cabanillas,Ochoa,M,998203824,nicolas.cabanillas918@gmail.com,Policia
1551,45746548,Xiomara Danna,Cruz,Huaman,F,925834969,xiomara.cruz120@gmail.com,Cocinero(a)
1552,11500354,Sebastian Aaron,Cardenas,Cutipa,M,930879229,sebastian.cardenas78@gmail.com,Comerciante ambulante
1553,30378817,Benjamin Yamil,Reyes,Castillo,M,947644835,benjamin.reyes438@gmail.com,Docente
1554,26858001,Martin Marco,Herrera,Vega,M,990499491,martin.herrera962@gmail.com,Docente
1555,23465922,Raul Cristian,Salvador,Villanueva,M,988526195,raul.salvador62@gmail.com,Mecanico
1556,47762157,Yolanda Fiorella,Rodriguez,Salvador,F,958969463,yolanda.rodriguez438@gmail.com,Mecanico
1557,44321434,Xiomara Katherine,Delgado,Vilca,F,993461374,xiomara.delgado399@gmail.com,Agricultor
1558,72639435,Dylan Cristian,Vasquez,Flores,M,939518871,dylan.vasquez756@gmail.com,Empresario(a)
1559,15341290,Zoe Katty,Farfan,Salvador,F,971204471,zoe.farfan182@gmail.com,Tecnico electricista
1560,44063989,Elmer Walter,Vilca,Cardenas,M,932934743,elmer.vilca30@gmail.com,Chofer
1561,59309887,Valentina Paula,Rimac,Silva,F,980671721,valentina.rimac551@gmail.com,Tecnico electricista
1562,10280531,Brenda Ximena,Silva,Cornejo,F,944807937,brenda.silva616@gmail.com,Contador(a)
1563,18211660,Kiara Daniela,Yataco,Rojas,F,920619709,kiara.yataco227@gmail.com,Comerciante ambulante
1564,67665541,Julia Katherine,Herrera,Alvarez,F,953495902,julia.herrera964@gmail.com,Comerciante
1565,29308527,Raul Gabriel,Espinoza,Condori,M,914204741,raul.espinoza352@gmail.com,Contador(a)
1566,61347098,Luz Alexandra,Espinoza,Herrera,F,914098048,luz.espinoza406@gmail.com,Enfermero(a)
1567,77582021,Cesar Diego,Guzman,Ruiz,M,924749730,cesar.guzman894@gmail.com,Empresario(a)
1568,35748519,Camila Emily,Vargas,Rivera,F,937620875,camila.vargas894@gmail.com,Comerciante
1569,48413569,Wilson Martin,Delgado,Alarcon,M,959228069,wilson.delgado612@gmail.com,Mecanico
1570,74407284,Cristian Manuel,Vasquez,Silva,M,924381759,cristian.vasquez360@gmail.com,Chofer
1571,39414249,Jorge Jhon,Vega,Cutipa,M,955925011,jorge.vega671@gmail.com,Comerciante
1572,42344128,Jorge Benjamin,Aguilar,Choque,M,901516633,jorge.aguilar77@gmail.com,Independiente
1573,31869733,Daniela Carmen,Marin,Diaz,F,992790567,daniela.marin135@gmail.com,Comerciante
1574,52097190,Nicolas Jorge,Vega,Bravo,M,954618885,nicolas.vega533@gmail.com,Policia
1575,33572779,Susan Nicole,Espinoza,Torres,F,968565624,susan.espinoza945@gmail.com,Agricultor
1576,40459454,Diego Mateo,Silva,Salazar,M,908779939,diego.silva945@gmail.com,Enfermero(a)
1577,47835963,Estefany Yesenia,Cabrera,Romero,F,908103579,estefany.cabrera78@gmail.com,Comerciante ambulante
1578,35531161,Yesica Yolanda,Medina,Vega,F,904991615,yesica.medina76@gmail.com,Enfermero tecnico
1579,38303180,Franco Thiago,Fernandez,Garcia,M,923499164,franco.fernandez817@gmail.com,Vendedor(a)
1580,34589561,Luz Rafaella,Cutipa,Espinoza,F,916868245,luz.cutipa286@gmail.com,Agricultor
1581,58489059,Valentina Isabel,Torres,Lazo,F,938931268,valentina.torres189@gmail.com,Agricultor
1582,27964404,Jorge Sebastian,Fernandez,Garcia,M,962499107,jorge.fernandez891@gmail.com,Comerciante
1583,15996697,Fiorella Pilar,Espinoza,Cabrera,F,931477742,fiorella.espinoza222@gmail.com,Vendedor(a)
1584,39795633,Pedro Ricardo,Aquino,Bravo,M,927358648,pedro.aquino6@gmail.com,Empresario(a)
1585,65189329,Aaron Fabricio,Vargas,Villanueva,M,939597965,aaron.vargas603@gmail.com,Ama de casa
1586,20850673,Yamil Nicolas,Salazar,Cruz,M,920217732,yamil.salazar797@gmail.com,Personal de seguridad
1587,29841997,Nicolas Jose,Chavez,Carrillo,M,934036909,nicolas.chavez378@gmail.com,Policia
1588,47162454,Martin Bryan,Medina,Gutierrez,M,900139450,martin.medina463@gmail.com,Vendedor(a)
1589,12296379,Jorge Aaron,Alarcon,Ruiz,M,929061745,jorge.alarcon758@gmail.com,Vendedor(a)
1590,69720922,Ariana Katherine,Garcia,Nunez,F,924039026,ariana.garcia543@gmail.com,Comerciante ambulante
1591,35664548,Yolanda Susan,Espinoza,Condori,F,907973453,yolanda.espinoza306@gmail.com,Comerciante
1592,39996022,Alberto Martin,Gutierrez,Campos,M,913873585,alberto.gutierrez467@gmail.com,Independiente
1593,18518620,Alessandra Ariana,Flores,Espinoza,F,965620830,alessandra.flores215@gmail.com,Policia
1594,43665096,Juan Pedro,Ccahuana,Zavala,M,924064172,juan.ccahuana500@gmail.com,Agricultor
1595,13436966,Paula Alexandra,Sanchez,Gutierrez,F,927046441,paula.sanchez174@gmail.com,Policia
1596,10193745,Alexander Franco,Vasquez,Guzman,M,933204146,alexander.vasquez940@gmail.com,Independiente
1597,26289470,Yolanda Renata,Pacheco,Diaz,F,901051227,yolanda.pacheco722@gmail.com,Chofer
1598,58112560,Karen Grecia,Garcia,Aquino,F,937483494,karen.garcia792@gmail.com,Enfermero tecnico
1599,57437277,Fiorella Camila,Rodriguez,Yataco,F,944079187,fiorella.rodriguez937@gmail.com,Agricultor
1600,77450477,Anthony Raul,Campos,Diaz,M,986749139,anthony.campos704@gmail.com,Independiente
1601,67081681,Marco Benjamin,Espinoza,Soto,M,935865586,marco.espinoza755@gmail.com,Independiente
1602,79999148,Nicole Antonella,Rivera,Cornejo,F,915995106,nicole.rivera143@gmail.com,Empresario(a)
1603,45433572,Danna Yesenia,Paredes,Rimac,F,957314432,danna.paredes857@gmail.com,Vendedor(a)
1604,51898941,Andres Jhon,Ortiz,Cornejo,M,973958344,andres.ortiz911@gmail.com,Ama de casa
1605,15382901,Wilson Erick,Fernandez,Espinoza,M,930949851,wilson.fernandez246@gmail.com,Cocinero(a)
1606,43790794,Gabriel Julio,Espinoza,Lazo,M,994681846,gabriel.espinoza327@gmail.com,Enfermero tecnico
1607,40026464,Jhon Benjamin,Leon,Leon,M,985170751,jhon.leon475@gmail.com,Vendedor(a)
1608,59099132,Jhoel Elmer,Nunez,Soto,M,904869250,jhoel.nunez773@gmail.com,Tecnico electricista
1609,45167834,Kevin Piero,Silva,Marin,M,941504249,kevin.silva575@gmail.com,Empresario(a)
1610,48998523,Rodrigo Juan,Espinoza,Paucar,M,911948255,rodrigo.espinoza137@gmail.com,Docente
1611,76348053,Martin Sebastian,Palacios,Fernandez,M,924191447,martin.palacios164@gmail.com,Agricultor
1612,34384154,Diego Aaron,Alvarez,Alvarez,M,930522638,diego.alvarez778@gmail.com,Docente
1613,22594638,Aaron Manuel,Rodriguez,Paredes,M,939159469,aaron.rodriguez862@gmail.com,Agricultor
1614,26563576,Susan Nayeli,Salazar,Vega,F,983848923,susan.salazar205@gmail.com,Ama de casa
1615,37182477,Renata Valentina,Salazar,Mamani,F,974681669,renata.salazar185@gmail.com,Chofer
1616,15444379,Gabriela Yesenia,Zavala,Espinoza,F,950537789,gabriela.zavala473@gmail.com,Obrero de construccion
1617,42284833,Pedro Franco,Apaza,Romero,M,953941820,pedro.apaza756@gmail.com,Empleado publico
1618,20194796,Andres Bryan,Silva,Campos,M,924184049,andres.silva157@gmail.com,Comerciante
1619,45895804,Jhon Angel,Bravo,Cardenas,M,954541427,jhon.bravo517@gmail.com,Personal de seguridad
1620,65421735,Alexis Manuel,Gutierrez,Rojas,M,921363491,alexis.gutierrez452@gmail.com,Tecnico electricista
1621,42095649,Rodrigo Jose,Silva,Romero,M,928127759,rodrigo.silva149@gmail.com,Policia
1622,63519834,Aaron Elmer,Rojas,Chavez,M,960145494,aaron.rojas96@gmail.com,Obrero de construccion
1623,77012782,Jhoana Lucia,Vargas,Pacheco,F,912419052,jhoana.vargas315@gmail.com,Agricultor
1624,70908695,Daniela Mia,Rodriguez,Vilca,F,933782569,daniela.rodriguez656@gmail.com,Administrador(a)
1625,34334809,Abigail Luana,Gutierrez,Reyes,F,931746360,abigail.gutierrez501@gmail.com,Chofer
1626,27332991,Victor Ricardo,Salazar,Castillo,M,988921227,victor.salazar426@gmail.com,Administrador(a)
1627,50874947,Melissa Julia,Vargas,Cabrera,F,991275212,melissa.vargas59@gmail.com,Comerciante
1628,53089079,Ruth Ariana,Choque,Guzman,F,987238327,ruth.choque295@gmail.com,Personal de seguridad
1629,58707174,Camila Yesenia,Vargas,Herrera,F,921872237,camila.vargas667@gmail.com,Cocinero(a)
1630,40811350,Valentina Estefany,Nunez,Leon,F,963085339,valentina.nunez138@gmail.com,Tecnico electricista
1631,26803752,Julio Gustavo,Medina,Bravo,M,991342953,julio.medina169@gmail.com,Tecnico electricista
1632,46756269,Cesar Sebastian,Silva,Quispe,M,980868930,cesar.silva994@gmail.com,Enfermero(a)
1633,50420586,Alessandra Yolanda,Cabanillas,Guzman,F,927980290,alessandra.cabanillas616@gmail.com,Chofer
1634,75242678,Dulce Brenda,Cabanillas,Castillo,F,961324904,dulce.cabanillas540@gmail.com,Tecnico electricista
1635,50749264,Fernando Jhoel,Mamani,Gonzales,M,940998243,fernando.mamani221@gmail.com,Independiente
1636,66385948,Renata Elena,Espinoza,Leon,F,957228900,renata.espinoza175@gmail.com,Personal de seguridad
1637,61120710,Karen Susan,Ramos,Carrillo,F,957734119,karen.ramos837@gmail.com,Mecanico
1638,36859404,Walter Andres,Herrera,Torres,M,981816419,walter.herrera950@gmail.com,Obrero de construccion
1639,18867462,Kevin Thiago,Aguilar,Quispe,M,983138243,kevin.aguilar757@gmail.com,Tecnico electricista
1640,19211023,Nicole Gabriela,Campos,Campos,F,929148300,nicole.campos512@gmail.com,Comerciante
1641,63062925,Alexis Bryan,Cruz,Delgado,M,969866110,alexis.cruz534@gmail.com,Obrero de construccion
1642,35677860,Mia Jhoana,Castillo,Guzman,F,966692671,mia.castillo340@gmail.com,Cocinero(a)
1643,79662396,Lucia Elena,Huaman,Torres,F,979016447,lucia.huaman209@gmail.com,Contador(a)
1644,14089543,Franco Ricardo,Cardenas,Ramos,M,981375780,franco.cardenas750@gmail.com,Comerciante ambulante
1645,28603798,Walter Joaquin,Cruz,Flores,M,978621553,walter.cruz422@gmail.com,Vendedor(a)
1646,67470647,Ximena Yolanda,Vega,Vega,F,999971844,ximena.vega876@gmail.com,Policia
1647,33505223,Franco Angel,Palacios,Ortiz,M,923461122,franco.palacios900@gmail.com,Cocinero(a)
1648,19038208,Maria Rafaella,Vilca,Cutipa,F,955729063,maria.vilca900@gmail.com,Enfermero tecnico
1649,65120402,Sebastian Miguel,Silva,Vasquez,M,922148185,sebastian.silva97@gmail.com,Administrador(a)
1650,68628014,Renata Milagros,Rodriguez,Yataco,F,958656558,renata.rodriguez584@gmail.com,Enfermero tecnico
1651,15598132,Rosa Alessandra,Salvador,Soto,F,931236162,rosa.salvador498@gmail.com,Mecanico
1652,63794184,Dulce Lucia,Vargas,Guzman,F,930216542,dulce.vargas782@gmail.com,Chofer
1653,73067691,Manuel Joaquin,Cornejo,Quispe,M,966643458,manuel.cornejo519@gmail.com,Empresario(a)
1654,40783754,Rosa Mia,Vargas,Condori,F,950269257,rosa.vargas966@gmail.com,Obrero de construccion
1655,44843039,Katty Jhoana,Bautista,Ibarra,F,954609194,katty.bautista242@gmail.com,Enfermero(a)
1656,56212847,Piero Benjamin,Machaca,Vega,M,970298325,piero.machaca558@gmail.com,Vendedor(a)
1657,34980010,Carmen Lucia,Zavala,Alvarez,F,970203710,carmen.zavala337@gmail.com,Ama de casa
1658,34729750,Carlos Gabriel,Soto,Gutierrez,M,982128978,carlos.soto582@gmail.com,Comerciante ambulante
1659,25741265,Maria Gabriela,Chavez,Diaz,F,981563306,maria.chavez434@gmail.com,Docente
1660,77066424,Yesenia Xiomara,Chavez,Ruiz,F,955187571,yesenia.chavez805@gmail.com,Empresario(a)
1661,20983831,Patricia Rosa,Aguilar,Ruiz,F,935566183,patricia.aguilar756@gmail.com,Docente
1662,76354937,Elena Kiara,Herrera,Rodriguez,F,954739733,elena.herrera724@gmail.com,Administrador(a)
1663,53774888,Jose Jorge,Paredes,Cruz,M,939156734,jose.paredes132@gmail.com,Agricultor
1664,24996947,Gabriel Alexis,Lazo,Rivera,M,947553195,gabriel.lazo411@gmail.com,Policia
1665,12096465,Juan Victor,Garcia,Nunez,M,985350953,juan.garcia129@gmail.com,Obrero de construccion
1666,53116023,Ana Karen,Farfan,Romero,F,938205023,ana.farfan658@gmail.com,Independiente
1667,47688335,Luis Sebastian,Gutierrez,Paucar,M,959777958,luis.gutierrez806@gmail.com,Policia
1668,49164506,Diego Andres,Paucar,Apaza,M,976071048,diego.paucar234@gmail.com,Empresario(a)
1669,66383562,Milagros Rosa,Marin,Mamani,F,959975660,milagros.marin375@gmail.com,Policia
1670,52466638,Pedro Jhon,Diaz,Mendoza,M,969714958,pedro.diaz42@gmail.com,Independiente
1671,79668416,Anthony Leonardo,Cabanillas,Mamani,M,986839390,anthony.cabanillas710@gmail.com,Comerciante ambulante
1672,28794679,Vanessa Melissa,Romero,Ticona,F,901543820,vanessa.romero270@gmail.com,Vendedor(a)
1673,24955079,Victor Gonzalo,Soto,Silva,M,976574580,victor.soto672@gmail.com,Comerciante ambulante
1674,27469139,Benjamin Marco,Romero,Cabanillas,M,989172692,benjamin.romero466@gmail.com,Agricultor
1675,36396204,Miguel Luis,Yupanqui,Yupanqui,M,995280844,miguel.yupanqui442@gmail.com,Comerciante
1676,30228563,Renata Gabriela,Cutipa,Aquino,F,972981125,renata.cutipa346@gmail.com,Policia
1677,35115805,Fiorella Elena,Ramos,Carrillo,F,909741015,fiorella.ramos697@gmail.com,Independiente
1678,16308040,Ximena Antonella,Torres,Mendoza,F,967590882,ximena.torres196@gmail.com,Agricultor
1679,77422062,Miguel Fabricio,Salazar,Ruiz,M,927134067,miguel.salazar41@gmail.com,Personal de seguridad
1680,15354488,Dulce Katherine,Diaz,Herrera,F,904876722,dulce.diaz497@gmail.com,Policia
1681,30244578,Danna Grecia,Quispe,Cardenas,F,931914887,danna.quispe951@gmail.com,Enfermero tecnico
1682,71616139,Manuel Gonzalo,Torres,Fernandez,M,965352981,manuel.torres708@gmail.com,Policia
1683,58832250,Carmen Paula,Bravo,Salvador,F,981766969,carmen.bravo952@gmail.com,Chofer
1684,10512965,Edgar Emilio,Yataco,Salvador,M,935365296,edgar.yataco79@gmail.com,Cocinero(a)
1685,29471255,Grecia Nicole,Fernandez,Yupanqui,F,927225881,grecia.fernandez341@gmail.com,Vendedor(a)
1686,39715573,Nayeli Sofia,Romero,Yupanqui,F,996855981,nayeli.romero651@gmail.com,Empresario(a)
1687,16660490,Adrian Rodrigo,Sanchez,Huaraca,M,963182542,adrian.sanchez253@gmail.com,Comerciante ambulante
1688,45610225,Paula Luana,Mendoza,Yataco,F,937745542,paula.mendoza709@gmail.com,Empleado publico
1689,53642254,Brenda Xiomara,Espinoza,Ccahuana,F,942330448,brenda.espinoza775@gmail.com,Cocinero(a)
1690,59798706,Jhoel Julio,Fernandez,Gutierrez,M,958886080,jhoel.fernandez585@gmail.com,Administrador(a)
1691,53368293,Kevin Elmer,Paucar,Espinoza,M,961738765,kevin.paucar671@gmail.com,Agricultor
1692,43717537,Andres Luis,Garcia,Vilca,M,903297982,andres.garcia824@gmail.com,Mecanico
1693,33627065,Juan Jose,Leon,Rojas,M,912589484,juan.leon341@gmail.com,Docente
1694,69246448,Grecia Daniela,Diaz,Nunez,F,945004719,grecia.diaz939@gmail.com,Empresario(a)
1695,57036240,Victor Leonardo,Bautista,Carrillo,M,956004367,victor.bautista346@gmail.com,Contador(a)
1696,21145025,Samuel Julio,Cornejo,Quispe,M,944822949,samuel.cornejo187@gmail.com,Enfermero tecnico
1697,45498758,Adrian Dylan,Vilca,Apaza,M,914697347,adrian.vilca523@gmail.com,Enfermero tecnico
1698,30072599,Rodrigo Jhon,Ibarra,Mendoza,M,976503391,rodrigo.ibarra860@gmail.com,Comerciante ambulante
1699,43152073,Thiago Benjamin,Chavez,Sanchez,M,922290432,thiago.chavez732@gmail.com,Agricultor
1700,21203518,Isabel Nayeli,Rivera,Machaca,F,984053258,isabel.rivera309@gmail.com,Personal de seguridad
1701,17825083,Renata Jhoana,Torres,Aguilar,F,926332431,renata.torres638@gmail.com,Tecnico electricista
1702,51549446,Juan Victor,Rimac,Cutipa,M,953957227,juan.rimac751@gmail.com,Obrero de construccion
1703,10754961,Erick Piero,Chavez,Flores,M,903179741,erick.chavez601@gmail.com,Docente
1704,12452330,Kevin Martin,Vilca,Rivera,M,947256344,kevin.vilca383@gmail.com,Independiente
1705,66540761,Ruth Emily,Bautista,Soto,F,951710880,ruth.bautista954@gmail.com,Ama de casa
1706,29162720,Jose Pedro,Reyes,Farfan,M,976357209,jose.reyes111@gmail.com,Policia
1707,56039165,Manuel Gustavo,Herrera,Chavez,M,998375551,manuel.herrera707@gmail.com,Empleado publico
1708,57813809,Raul Jhon,Marin,Leon,M,931170688,raul.marin398@gmail.com,Cocinero(a)
1709,73640072,Rafaella Antonella,Ticona,Pacheco,F,948919296,rafaella.ticona320@gmail.com,Agricultor
1710,40884249,Franco Alberto,Palacios,Ochoa,M,989485719,franco.palacios471@gmail.com,Obrero de construccion
1711,36421061,Angel Gustavo,Soto,Cutipa,M,952530986,angel.soto262@gmail.com,Cocinero(a)
1712,44399713,Rafaella Maria,Ruiz,Condori,F,930173067,rafaella.ruiz77@gmail.com,Tecnico electricista
1713,31538290,Bryan Wilson,Reyes,Rodriguez,M,986270120,bryan.reyes55@gmail.com,Administrador(a)
1714,61512448,Ian Adrian,Rojas,Yataco,M,929810109,ian.rojas611@gmail.com,Comerciante
1715,52132381,Diego Marco,Huaman,Rivera,M,945550006,diego.huaman403@gmail.com,Policia
1716,60441663,Marco Jhon,Ticona,Pacheco,M,933405557,marco.ticona532@gmail.com,Policia
1717,61469724,Alexandra Teresa,Paredes,Campos,F,938237350,alexandra.paredes304@gmail.com,Cocinero(a)
1718,50387520,Gabriel Mateo,Vasquez,Chavez,M,923044466,gabriel.vasquez237@gmail.com,Vendedor(a)
1719,63184489,Franco Edgar,Torres,Herrera,M,961982817,franco.torres60@gmail.com,Administrador(a)
1720,39982293,Britany Diana,Bravo,Quispe,F,921421284,britany.bravo870@gmail.com,Empresario(a)
1721,59627029,Dulce Nicole,Lazo,Choque,F,974765780,dulce.lazo809@gmail.com,Administrador(a)
1722,58787600,Yamil Andres,Vilca,Cabrera,M,901091981,yamil.vilca473@gmail.com,Empleado publico
1723,61096973,Ivan Julio,Cutipa,Pacheco,M,949256230,ivan.cutipa126@gmail.com,Vendedor(a)
1724,51883818,Zoe Isabel,Vasquez,Vilca,F,901226876,zoe.vasquez478@gmail.com,Administrador(a)
1725,14928737,Samuel Fernando,Ruiz,Medina,M,931243479,samuel.ruiz657@gmail.com,Ama de casa
1726,74706760,Jhoel Mateo,Espinoza,Marin,M,983258717,jhoel.espinoza978@gmail.com,Obrero de construccion
1727,42756606,Grecia Teresa,Villanueva,Lazo,F,996341896,grecia.villanueva552@gmail.com,Contador(a)
1728,24118135,Luana Valentina,Guzman,Ibarra,F,974860595,luana.guzman335@gmail.com,Ama de casa
1729,48807431,Miguel Leonardo,Yataco,Huaraca,M,949030161,miguel.yataco697@gmail.com,Ama de casa
1730,59371844,Alberto Manuel,Ramos,Villanueva,M,908290080,alberto.ramos867@gmail.com,Administrador(a)
1731,65594874,Emily Katty,Cruz,Salvador,F,978042051,emily.cruz178@gmail.com,Tecnico electricista
1732,36985943,Elena Daniela,Pacheco,Torres,F,961450408,elena.pacheco914@gmail.com,Contador(a)
1733,41185716,Brenda Zoe,Mendoza,Sanchez,F,973270334,brenda.mendoza463@gmail.com,Obrero de construccion
1734,32111160,Ruth Alexandra,Alarcon,Ochoa,F,972054436,ruth.alarcon228@gmail.com,Policia
1735,48890139,Estefany Alexandra,Gonzales,Flores,F,985886245,estefany.gonzales295@gmail.com,Comerciante ambulante
1736,47091674,Danna Dulce,Huaraca,Paucar,F,937538436,danna.huaraca635@gmail.com,Policia
1737,50964203,Ana Camila,Rodriguez,Fernandez,F,984618754,ana.rodriguez62@gmail.com,Vendedor(a)
1738,41718624,Renzo Edgar,Farfan,Choque,M,969601877,renzo.farfan552@gmail.com,Comerciante
1739,15853835,Susan Alexandra,Vasquez,Silva,F,981289956,susan.vasquez77@gmail.com,Tecnico electricista
1740,24235579,Jhon Alberto,Zavala,Huaraca,M,923542308,jhon.zavala140@gmail.com,Cocinero(a)
1741,76755425,Rafaella Alexandra,Rivera,Ibarra,F,927067227,rafaella.rivera386@gmail.com,Mecanico
1742,47264226,Aaron Renzo,Ibarra,Ticona,M,916451084,aaron.ibarra917@gmail.com,Empleado publico
1743,44963081,Marco Adrian,Rivera,Guzman,M,984270528,marco.rivera41@gmail.com,Obrero de construccion
1744,31597112,Carmen Xiomara,Cabanillas,Romero,F,966748627,carmen.cabanillas971@gmail.com,Contador(a)
1745,49647637,Ana Estefany,Diaz,Yataco,F,914917080,ana.diaz88@gmail.com,Administrador(a)
1746,14753513,Brenda Karen,Gonzales,Palacios,F,917352695,brenda.gonzales406@gmail.com,Obrero de construccion
1747,73147238,Manuel Luis,Sanchez,Condori,M,922840732,manuel.sanchez335@gmail.com,Obrero de construccion
1748,63302933,Jhoana Jhoana,Carrillo,Vargas,F,963088387,jhoana.carrillo394@gmail.com,Mecanico
1749,49306448,Daniela Pilar,Cruz,Rojas,F,934891713,daniela.cruz480@gmail.com,Enfermero(a)
1750,63798056,Miguel Jhoel,Aquino,Nunez,M,945527958,miguel.aquino616@gmail.com,Mecanico
1751,27639683,Anthony Juan,Sanchez,Cruz,M,959804155,anthony.sanchez83@gmail.com,Independiente
1752,41969239,Valentina Ruth,Alvarez,Zavala,F,986547057,valentina.alvarez105@gmail.com,Policia
1753,58710360,Pedro Gustavo,Lazo,Silva,M,915057252,pedro.lazo693@gmail.com,Policia
1754,74023559,Cristian Pedro,Espinoza,Condori,M,968832163,cristian.espinoza683@gmail.com,Cocinero(a)
1755,35961380,Carlos Benjamin,Cutipa,Aguilar,M,975244517,carlos.cutipa635@gmail.com,Tecnico electricista
1756,54400932,Cristian Anthony,Cutipa,Ruiz,M,993854589,cristian.cutipa30@gmail.com,Mecanico
1757,14866076,Abigail Maria,Paredes,Palacios,F,990734032,abigail.paredes308@gmail.com,Policia
1758,41982718,Fabricio Elmer,Cruz,Vargas,M,954845584,fabricio.cruz782@gmail.com,Ama de casa
1759,71877830,Ashley Estefany,Ortiz,Villanueva,F,928919166,ashley.ortiz512@gmail.com,Comerciante ambulante
1760,46950222,Nayeli Patricia,Aquino,Condori,F,917516570,nayeli.aquino828@gmail.com,Administrador(a)
1761,44432696,Emilio Hugo,Medina,Bravo,M,926528240,emilio.medina426@gmail.com,Vendedor(a)
1762,75062565,Yesenia Carmen,Machaca,Yupanqui,F,930395359,yesenia.machaca983@gmail.com,Mecanico
1763,22337055,Emily Teresa,Reyes,Rojas,F,916302051,emily.reyes455@gmail.com,Tecnico electricista
1764,14510816,Yolanda Ana,Gonzales,Ibarra,F,961417938,yolanda.gonzales584@gmail.com,Vendedor(a)
1765,14532125,Erick Yamil,Lazo,Guzman,M,972331761,erick.lazo935@gmail.com,Mecanico
1766,49454734,Mia Zoe,Silva,Bravo,F,906966090,mia.silva123@gmail.com,Enfermero(a)
1767,73463857,Samuel Aaron,Gonzales,Ibarra,M,904120848,samuel.gonzales26@gmail.com,Ama de casa
1768,66902379,Patricia Yesenia,Carrillo,Castillo,F,968579760,patricia.carrillo700@gmail.com,Comerciante
1769,22526410,Ivan Oscar,Medina,Ruiz,M,979378886,ivan.medina324@gmail.com,Agricultor
1770,79530711,Jorge Jhoel,Marin,Delgado,M,961487072,jorge.marin567@gmail.com,Policia
1771,39358596,Aaron Benjamin,Leon,Fernandez,M,925754280,aaron.leon426@gmail.com,Enfermero(a)
1772,43139384,Leonardo Gonzalo,Sanchez,Rojas,M,972030148,leonardo.sanchez691@gmail.com,Personal de seguridad
1773,49539579,Teresa Ana,Cardenas,Pacheco,F,925598121,teresa.cardenas309@gmail.com,Ama de casa
1774,49416998,Dulce Susan,Ramos,Medina,F,929351531,dulce.ramos586@gmail.com,Empresario(a)
1775,55500105,Ximena Yesenia,Vilca,Carrillo,F,906896118,ximena.vilca82@gmail.com,Chofer
1776,28981994,Kiara Ariana,Ticona,Ticona,F,995072416,kiara.ticona773@gmail.com,Tecnico electricista
1777,43546370,Jhon Fabricio,Delgado,Castillo,M,927728293,jhon.delgado40@gmail.com,Chofer
1778,76506807,Anthony Carlos,Reyes,Guzman,M,929204121,anthony.reyes871@gmail.com,Obrero de construccion
1779,22487006,Julia Brenda,Apaza,Rivera,F,972995170,julia.apaza670@gmail.com,Enfermero(a)
1780,67601191,Manuel Juan,Salazar,Gonzales,M,968134183,manuel.salazar339@gmail.com,Ama de casa
1781,12453041,Isabel Xiomara,Machaca,Vargas,F,985755712,isabel.machaca362@gmail.com,Enfermero tecnico
1782,42578307,Mia Julia,Sanchez,Alarcon,F,937851005,mia.sanchez673@gmail.com,Vendedor(a)
1783,70394260,Danna Estefany,Leon,Yupanqui,F,998243580,danna.leon26@gmail.com,Empleado publico
1784,45705055,Estefany Alexandra,Villanueva,Bautista,F,984869639,estefany.villanueva742@gmail.com,Cocinero(a)
1785,10994927,Kiara Pilar,Ramos,Nunez,F,977428238,kiara.ramos536@gmail.com,Ama de casa
1786,39494920,Elena Milagros,Gonzales,Cardenas,F,988461113,elena.gonzales666@gmail.com,Administrador(a)
1787,11730287,Katty Milagros,Soto,Delgado,F,997815883,katty.soto768@gmail.com,Agricultor
1788,35429161,Diana Nicole,Yataco,Cutipa,F,928996299,diana.yataco220@gmail.com,Comerciante
1789,24944680,Martin Ivan,Herrera,Ibarra,M,991430253,martin.herrera488@gmail.com,Enfermero(a)
1790,34138770,Daniela Luana,Huaraca,Yupanqui,F,975463113,daniela.huaraca126@gmail.com,Vendedor(a)
1791,10915075,Angel Alberto,Rimac,Rojas,M,933290165,angel.rimac5@gmail.com,Administrador(a)
1792,37025764,Vanessa Ruth,Huaraca,Herrera,F,920900224,vanessa.huaraca375@gmail.com,Tecnico electricista
1793,12877843,Gabriel Fabricio,Bautista,Ochoa,M,902894435,gabriel.bautista375@gmail.com,Policia
1794,33926021,Elena Fiorella,Paredes,Paucar,F,952871257,elena.paredes955@gmail.com,Comerciante
1795,48678499,Valentina Ximena,Herrera,Mamani,F,918805607,valentina.herrera101@gmail.com,Mecanico
1796,57397592,Joaquin Fabricio,Ccahuana,Espinoza,M,974466264,joaquin.ccahuana742@gmail.com,Comerciante ambulante
1797,24363542,Martin Edgar,Diaz,Huaman,M,914795803,martin.diaz540@gmail.com,Mecanico
1798,27577216,Elmer Miguel,Vasquez,Ticona,M,934793767,elmer.vasquez81@gmail.com,Policia
1799,51424406,Raul Sebastian,Pacheco,Carrillo,M,956795025,raul.pacheco361@gmail.com,Agricultor
1800,25243134,Ariana Julia,Quispe,Vilca,F,960328124,ariana.quispe672@gmail.com,Docente
1801,71824592,Gustavo Alberto,Rodriguez,Yataco,M,997797432,gustavo.rodriguez777@gmail.com,Docente
1802,60928680,Pilar Katherine,Leon,Ccahuana,F,968567484,pilar.leon437@gmail.com,Enfermero(a)
1803,10578121,Xiomara Rosa,Marin,Zavala,F,959686447,xiomara.marin706@gmail.com,Vendedor(a)
1804,59682982,Abigail Alessandra,Delgado,Cutipa,F,915294378,abigail.delgado274@gmail.com,Independiente
1805,77185778,Britany Luana,Aguilar,Palacios,F,961206972,britany.aguilar947@gmail.com,Empresario(a)
1806,35927950,Rafaella Julia,Vega,Silva,F,987558785,rafaella.vega56@gmail.com,Agricultor
1807,55683693,Yamil Alexis,Cornejo,Alarcon,M,931092279,yamil.cornejo293@gmail.com,Tecnico electricista
1808,23977702,Antonella Daniela,Cabanillas,Ortiz,F,976686317,antonella.cabanillas834@gmail.com,Agricultor
1809,18963158,Nayeli Danna,Diaz,Medina,F,957618293,nayeli.diaz306@gmail.com,Administrador(a)
1810,21091286,Emilio Kevin,Ramos,Mamani,M,999310257,emilio.ramos456@gmail.com,Comerciante ambulante
1811,77805133,Estefany Camila,Bautista,Diaz,F,949716132,estefany.bautista136@gmail.com,Chofer
1812,40469852,Piero Erick,Cabanillas,Espinoza,M,976729373,piero.cabanillas25@gmail.com,Contador(a)
1813,34059362,Jose Angel,Flores,Rimac,M,988240278,jose.flores992@gmail.com,Policia
1814,74796195,Nicolas Benjamin,Choque,Paucar,M,939041650,nicolas.choque46@gmail.com,Ama de casa
1815,42143622,Kiara Maria,Reyes,Paredes,F,980030844,kiara.reyes228@gmail.com,Tecnico electricista
1816,37513491,Gustavo Carlos,Mamani,Espinoza,M,977348169,gustavo.mamani58@gmail.com,Enfermero tecnico
1817,55389037,Emilio Jhoel,Herrera,Cardenas,M,943382820,emilio.herrera823@gmail.com,Docente
1818,48751072,Oscar Mateo,Cornejo,Mamani,M,959367770,oscar.cornejo782@gmail.com,Tecnico electricista
1819,18426694,Pilar Danna,Vega,Cabanillas,F,921949464,pilar.vega778@gmail.com,Vendedor(a)
1820,43158353,Jose Gabriel,Vasquez,Chavez,M,912473309,jose.vasquez380@gmail.com,Policia
1821,63711729,Ruth Grecia,Vilca,Sanchez,F,980928421,ruth.vilca145@gmail.com,Chofer
1822,52609746,Alexis Gustavo,Huaraca,Rivera,M,974010001,alexis.huaraca696@gmail.com,Docente
1823,24794340,Luis Fabricio,Villanueva,Palacios,M,925425209,luis.villanueva796@gmail.com,Agricultor
1824,53878203,Edgar Diego,Cruz,Aquino,M,912337345,edgar.cruz504@gmail.com,Empresario(a)
1825,47300399,Ian Piero,Cardenas,Vega,M,954642607,ian.cardenas405@gmail.com,Chofer
1826,35457276,Angel Walter,Carrillo,Aguilar,M,943396530,angel.carrillo758@gmail.com,Comerciante
1827,25843027,Xiomara Katherine,Zavala,Ochoa,F,913963328,xiomara.zavala653@gmail.com,Empleado publico
1828,66425744,Gabriel Jorge,Romero,Reyes,M,913380139,gabriel.romero614@gmail.com,Independiente
1829,19655594,Camila Ana,Palacios,Sanchez,F,918874237,camila.palacios891@gmail.com,Mecanico
1830,31160938,Alessandra Camila,Ticona,Huaman,F,930039253,alessandra.ticona273@gmail.com,Enfermero tecnico
1831,24856319,Diego Kevin,Gonzales,Apaza,M,960926168,diego.gonzales136@gmail.com,Policia
1832,57949586,Ian Jhon,Ortiz,Lazo,M,913166541,ian.ortiz282@gmail.com,Agricultor
1833,33905524,Walter Kevin,Yataco,Reyes,M,943789470,walter.yataco605@gmail.com,Tecnico electricista
1834,37709514,Maria Xiomara,Aguilar,Vasquez,F,922428600,maria.aguilar978@gmail.com,Empleado publico
1835,34023646,Jorge Manuel,Romero,Guzman,M,947375042,jorge.romero98@gmail.com,Agricultor
1836,44625463,Renata Camila,Ticona,Zavala,F,957473036,renata.ticona653@gmail.com,Comerciante
1837,50541273,Melissa Yolanda,Sanchez,Medina,F,965626900,melissa.sanchez853@gmail.com,Independiente
1838,43437065,Teresa Luz,Alvarez,Paredes,F,962995435,teresa.alvarez677@gmail.com,Chofer
1839,53985839,Piero Ivan,Ticona,Palacios,M,916643284,piero.ticona379@gmail.com,Mecanico
1840,77308919,Elena Ruth,Cornejo,Cabanillas,F,934384836,elena.cornejo356@gmail.com,Personal de seguridad
1841,64453647,Cesar Diego,Herrera,Leon,M,978801852,cesar.herrera495@gmail.com,Policia
1842,33740827,Danna Patricia,Farfan,Fernandez,F,975025837,danna.farfan934@gmail.com,Chofer
1843,38161246,Adrian Walter,Fernandez,Cornejo,M,917036325,adrian.fernandez246@gmail.com,Mecanico
1844,13175888,Nicole Brenda,Ticona,Zavala,F,925209967,nicole.ticona218@gmail.com,Tecnico electricista
1845,57609285,Renzo Yamil,Espinoza,Mendoza,M,916546979,renzo.espinoza801@gmail.com,Empresario(a)
1846,32798872,Alexandra Abigail,Cruz,Ruiz,F,948330427,alexandra.cruz276@gmail.com,Vendedor(a)
1847,54078895,Victor Cesar,Quispe,Gutierrez,M,997751146,victor.quispe432@gmail.com,Chofer
1848,74114503,Alexander Jose,Ortiz,Leon,M,932420589,alexander.ortiz875@gmail.com,Comerciante
1849,35420739,Ricardo Hugo,Delgado,Rivera,M,918572996,ricardo.delgado771@gmail.com,Mecanico
1850,59978445,Kiara Flor,Sanchez,Lazo,F,950081106,kiara.sanchez670@gmail.com,Vendedor(a)
1851,35746385,Nayeli Alexandra,Salvador,Cutipa,F,984821100,nayeli.salvador648@gmail.com,Vendedor(a)
1852,79210494,Walter Cesar,Choque,Palacios,M,912510305,walter.choque77@gmail.com,Comerciante
1853,73848796,Diego Fernando,Gutierrez,Pacheco,M,900650976,diego.gutierrez825@gmail.com,Empresario(a)
1854,13708187,Estefany Lucia,Paredes,Zavala,F,982037498,estefany.paredes107@gmail.com,Comerciante ambulante
1855,26091093,Hugo Thiago,Vilca,Apaza,M,928803621,hugo.vilca402@gmail.com,Obrero de construccion
1856,17187372,Samuel Mateo,Ticona,Garcia,M,986051229,samuel.ticona93@gmail.com,Enfermero tecnico
1857,68748578,Diana Pilar,Huaraca,Mamani,F,994328579,diana.huaraca41@gmail.com,Tecnico electricista
1858,61791621,Emilio Edgar,Rimac,Torres,M,906446236,emilio.rimac213@gmail.com,Cocinero(a)
1859,31878061,Pilar Julia,Mendoza,Diaz,F,966358840,pilar.mendoza371@gmail.com,Docente
1860,49031969,Xiomara Mia,Sanchez,Ticona,F,995886331,xiomara.sanchez559@gmail.com,Cocinero(a)
1861,35448982,Kiara Luz,Cabrera,Vasquez,F,976365629,kiara.cabrera429@gmail.com,Docente
1862,20357789,Anthony Leonardo,Ruiz,Machaca,M,971298606,anthony.ruiz533@gmail.com,Ama de casa
1863,63206089,Camila Nayeli,Campos,Cardenas,F,993545379,camila.campos112@gmail.com,Administrador(a)
1864,68199708,Gabriela Abigail,Ochoa,Gonzales,F,969909650,gabriela.ochoa575@gmail.com,Cocinero(a)
1865,55123592,Alexis Joaquin,Choque,Gonzales,M,951288176,alexis.choque993@gmail.com,Enfermero tecnico
1866,40306308,Fernando Ian,Diaz,Aquino,M,972213220,fernando.diaz435@gmail.com,Obrero de construccion
1867,11832581,Erick Leonardo,Diaz,Vega,M,905078813,erick.diaz803@gmail.com,Agricultor
1868,42106402,Vanessa Britany,Cardenas,Quispe,F,992263289,vanessa.cardenas415@gmail.com,Vendedor(a)
1869,26157725,Antonella Yesenia,Soto,Ibarra,F,942362289,antonella.soto704@gmail.com,Vendedor(a)
1870,34989736,Jose Edgar,Nunez,Pacheco,M,918539518,jose.nunez11@gmail.com,Enfermero tecnico
1871,49956386,Mia Rafaella,Nunez,Zavala,F,963391453,mia.nunez453@gmail.com,Policia
1872,49943281,Ariana Kiara,Cabrera,Huaraca,F,914185843,ariana.cabrera492@gmail.com,Comerciante ambulante
1873,78965078,Zoe Diana,Condori,Cutipa,F,936793314,zoe.condori646@gmail.com,Enfermero(a)
1874,37674210,Sofia Brenda,Huaraca,Yataco,F,909800719,sofia.huaraca378@gmail.com,Obrero de construccion
1875,38683629,Renzo Marco,Ochoa,Espinoza,M,995870341,renzo.ochoa899@gmail.com,Policia
1876,56636946,Daniela Rafaella,Vasquez,Ticona,F,919995969,daniela.vasquez97@gmail.com,Administrador(a)
1877,69499292,Mia Brenda,Guzman,Guzman,F,929912217,mia.guzman951@gmail.com,Tecnico electricista
1878,47817499,Alexander Angel,Ccahuana,Cruz,M,985968530,alexander.ccahuana58@gmail.com,Enfermero(a)
1879,11872751,Bryan Andres,Herrera,Delgado,M,945900614,bryan.herrera667@gmail.com,Independiente
1880,18942775,Rosa Xiomara,Mamani,Rivera,F,904796259,rosa.mamani599@gmail.com,Comerciante
1881,30018864,Yolanda Luana,Leon,Vega,F,900791124,yolanda.leon122@gmail.com,Enfermero tecnico
1882,51060043,Vanessa Renata,Fernandez,Soto,F,971001973,vanessa.fernandez205@gmail.com,Personal de seguridad
1883,42593683,Anthony Nicolas,Condori,Yataco,M,942231141,anthony.condori485@gmail.com,Comerciante ambulante
1884,42465370,Elena Milagros,Aquino,Cruz,F,910485350,elena.aquino86@gmail.com,Mecanico
1885,12188311,Valentina Katherine,Yupanqui,Mendoza,F,992663533,valentina.yupanqui105@gmail.com,Contador(a)
1886,12376012,Diana Daniela,Vilca,Garcia,F,901277105,diana.vilca964@gmail.com,Docente
1887,72931146,Luana Teresa,Vasquez,Ortiz,F,997569993,luana.vasquez657@gmail.com,Obrero de construccion
1888,36389283,Britany Nicole,Ccahuana,Mendoza,F,987505785,britany.ccahuana274@gmail.com,Mecanico
1889,46387005,Antonella Carmen,Carrillo,Paredes,F,944915207,antonella.carrillo781@gmail.com,Vendedor(a)
1890,65845942,Gabriel Ricardo,Medina,Ticona,M,900755769,gabriel.medina615@gmail.com,Chofer
1891,77784979,Joaquin Rodrigo,Espinoza,Bravo,M,986450293,joaquin.espinoza804@gmail.com,Agricultor
1892,33116341,Ian Edgar,Espinoza,Herrera,M,925918420,ian.espinoza402@gmail.com,Personal de seguridad
1893,40656413,Angel Joaquin,Quispe,Huaraca,M,909608437,angel.quispe627@gmail.com,Comerciante ambulante
1894,58351179,Fiorella Paula,Sanchez,Cutipa,F,914889428,fiorella.sanchez342@gmail.com,Mecanico
1895,78120162,Ariana Carmen,Condori,Castillo,F,994327988,ariana.condori642@gmail.com,Ama de casa
1896,30883437,Mateo Wilson,Condori,Medina,M,913171822,mateo.condori279@gmail.com,Comerciante ambulante
1897,37760007,Zoe Katty,Mendoza,Gonzales,F,997143327,zoe.mendoza327@gmail.com,Ama de casa
1898,71075428,Danna Fiorella,Huaraca,Castillo,F,920222745,danna.huaraca642@gmail.com,Docente
1899,13936770,Jose Samuel,Rodriguez,Rodriguez,M,985170905,jose.rodriguez613@gmail.com,Administrador(a)
1900,66202598,Emily Ximena,Huaraca,Cardenas,F,989800676,emily.huaraca758@gmail.com,Vendedor(a)
1901,67694236,Jorge Emilio,Paucar,Cutipa,M,906674119,jorge.paucar822@gmail.com,Vendedor(a)
1902,70534566,Pilar Paula,Alvarez,Medina,F,994888058,pilar.alvarez701@gmail.com,Empresario(a)
1903,30530996,Renzo Renzo,Villanueva,Apaza,M,914638382,renzo.villanueva271@gmail.com,Ama de casa
1904,40412485,Ariana Katty,Condori,Ramos,F,917769911,ariana.condori207@gmail.com,Docente
1905,12854613,Diana Yolanda,Nunez,Quispe,F,916952578,diana.nunez263@gmail.com,Enfermero(a)
1906,42269170,Elena Yesenia,Ibarra,Zavala,F,963777112,elena.ibarra481@gmail.com,Agricultor
1907,79148336,Jhon Alberto,Herrera,Gutierrez,M,984219350,jhon.herrera702@gmail.com,Policia
1908,45417401,Angel Ivan,Alarcon,Ticona,M,990377277,angel.alarcon586@gmail.com,Comerciante ambulante
1909,62363283,Grecia Antonella,Villanueva,Pacheco,F,917811391,grecia.villanueva662@gmail.com,Enfermero tecnico
1910,34252773,Dylan Carlos,Herrera,Carrillo,M,981510514,dylan.herrera908@gmail.com,Cocinero(a)
1911,61669943,Ruth Alessandra,Marin,Guzman,F,920698940,ruth.marin852@gmail.com,Tecnico electricista
1912,41604818,Jhoel Alberto,Palacios,Rojas,M,934116512,jhoel.palacios829@gmail.com,Contador(a)
1913,34161776,Sebastian Edgar,Machaca,Herrera,M,960258976,sebastian.machaca327@gmail.com,Empresario(a)
1914,71245093,Andres Emilio,Guzman,Campos,M,946794863,andres.guzman131@gmail.com,Cocinero(a)
1915,75126872,Kevin Nicolas,Huaraca,Pacheco,M,972740078,kevin.huaraca805@gmail.com,Comerciante ambulante
1916,59836100,Luz Camila,Leon,Lazo,F,979634846,luz.leon708@gmail.com,Ama de casa
1917,48393620,Angel Emilio,Rimac,Paucar,M,938570226,angel.rimac934@gmail.com,Mecanico
1918,56579499,Ruth Brenda,Quispe,Mamani,F,932085165,ruth.quispe160@gmail.com,Policia
1919,20573695,Ruth Estefany,Cabrera,Bravo,F,907460401,ruth.cabrera155@gmail.com,Agricultor
1920,14000665,Gabriel Jhoel,Ortiz,Carrillo,M,945969363,gabriel.ortiz695@gmail.com,Comerciante
1921,27031413,Ricardo Nicolas,Ochoa,Rimac,M,999367720,ricardo.ochoa898@gmail.com,Ama de casa
1922,45729050,Walter Victor,Gutierrez,Salvador,M,995621557,walter.gutierrez834@gmail.com,Enfermero tecnico
1923,35302690,Ana Ariana,Torres,Cruz,F,976313141,ana.torres957@gmail.com,Agricultor
1924,55869368,Pedro Renzo,Chavez,Cardenas,M,975440715,pedro.chavez714@gmail.com,Enfermero(a)
1925,20478095,Alessandra Yolanda,Huaraca,Campos,F,961064942,alessandra.huaraca697@gmail.com,Ama de casa
1926,75974098,Jorge Benjamin,Choque,Cruz,M,967931559,jorge.choque194@gmail.com,Empleado publico
1927,37025801,Martin Miguel,Bautista,Salazar,M,944325475,martin.bautista819@gmail.com,Ama de casa
1928,13515785,Angel Marco,Gonzales,Rodriguez,M,959529648,angel.gonzales934@gmail.com,Comerciante
1929,66919568,Danna Lucia,Guzman,Ramos,F,908412673,danna.guzman239@gmail.com,Chofer
1930,36482306,Jose Dylan,Condori,Garcia,M,986947607,jose.condori494@gmail.com,Empleado publico
1931,35449725,Ian Marco,Gutierrez,Ibarra,M,914316816,ian.gutierrez708@gmail.com,Empleado publico
1932,13758206,Miguel Martin,Ochoa,Cardenas,M,981899886,miguel.ochoa475@gmail.com,Enfermero tecnico
1933,72436959,Ximena Karen,Ccahuana,Gonzales,F,918692921,ximena.ccahuana276@gmail.com,Independiente
1934,16226555,Mateo Ivan,Rivera,Ccahuana,M,933642133,mateo.rivera588@gmail.com,Tecnico electricista
1935,76019789,Julia Diana,Gutierrez,Rojas,F,912538723,julia.gutierrez204@gmail.com,Empleado publico
1936,59034229,Juan Juan,Mendoza,Paucar,M,986067331,juan.mendoza122@gmail.com,Empresario(a)
1937,36521253,Lucia Jhoana,Choque,Huaman,F,918971666,lucia.choque490@gmail.com,Contador(a)
1938,15451840,Raul Samuel,Cabrera,Carrillo,M,943324128,raul.cabrera343@gmail.com,Policia
1939,53022023,Vanessa Patricia,Pacheco,Guzman,F,938517884,vanessa.pacheco852@gmail.com,Agricultor
1940,25110780,Grecia Lucia,Marin,Ibarra,F,976136250,grecia.marin737@gmail.com,Docente
1941,30862170,Dulce Luana,Gonzales,Campos,F,906969881,dulce.gonzales966@gmail.com,Mecanico
1942,16236583,Martin Ian,Cabrera,Ortiz,M,997366237,martin.cabrera392@gmail.com,Independiente
1943,77914139,Julio Martin,Ticona,Villanueva,M,940521255,julio.ticona842@gmail.com,Chofer
1944,68045364,Flor Ruth,Condori,Leon,F,994349096,flor.condori412@gmail.com,Obrero de construccion
1945,38507900,Vanessa Karen,Vega,Condori,F,933903948,vanessa.vega554@gmail.com,Cocinero(a)
1946,49190035,Samuel Manuel,Gonzales,Soto,M,984249630,samuel.gonzales9@gmail.com,Obrero de construccion
1947,59940805,Milagros Camila,Salvador,Quispe,F,940954618,milagros.salvador790@gmail.com,Administrador(a)
1948,18427576,Yesenia Nicole,Condori,Machaca,F,992530309,yesenia.condori60@gmail.com,Policia
1949,72906493,Ashley Nayeli,Ibarra,Guzman,F,968941615,ashley.ibarra585@gmail.com,Administrador(a)
1950,32360347,Carmen Alexandra,Marin,Espinoza,F,989931745,carmen.marin380@gmail.com,Comerciante
1951,51052362,Samuel Gonzalo,Alarcon,Ochoa,M,956942314,samuel.alarcon13@gmail.com,Comerciante ambulante
1952,51782969,Cesar Cristian,Marin,Herrera,M,931720161,cesar.marin213@gmail.com,Mecanico
1953,77916336,Wilson Cesar,Cruz,Guzman,M,943463064,wilson.cruz522@gmail.com,Cocinero(a)
1954,56416773,Alberto Diego,Zavala,Chavez,M,928999604,alberto.zavala299@gmail.com,Mecanico
1955,67085230,Cristian Alexander,Espinoza,Torres,M,966129941,cristian.espinoza879@gmail.com,Mecanico
1956,10235010,Valentina Sofia,Diaz,Lazo,F,939347948,valentina.diaz743@gmail.com,Chofer
1957,69049691,Gonzalo Mateo,Leon,Chavez,M,960136512,gonzalo.leon811@gmail.com,Administrador(a)
1958,76410113,Emilio Gonzalo,Condori,Cutipa,M,956845933,emilio.condori317@gmail.com,Docente
1959,18836713,Rosa Brenda,Aquino,Cutipa,F,952567303,rosa.aquino377@gmail.com,Agricultor
1960,46983332,Rodrigo Victor,Soto,Pacheco,M,920532242,rodrigo.soto867@gmail.com,Personal de seguridad
1961,68987064,Maria Yesica,Espinoza,Villanueva,F,940737565,maria.espinoza686@gmail.com,Vendedor(a)
1962,48858506,Melissa Yesenia,Apaza,Ramos,F,985907647,melissa.apaza215@gmail.com,Enfermero tecnico
1963,27699135,Katherine Katherine,Apaza,Aquino,F,922022515,katherine.apaza54@gmail.com,Enfermero(a)
1964,68974556,Wilson Cesar,Farfan,Herrera,M,907859926,wilson.farfan985@gmail.com,Contador(a)
1965,74457919,Renata Rafaella,Campos,Mendoza,F,926542675,renata.campos408@gmail.com,Ama de casa
1966,18440185,Walter Bryan,Vilca,Cabrera,M,927816055,walter.vilca215@gmail.com,Vendedor(a)
1967,51671497,Valentina Kiara,Rodriguez,Cabanillas,F,968348710,valentina.rodriguez820@gmail.com,Docente
1968,10736988,Yesica Grecia,Lazo,Flores,F,986058130,yesica.lazo365@gmail.com,Agricultor
1969,47336111,Anthony Jorge,Huaraca,Salazar,M,989807706,anthony.huaraca622@gmail.com,Enfermero tecnico
1970,36511060,Camila Fiorella,Salvador,Cornejo,F,920631541,camila.salvador53@gmail.com,Obrero de construccion
1971,45153462,Leonardo Miguel,Villanueva,Huaman,M,992174060,leonardo.villanueva575@gmail.com,Cocinero(a)
1972,34006956,Ruth Rosa,Yupanqui,Vasquez,F,998924370,ruth.yupanqui829@gmail.com,Vendedor(a)
1973,57071638,Cristian Jorge,Salazar,Salazar,M,935682777,cristian.salazar431@gmail.com,Agricultor
1974,71197952,Juan Manuel,Sanchez,Carrillo,M,997460819,juan.sanchez123@gmail.com,Ama de casa
1975,39301224,Patricia Katty,Salvador,Reyes,F,946902564,patricia.salvador489@gmail.com,Obrero de construccion
1976,45040703,Gonzalo Walter,Chavez,Gonzales,M,947141593,gonzalo.chavez154@gmail.com,Enfermero(a)
1977,79012742,Dylan Fabricio,Flores,Salvador,M,963537570,dylan.flores935@gmail.com,Independiente
1978,13877053,Alberto Mateo,Herrera,Vasquez,M,966812433,alberto.herrera577@gmail.com,Empresario(a)
1979,19201833,Rosa Nicole,Delgado,Vega,F,923975163,rosa.delgado908@gmail.com,Obrero de construccion
1980,76723734,Karen Britany,Ticona,Gonzales,F,968066625,karen.ticona238@gmail.com,Obrero de construccion
1981,45818724,Kevin Franco,Huaraca,Salvador,M,952515240,kevin.huaraca656@gmail.com,Agricultor
1982,75764765,Luis Franco,Aquino,Cabanillas,M,928328849,luis.aquino419@gmail.com,Empleado publico
1983,76474771,Julio Nicolas,Herrera,Salazar,M,985733899,julio.herrera181@gmail.com,Chofer
1984,30278301,Angel Alexis,Yupanqui,Pacheco,M,912311365,angel.yupanqui727@gmail.com,Contador(a)
1985,28557486,Emily Jhoana,Quispe,Marin,F,934255462,emily.quispe920@gmail.com,Mecanico
1986,66689399,Katty Gabriela,Yataco,Cabanillas,F,989635627,katty.yataco4@gmail.com,Ama de casa
1987,21641472,Miguel Gonzalo,Huaraca,Vasquez,M,975555903,miguel.huaraca43@gmail.com,Vendedor(a)
1988,67264427,Nicole Julia,Machaca,Delgado,F,983122457,nicole.machaca928@gmail.com,Obrero de construccion
1989,48939034,Emilio Marco,Rojas,Herrera,M,984311939,emilio.rojas754@gmail.com,Personal de seguridad
1990,67443830,Andres Oscar,Nunez,Cabanillas,M,988923533,andres.nunez710@gmail.com,Docente
1991,18652272,Sofia Zoe,Gonzales,Mamani,F,963172766,sofia.gonzales113@gmail.com,Policia
1992,13835719,Jhon Cesar,Espinoza,Vega,M,944229322,jhon.espinoza359@gmail.com,Independiente
1993,73833146,Samuel Joaquin,Delgado,Rimac,M,912962397,samuel.delgado274@gmail.com,Obrero de construccion
1994,11457390,Walter Leonardo,Pacheco,Fernandez,M,958252251,walter.pacheco777@gmail.com,Empleado publico
1995,29176257,Oscar Raul,Rimac,Yupanqui,M,933760650,oscar.rimac355@gmail.com,Contador(a)
1996,37312576,Antonella Jhoana,Aquino,Paredes,F,923708848,antonella.aquino579@gmail.com,Cocinero(a)
1997,67839102,Jhon Luis,Soto,Rimac,M,911086846,jhon.soto278@gmail.com,Enfermero tecnico
1998,48554121,Thiago Juan,Pacheco,Pacheco,M,951779791,thiago.pacheco780@gmail.com,Comerciante ambulante
1999,45554920,Ana Fiorella,Espinoza,Reyes,F,979999787,ana.espinoza868@gmail.com,Ama de casa
2000,42574380,Diana Patricia,Cardenas,Quispe,F,949577187,diana.cardenas102@gmail.com,Tecnico electricista
2001,26551986,Diana Xiomara,Alarcon,Espinoza,F,902919434,diana.alarcon13@gmail.com,Obrero de construccion
2002,52492380,Rosa Gabriela,Cabanillas,Ortiz,F,915524167,rosa.cabanillas130@gmail.com,Obrero de construccion
2003,68105308,Alexis Alexis,Aquino,Zavala,M,964150559,alexis.aquino204@gmail.com,Policia
2004,15621721,Gonzalo Adrian,Cabrera,Alarcon,M,916577710,gonzalo.cabrera902@gmail.com,Ama de casa
2005,79338159,Oscar Alexander,Rivera,Huaraca,M,939258843,oscar.rivera43@gmail.com,Chofer
2006,72286495,Luz Rosa,Fernandez,Chavez,F,961312614,luz.fernandez849@gmail.com,Administrador(a)
2007,44127705,Marco Jhon,Campos,Yupanqui,M,984773086,marco.campos677@gmail.com,Empresario(a)
2008,26758717,Luis Emilio,Yataco,Alvarez,M,947491566,luis.yataco875@gmail.com,Enfermero(a)
2009,45628360,Edgar Raul,Villanueva,Espinoza,M,989012543,edgar.villanueva608@gmail.com,Empresario(a)
2010,43209188,Paula Vanessa,Machaca,Huaraca,F,962163009,paula.machaca863@gmail.com,Contador(a)
2011,42246892,Kiara Daniela,Farfan,Cabrera,F,996222061,kiara.farfan846@gmail.com,Enfermero(a)
2012,33337226,Pedro Nicolas,Palacios,Vilca,M,934732919,pedro.palacios549@gmail.com,Cocinero(a)
2013,11049722,Jose Oscar,Pacheco,Aguilar,M,954575233,jose.pacheco289@gmail.com,Mecanico
2014,20782447,Fiorella Isabel,Mendoza,Bautista,F,993273312,fiorella.mendoza425@gmail.com,Vendedor(a)
2015,69279769,Julio Gonzalo,Vega,Rodriguez,M,916483750,julio.vega920@gmail.com,Empresario(a)
2016,12032541,Katty Grecia,Cabanillas,Vega,F,938853710,katty.cabanillas409@gmail.com,Tecnico electricista
2017,35349986,Emily Emily,Aquino,Leon,F,919921316,emily.aquino790@gmail.com,Ama de casa
2018,72823374,Alexis Raul,Condori,Espinoza,M,923070475,alexis.condori301@gmail.com,Enfermero tecnico
2019,67865844,Aaron Fernando,Romero,Chavez,M,945452991,aaron.romero799@gmail.com,Contador(a)
2020,53649157,Julio Yamil,Espinoza,Soto,M,979772116,julio.espinoza126@gmail.com,Empresario(a)
2021,45942833,Fiorella Carmen,Villanueva,Vilca,F,948110303,fiorella.villanueva458@gmail.com,Independiente
2022,36400013,Luz Milagros,Bautista,Cutipa,F,926210509,luz.bautista902@gmail.com,Personal de seguridad
2023,77858646,Julia Melissa,Yupanqui,Vilca,F,901900565,julia.yupanqui916@gmail.com,Comerciante
2024,23237491,Ashley Nicole,Farfan,Ruiz,F,932462254,ashley.farfan699@gmail.com,Enfermero(a)
2025,42128751,Katty Ariana,Espinoza,Romero,F,918810574,katty.espinoza273@gmail.com,Chofer
2026,42382913,Teresa Yolanda,Rojas,Machaca,F,926350203,teresa.rojas528@gmail.com,Comerciante
2027,28194161,Ivan Fernando,Mamani,Reyes,M,972204097,ivan.mamani893@gmail.com,Enfermero tecnico
2028,53605627,Ian Gabriel,Quispe,Garcia,M,967508760,ian.quispe416@gmail.com,Cocinero(a)
2029,26170231,Renzo Ivan,Ibarra,Vilca,M,984786741,renzo.ibarra865@gmail.com,Vendedor(a)
2030,10753526,Maria Xiomara,Vargas,Bautista,F,922032589,maria.vargas695@gmail.com,Personal de seguridad
2031,33479663,Teresa Milagros,Mamani,Salazar,F,994653937,teresa.mamani759@gmail.com,Tecnico electricista
2032,24485591,Manuel Bryan,Zavala,Villanueva,M,979911702,manuel.zavala612@gmail.com,Tecnico electricista
2033,55222164,Ana Yesenia,Torres,Campos,F,977551862,ana.torres919@gmail.com,Docente
2034,15656130,Gustavo Renzo,Mendoza,Mendoza,M,936245182,gustavo.mendoza8@gmail.com,Empleado publico
2035,70734208,Cristian Pedro,Gutierrez,Quispe,M,929145690,cristian.gutierrez601@gmail.com,Enfermero tecnico
2036,35847586,Renata Flor,Villanueva,Romero,F,938216351,renata.villanueva853@gmail.com,Cocinero(a)
2037,61799392,Jose Pedro,Fernandez,Rojas,M,962836505,jose.fernandez506@gmail.com,Docente
2038,11257422,Luz Isabel,Reyes,Salvador,F,932438187,luz.reyes715@gmail.com,Mecanico
2039,46126209,Gonzalo Emilio,Cutipa,Paucar,M,902169917,gonzalo.cutipa418@gmail.com,Policia
2040,60688938,Yesenia Maria,Farfan,Huaraca,F,965641228,yesenia.farfan807@gmail.com,Empleado publico
2041,21835250,Xiomara Melissa,Bravo,Cabanillas,F,950458757,xiomara.bravo806@gmail.com,Docente
2042,22607863,Danna Luz,Salazar,Machaca,F,908945530,danna.salazar684@gmail.com,Policia
2043,20346833,Gabriela Vanessa,Mamani,Silva,F,974515377,gabriela.mamani682@gmail.com,Enfermero tecnico
2044,62254594,Thiago Pedro,Mamani,Marin,M,969993208,thiago.mamani700@gmail.com,Obrero de construccion
2045,16930450,Gustavo Cristian,Bravo,Rimac,M,973290322,gustavo.bravo868@gmail.com,Contador(a)
2046,59905423,Pilar Camila,Apaza,Torres,F,996190838,pilar.apaza997@gmail.com,Empresario(a)
2047,55031950,Teresa Karen,Condori,Bautista,F,944898538,teresa.condori828@gmail.com,Vendedor(a)
2048,20208626,Jhoel Mateo,Farfan,Lazo,M,958256998,jhoel.farfan365@gmail.com,Empresario(a)
2049,33381308,Raul Oscar,Huaman,Aguilar,M,986647865,raul.huaman462@gmail.com,Comerciante ambulante
2050,32832057,Gabriel Oscar,Flores,Guzman,M,953411218,gabriel.flores128@gmail.com,Enfermero(a)
2051,21519450,Emily Nayeli,Bautista,Espinoza,F,939168496,emily.bautista485@gmail.com,Comerciante
2052,79054077,Ariana Grecia,Farfan,Gutierrez,F,993105751,ariana.farfan302@gmail.com,Ama de casa
2053,14500859,Melissa Katty,Cornejo,Herrera,F,941609936,melissa.cornejo775@gmail.com,Comerciante
2054,63445489,Isabel Luz,Campos,Cardenas,F,959255764,isabel.campos678@gmail.com,Ama de casa
2055,47631596,Jose Erick,Diaz,Huaman,M,989408840,jose.diaz320@gmail.com,Contador(a)
2056,27290234,Melissa Melissa,Reyes,Cutipa,F,934771498,melissa.reyes387@gmail.com,Comerciante ambulante
2057,33866192,Vanessa Nayeli,Alarcon,Yupanqui,F,933554222,vanessa.alarcon402@gmail.com,Docente
2058,26023983,Julio Franco,Reyes,Gonzales,M,982163136,julio.reyes115@gmail.com,Independiente
2059,67659796,Thiago Fabricio,Carrillo,Vega,M,965258409,thiago.carrillo372@gmail.com,Empleado publico
2060,44002340,Bryan Aaron,Choque,Apaza,M,923966217,bryan.choque196@gmail.com,Empresario(a)
2061,12381052,Isabel Elena,Cutipa,Zavala,F,948088939,isabel.cutipa790@gmail.com,Empresario(a)
2062,69567650,Gabriel Sebastian,Garcia,Ticona,M,960866321,gabriel.garcia679@gmail.com,Cocinero(a)
2063,26642799,Patricia Abigail,Chavez,Cutipa,F,973193597,patricia.chavez320@gmail.com,Comerciante
2064,74230609,Oscar Walter,Mendoza,Cabanillas,M,942160539,oscar.mendoza731@gmail.com,Comerciante
2065,72674792,Estefany Carmen,Campos,Yataco,F,956777131,estefany.campos18@gmail.com,Enfermero tecnico
2066,31152668,Anthony Aaron,Garcia,Condori,M,990317158,anthony.garcia58@gmail.com,Personal de seguridad
2067,31536137,Oscar Benjamin,Romero,Romero,M,999733902,oscar.romero709@gmail.com,Enfermero(a)
2068,21143966,Nicolas Julio,Farfan,Cabrera,M,942561353,nicolas.farfan257@gmail.com,Chofer
2069,19076159,Nicole Susan,Yataco,Ruiz,F,965957031,nicole.yataco515@gmail.com,Empresario(a)
2070,77636988,Danna Dulce,Cornejo,Chavez,F,954112176,danna.cornejo528@gmail.com,Empleado publico
2071,50636873,Katherine Brenda,Quispe,Cardenas,F,968988128,katherine.quispe600@gmail.com,Empresario(a)
2072,41513912,Luis Victor,Alarcon,Vilca,M,986128587,luis.alarcon494@gmail.com,Agricultor
2073,75882345,Anthony Emilio,Rimac,Cruz,M,948058182,anthony.rimac525@gmail.com,Cocinero(a)
2074,55477023,Sofia Camila,Espinoza,Herrera,F,985455670,sofia.espinoza187@gmail.com,Cocinero(a)
2075,30001863,Ana Maria,Cardenas,Salazar,F,939564224,ana.cardenas374@gmail.com,Empleado publico
2076,42417476,Estefany Camila,Mendoza,Sanchez,F,945749546,estefany.mendoza605@gmail.com,Enfermero tecnico
2077,37686179,Walter Gonzalo,Castillo,Aquino,M,953209784,walter.castillo226@gmail.com,Empleado publico
2078,37772590,Kiara Pilar,Pacheco,Yataco,F,927158396,kiara.pacheco941@gmail.com,Docente
2079,50489132,Julio Gabriel,Gutierrez,Romero,M,964512762,julio.gutierrez854@gmail.com,Mecanico
2080,68849085,Rosa Xiomara,Condori,Quispe,F,928389149,rosa.condori203@gmail.com,Docente
2081,37507328,Lucia Katherine,Lazo,Bravo,F,962048304,lucia.lazo33@gmail.com,Administrador(a)
2082,14091658,Diana Abigail,Cornejo,Zavala,F,908707268,diana.cornejo538@gmail.com,Empresario(a)
2083,52938852,Joaquin Mateo,Yupanqui,Diaz,M,934074776,joaquin.yupanqui593@gmail.com,Enfermero tecnico
2084,52750731,Xiomara Nicole,Vasquez,Cabanillas,F,962983071,xiomara.vasquez48@gmail.com,Empleado publico
2085,43422164,Mia Nayeli,Vilca,Medina,F,943980112,mia.vilca747@gmail.com,Policia
2086,25850549,Carmen Karen,Soto,Pacheco,F,917199042,carmen.soto787@gmail.com,Tecnico electricista
2087,19573399,Renata Flor,Delgado,Ibarra,F,944388424,renata.delgado736@gmail.com,Independiente
2088,41264274,Paula Danna,Salazar,Mamani,F,997190681,paula.salazar172@gmail.com,Vendedor(a)
2089,55441521,Jhon Elmer,Cabanillas,Espinoza,M,954989882,jhon.cabanillas222@gmail.com,Empleado publico
2090,71496549,Sebastian Fabricio,Cruz,Paucar,M,942567533,sebastian.cruz965@gmail.com,Mecanico
2091,30428819,Edgar Leonardo,Alvarez,Cabanillas,M,960799942,edgar.alvarez108@gmail.com,Independiente
2092,31469199,Ian Martin,Delgado,Alvarez,M,985358376,ian.delgado282@gmail.com,Vendedor(a)
2093,45501411,Mateo Alexis,Aguilar,Alarcon,M,925776285,mateo.aguilar285@gmail.com,Obrero de construccion
2094,72404721,Nicolas Carlos,Cruz,Alarcon,M,952724509,nicolas.cruz781@gmail.com,Contador(a)
2095,41749310,Diana Sofia,Gonzales,Chavez,F,985260876,diana.gonzales176@gmail.com,Independiente
2096,30177207,Melissa Rosa,Machaca,Palacios,F,971840418,melissa.machaca950@gmail.com,Comerciante ambulante
2097,16228619,Adrian Rodrigo,Ibarra,Leon,M,946019398,adrian.ibarra754@gmail.com,Cocinero(a)
2098,11591384,Ximena Elena,Paredes,Ramos,F,962864751,ximena.paredes299@gmail.com,Tecnico electricista
2099,39372399,Diego Adrian,Rimac,Bravo,M,932961897,diego.rimac486@gmail.com,Contador(a)
2100,59273260,Paula Gabriela,Garcia,Paredes,F,921051337,paula.garcia406@gmail.com,Tecnico electricista
2101,65242974,Kevin Jose,Gonzales,Cabanillas,M,951275451,kevin.gonzales63@gmail.com,Ama de casa
2102,59291142,Flor Valentina,Pacheco,Nunez,F,987137601,flor.pacheco69@gmail.com,Agricultor
2103,31669082,Dylan Ivan,Bautista,Garcia,M,947269832,dylan.bautista765@gmail.com,Cocinero(a)
2104,25600925,Ana Vanessa,Ticona,Alarcon,F,902127337,ana.ticona320@gmail.com,Personal de seguridad
2105,10925058,Ivan Gustavo,Machaca,Torres,M,933984012,ivan.machaca100@gmail.com,Obrero de construccion
2106,50397644,Julia Flor,Ticona,Aquino,F,906552660,julia.ticona929@gmail.com,Docente
2107,18879267,Miguel Jhon,Villanueva,Apaza,M,999000534,miguel.villanueva563@gmail.com,Contador(a)
2108,61707146,Ruth Julia,Vega,Vilca,F,974753925,ruth.vega117@gmail.com,Comerciante
2109,52442654,Antonella Ximena,Condori,Rivera,F,952854539,antonella.condori333@gmail.com,Policia
2110,25654636,Camila Yesenia,Gonzales,Espinoza,F,922473722,camila.gonzales936@gmail.com,Administrador(a)
2111,30531299,Maria Pilar,Cutipa,Vasquez,F,905307387,maria.cutipa689@gmail.com,Agricultor
2112,15536161,Walter Jhon,Rojas,Aguilar,M,956216375,walter.rojas173@gmail.com,Obrero de construccion
2113,23636458,Gabriela Antonella,Gonzales,Quispe,F,917113023,gabriela.gonzales936@gmail.com,Vendedor(a)
2114,61531599,Yesenia Karen,Rivera,Soto,F,990112251,yesenia.rivera291@gmail.com,Agricultor
2115,29083092,Ivan Oscar,Silva,Chavez,M,962014523,ivan.silva137@gmail.com,Agricultor
2116,22754922,Carlos Juan,Salvador,Castillo,M,999723000,carlos.salvador798@gmail.com,Agricultor
2117,14829811,Nayeli Sofia,Cardenas,Espinoza,F,950466846,nayeli.cardenas343@gmail.com,Vendedor(a)
2118,58159611,Maria Pilar,Farfan,Vargas,F,986526050,maria.farfan878@gmail.com,Tecnico electricista
2119,65293163,Hugo Nicolas,Choque,Ortiz,M,925894104,hugo.choque475@gmail.com,Comerciante ambulante
2120,46341268,Antonella Valentina,Gutierrez,Cornejo,F,970292907,antonella.gutierrez471@gmail.com,Empleado publico
2121,75520182,Renzo Mateo,Ruiz,Salazar,M,960110777,renzo.ruiz489@gmail.com,Enfermero tecnico
2122,61531133,Ian Wilson,Fernandez,Huaman,M,981656835,ian.fernandez190@gmail.com,Agricultor
2123,32239037,Rodrigo Gustavo,Rimac,Ticona,M,908020277,rodrigo.rimac77@gmail.com,Contador(a)
2124,68192776,Walter Raul,Salazar,Rimac,M,991640130,walter.salazar657@gmail.com,Tecnico electricista
2125,67375502,Benjamin Joaquin,Apaza,Vasquez,M,937002683,benjamin.apaza587@gmail.com,Independiente
2126,56367345,Kiara Yesica,Torres,Salazar,F,991064985,kiara.torres447@gmail.com,Comerciante ambulante
2127,77551887,Raul Cesar,Rimac,Ortiz,M,945773509,raul.rimac821@gmail.com,Empleado publico
2128,21308920,Antonella Camila,Rodriguez,Medina,F,946270838,antonella.rodriguez508@gmail.com,Comerciante
2129,30353653,Nicolas Anthony,Nunez,Silva,M,940027693,nicolas.nunez618@gmail.com,Cocinero(a)
2130,78873452,Estefany Emily,Alvarez,Huaman,F,950237181,estefany.alvarez755@gmail.com,Empresario(a)
2131,68094842,Raul Jhon,Lazo,Leon,M,906463044,raul.lazo661@gmail.com,Comerciante ambulante
2132,68040583,Jorge Jose,Campos,Espinoza,M,908626609,jorge.campos733@gmail.com,Cocinero(a)
2133,72197063,Anthony Fernando,Gonzales,Fernandez,M,987169454,anthony.gonzales750@gmail.com,Comerciante ambulante
2134,18006620,Carlos Jhoel,Chavez,Paucar,M,962992446,carlos.chavez252@gmail.com,Empleado publico
2135,42181032,Katherine Maria,Bautista,Salvador,F,904040835,katherine.bautista379@gmail.com,Docente
2136,34565415,Rafaella Luz,Espinoza,Palacios,F,977901026,rafaella.espinoza33@gmail.com,Administrador(a)
2137,28038721,Grecia Yolanda,Delgado,Vega,F,998834475,grecia.delgado339@gmail.com,Cocinero(a)
2138,35315939,Danna Zoe,Reyes,Reyes,F,989493221,danna.reyes319@gmail.com,Administrador(a)
2139,45021332,Daniela Ariana,Ticona,Medina,F,923156646,daniela.ticona449@gmail.com,Vendedor(a)
2140,34985699,Victor Dylan,Ortiz,Romero,M,951298075,victor.ortiz312@gmail.com,Vendedor(a)
2141,56799064,Karen Yesenia,Delgado,Castillo,F,963329873,karen.delgado93@gmail.com,Empleado publico
2142,54316201,Erick Fernando,Rojas,Quispe,M,969589782,erick.rojas462@gmail.com,Empleado publico
2143,42458369,Sebastian Ian,Silva,Fernandez,M,963017917,sebastian.silva958@gmail.com,Mecanico
2144,43033593,Manuel Pedro,Chavez,Huaman,M,978308149,manuel.chavez457@gmail.com,Ama de casa
2145,18722984,Dulce Maria,Gonzales,Espinoza,F,913552786,dulce.gonzales356@gmail.com,Tecnico electricista
2146,40989633,Katherine Kiara,Choque,Paredes,F,941669676,katherine.choque532@gmail.com,Mecanico
2147,27259896,Gustavo Alberto,Zavala,Chavez,M,927489002,gustavo.zavala478@gmail.com,Administrador(a)
2148,41358910,Jhoana Yolanda,Pacheco,Diaz,F,971204208,jhoana.pacheco650@gmail.com,Vendedor(a)
2149,65946647,Wilson Victor,Vega,Ramos,M,953450659,wilson.vega332@gmail.com,Comerciante
2150,21538469,Emily Jhoana,Alarcon,Cabrera,F,942499698,emily.alarcon546@gmail.com,Comerciante
2151,14984980,Dylan Samuel,Yupanqui,Ramos,M,941046729,dylan.yupanqui798@gmail.com,Agricultor
2152,32091204,Zoe Kiara,Guzman,Alvarez,F,921191539,zoe.guzman29@gmail.com,Obrero de construccion
2153,32419869,Yesenia Elena,Yupanqui,Vasquez,F,986075991,yesenia.yupanqui191@gmail.com,Empleado publico
2154,44863123,Jhoana Daniela,Medina,Salvador,F,995993211,jhoana.medina341@gmail.com,Enfermero tecnico
2155,22944112,Oscar Pedro,Palacios,Silva,M,927603526,oscar.palacios641@gmail.com,Empresario(a)
2156,30496789,Grecia Rosa,Alarcon,Delgado,F,928636800,grecia.alarcon887@gmail.com,Docente
2157,43833331,Luz Elena,Herrera,Paredes,F,921300963,luz.herrera200@gmail.com,Tecnico electricista
2158,34052644,Oscar Samuel,Guzman,Choque,M,953604320,oscar.guzman237@gmail.com,Policia
2159,24708952,Manuel Jhoel,Mendoza,Carrillo,M,952250594,manuel.mendoza383@gmail.com,Docente
2160,60924511,Oscar Miguel,Leon,Bautista,M,926524157,oscar.leon943@gmail.com,Vendedor(a)
2161,71247741,Manuel Emilio,Huaman,Chavez,M,981331432,manuel.huaman624@gmail.com,Contador(a)
2162,36810490,Susan Daniela,Bravo,Rivera,F,918955074,susan.bravo258@gmail.com,Mecanico
2163,19876695,Raul Rodrigo,Cabanillas,Soto,M,911150883,raul.cabanillas803@gmail.com,Comerciante
2164,50875455,Katherine Isabel,Vargas,Vega,F,986419733,katherine.vargas370@gmail.com,Agricultor
2165,24806820,Alberto Benjamin,Rojas,Gutierrez,M,969957299,alberto.rojas431@gmail.com,Empleado publico
2166,56388634,Raul Benjamin,Choque,Apaza,M,921521388,raul.choque568@gmail.com,Empresario(a)
2167,24102293,Sofia Kiara,Quispe,Soto,F,935631026,sofia.quispe786@gmail.com,Mecanico
2168,73160978,Renzo Joaquin,Espinoza,Quispe,M,934528372,renzo.espinoza693@gmail.com,Agricultor
2169,61196698,Karen Ana,Quispe,Ruiz,F,930790392,karen.quispe293@gmail.com,Comerciante ambulante
2170,51140920,Yamil Diego,Yataco,Machaca,M,920917474,yamil.yataco750@gmail.com,Enfermero(a)
2171,78593565,Jose Diego,Carrillo,Vargas,M,947851069,jose.carrillo879@gmail.com,Obrero de construccion
2172,17454773,Renzo Angel,Torres,Espinoza,M,957183051,renzo.torres779@gmail.com,Policia
2173,40037415,Gabriela Ruth,Ochoa,Machaca,F,961262987,gabriela.ochoa951@gmail.com,Independiente
2174,32603684,Aaron Pedro,Rivera,Paucar,M,930483096,aaron.rivera861@gmail.com,Chofer
2175,29407939,Gabriela Xiomara,Salvador,Rimac,F,983378093,gabriela.salvador27@gmail.com,Empresario(a)
2176,33345551,Mateo Raul,Bravo,Apaza,M,940042336,mateo.bravo564@gmail.com,Empresario(a)
2177,10400166,Milagros Yesica,Rodriguez,Romero,F,951717869,milagros.rodriguez952@gmail.com,Personal de seguridad
2178,36379010,Gustavo Alexander,Vega,Ticona,M,963206940,gustavo.vega362@gmail.com,Obrero de construccion
2179,47971275,Maria Maria,Apaza,Soto,F,955249255,maria.apaza504@gmail.com,Empresario(a)
2180,61592220,Cristian Adrian,Chavez,Salvador,M,926009617,cristian.chavez791@gmail.com,Tecnico electricista
2181,59507294,Nicolas Hugo,Salazar,Ramos,M,912190624,nicolas.salazar580@gmail.com,Cocinero(a)
2182,67783944,Valentina Nayeli,Aquino,Cutipa,F,980291336,valentina.aquino678@gmail.com,Agricultor
2183,27898693,Diana Nayeli,Salvador,Ccahuana,F,973407437,diana.salvador552@gmail.com,Empleado publico
2184,10674705,Grecia Lucia,Vargas,Salvador,F,997501306,grecia.vargas148@gmail.com,Policia
2185,30660265,Patricia Susan,Gutierrez,Ochoa,F,984072015,patricia.gutierrez796@gmail.com,Empresario(a)
2186,56413963,Cristian Gonzalo,Fernandez,Yupanqui,M,967120313,cristian.fernandez138@gmail.com,Personal de seguridad
2187,57025521,Lucia Flor,Cabrera,Farfan,F,968290429,lucia.cabrera542@gmail.com,Empleado publico
2188,13303814,Luana Isabel,Pacheco,Paredes,F,923706117,luana.pacheco712@gmail.com,Vendedor(a)
2189,58827703,Isabel Mia,Herrera,Alvarez,F,914580767,isabel.herrera801@gmail.com,Docente
2190,33075635,Oscar Edgar,Nunez,Rodriguez,M,983434509,oscar.nunez959@gmail.com,Chofer
2191,38170691,Dulce Britany,Ramos,Paucar,F,923190080,dulce.ramos681@gmail.com,Enfermero tecnico
2192,33522601,Maria Rafaella,Rodriguez,Carrillo,F,944885172,maria.rodriguez999@gmail.com,Vendedor(a)
2193,62942750,Victor Carlos,Ruiz,Alvarez,M,913178861,victor.ruiz764@gmail.com,Obrero de construccion
2194,71175208,Jorge Hugo,Flores,Soto,M,929081079,jorge.flores308@gmail.com,Comerciante ambulante
2195,57214701,Wilson Gonzalo,Espinoza,Huaraca,M,959734021,wilson.espinoza283@gmail.com,Independiente
2196,74897259,Carlos Franco,Guzman,Huaraca,M,937902575,carlos.guzman984@gmail.com,Enfermero tecnico
2197,27351192,Jhoel Aaron,Campos,Ruiz,M,909330754,jhoel.campos444@gmail.com,Obrero de construccion
2198,33805064,Rosa Nayeli,Mendoza,Chavez,F,919550182,rosa.mendoza540@gmail.com,Contador(a)
2199,10382573,Ricardo Jhon,Paredes,Espinoza,M,992792961,ricardo.paredes196@gmail.com,Comerciante ambulante
2200,46936607,Ruth Ruth,Leon,Guzman,F,904439654,ruth.leon327@gmail.com,Independiente
2201,52647843,Danna Flor,Diaz,Torres,F,934639037,danna.diaz308@gmail.com,Obrero de construccion
2202,76459722,Emily Emily,Rivera,Apaza,F,926480230,emily.rivera58@gmail.com,Agricultor
2203,52008462,Leonardo Gustavo,Salvador,Diaz,M,983863300,leonardo.salvador819@gmail.com,Enfermero(a)
2204,79137844,Jhoel Carlos,Huaraca,Cruz,M,995899091,jhoel.huaraca463@gmail.com,Enfermero(a)
2205,18783144,Paula Teresa,Espinoza,Quispe,F,970472814,paula.espinoza878@gmail.com,Agricultor
2206,75477743,Fernando Wilson,Cabrera,Chavez,M,957667603,fernando.cabrera598@gmail.com,Personal de seguridad
2207,66858299,Julia Ariana,Bautista,Ibarra,F,975785688,julia.bautista545@gmail.com,Independiente
2208,24433600,Victor Gabriel,Medina,Vilca,M,958035617,victor.medina22@gmail.com,Agricultor
2209,55169918,Gustavo Thiago,Gonzales,Condori,M,967172098,gustavo.gonzales253@gmail.com,Chofer
2210,79428408,Teresa Nayeli,Pacheco,Ccahuana,F,965885930,teresa.pacheco749@gmail.com,Empleado publico
2211,24961146,Dulce Zoe,Farfan,Diaz,F,922760418,dulce.farfan482@gmail.com,Obrero de construccion
2212,71875019,Manuel Raul,Cutipa,Villanueva,M,987628585,manuel.cutipa708@gmail.com,Policia
2213,37724528,Maria Yolanda,Soto,Chavez,F,975261765,maria.soto791@gmail.com,Comerciante ambulante
2214,64190141,Camila Susan,Ibarra,Espinoza,F,932672748,camila.ibarra345@gmail.com,Cocinero(a)
2215,19991254,Miguel Benjamin,Marin,Bravo,M,968878379,miguel.marin876@gmail.com,Contador(a)
2216,60948206,Yesica Patricia,Apaza,Huaraca,F,979502542,yesica.apaza643@gmail.com,Enfermero tecnico
2217,61718604,Luis Gonzalo,Vilca,Bautista,M,973455317,luis.vilca487@gmail.com,Enfermero tecnico
2218,38390304,Ricardo Jhon,Medina,Sanchez,M,957039406,ricardo.medina677@gmail.com,Administrador(a)
2219,41910550,Adrian Oscar,Torres,Ticona,M,981225666,adrian.torres863@gmail.com,Independiente
2220,42847154,Vanessa Fiorella,Guzman,Cabanillas,F,996312263,vanessa.guzman653@gmail.com,Contador(a)
2221,60258289,Victor Carlos,Delgado,Ochoa,M,950865192,victor.delgado14@gmail.com,Empresario(a)
2222,48341658,Dylan Kevin,Silva,Reyes,M,960363548,dylan.silva591@gmail.com,Enfermero(a)
2223,24199609,Abigail Isabel,Pacheco,Gonzales,F,987887004,abigail.pacheco961@gmail.com,Mecanico
2224,41763033,Alessandra Fiorella,Carrillo,Apaza,F,908077810,alessandra.carrillo966@gmail.com,Comerciante ambulante
2225,13305285,Ian Ivan,Romero,Romero,M,991032656,ian.romero824@gmail.com,Comerciante
2226,69712202,Maria Ana,Yataco,Mendoza,F,939666856,maria.yataco4@gmail.com,Chofer
2227,47367305,Abigail Nicole,Aquino,Carrillo,F,975306031,abigail.aquino301@gmail.com,Comerciante
2228,35819959,Sebastian Juan,Pacheco,Apaza,M,985692504,sebastian.pacheco472@gmail.com,Personal de seguridad
2229,49681579,Yesica Maria,Gonzales,Gutierrez,F,934407494,yesica.gonzales107@gmail.com,Tecnico electricista
2230,52590631,Alexis Luis,Leon,Romero,M,941539811,alexis.leon756@gmail.com,Comerciante
2231,63461390,Dulce Rafaella,Aguilar,Paucar,F,921300693,dulce.aguilar943@gmail.com,Mecanico
2232,44279136,Britany Susan,Romero,Soto,F,968409139,britany.romero563@gmail.com,Agricultor
2233,22545843,Zoe Alessandra,Bravo,Gonzales,F,980849325,zoe.bravo569@gmail.com,Independiente
2234,26492833,Antonella Yolanda,Ccahuana,Ibarra,F,926041910,antonella.ccahuana627@gmail.com,Enfermero(a)
2235,76759168,Emilio Samuel,Salazar,Rojas,M,938859712,emilio.salazar484@gmail.com,Independiente
2236,41842168,Isabel Daniela,Nunez,Ochoa,F,973126947,isabel.nunez769@gmail.com,Chofer
2237,20454383,Estefany Emily,Villanueva,Bautista,F,956161749,estefany.villanueva742@gmail.com,Chofer
2238,38455411,Emily Isabel,Bravo,Rodriguez,F,999141045,emily.bravo68@gmail.com,Ama de casa
2239,72872632,Ana Britany,Alarcon,Medina,F,964843686,ana.alarcon434@gmail.com,Administrador(a)
2240,67901792,Alessandra Vanessa,Paredes,Ortiz,F,996837849,alessandra.paredes793@gmail.com,Docente
2241,38491929,Adrian Gustavo,Machaca,Torres,M,970666056,adrian.machaca114@gmail.com,Vendedor(a)
2242,68266247,Victor Jhon,Palacios,Paucar,M,972404234,victor.palacios709@gmail.com,Tecnico electricista
2243,65478383,Flor Diana,Campos,Ticona,F,913398579,flor.campos653@gmail.com,Contador(a)
2244,29511574,Hugo Rodrigo,Soto,Cabrera,M,902548854,hugo.soto226@gmail.com,Policia
2245,45882578,Hugo Walter,Vasquez,Mendoza,M,912239248,hugo.vasquez229@gmail.com,Enfermero tecnico
2246,35562772,Dulce Paula,Silva,Sanchez,F,954294084,dulce.silva83@gmail.com,Empleado publico
2247,59322862,Karen Milagros,Carrillo,Vasquez,F,944168458,karen.carrillo55@gmail.com,Enfermero tecnico
2248,38630765,Cesar Ricardo,Quispe,Vega,M,907702885,cesar.quispe943@gmail.com,Chofer
2249,58749141,Gonzalo Juan,Delgado,Cabanillas,M,989808977,gonzalo.delgado47@gmail.com,Enfermero(a)
2250,11590205,Diego Rodrigo,Silva,Bautista,M,999894510,diego.silva178@gmail.com,Personal de seguridad
2251,22514671,Piero Jhoel,Yupanqui,Cabanillas,M,953753777,piero.yupanqui863@gmail.com,Contador(a)
2252,24388924,Adrian Franco,Flores,Machaca,M,965108528,adrian.flores184@gmail.com,Policia
2253,36128424,Juan Thiago,Rimac,Palacios,M,980017449,juan.rimac291@gmail.com,Obrero de construccion
2254,16377855,Fiorella Britany,Bravo,Choque,F,996779354,fiorella.bravo205@gmail.com,Vendedor(a)
2255,44254115,Rodrigo Angel,Bautista,Vega,M,932685192,rodrigo.bautista105@gmail.com,Independiente
2256,33465123,Adrian Leonardo,Quispe,Aguilar,M,970093574,adrian.quispe837@gmail.com,Independiente
2257,35024972,Rosa Jhoana,Ochoa,Bravo,F,933121033,rosa.ochoa972@gmail.com,Comerciante ambulante
2258,45406343,Raul Ivan,Pacheco,Zavala,M,901617789,raul.pacheco668@gmail.com,Policia
2259,64854829,Yesica Daniela,Salazar,Delgado,F,926221453,yesica.salazar261@gmail.com,Docente
2260,15754379,Samuel Gonzalo,Sanchez,Medina,M,938589120,samuel.sanchez259@gmail.com,Policia
2261,44206534,Luis Jose,Ortiz,Carrillo,M,924565894,luis.ortiz247@gmail.com,Contador(a)
2262,41201786,Walter Edgar,Rojas,Carrillo,M,993752005,walter.rojas389@gmail.com,Cocinero(a)
2263,44745165,Sofia Xiomara,Reyes,Cornejo,F,984776973,sofia.reyes365@gmail.com,Contador(a)
2264,61787113,Jhoana Carmen,Espinoza,Huaraca,F,983791594,jhoana.espinoza844@gmail.com,Comerciante
2265,57662740,Ruth Luz,Yupanqui,Condori,F,915091741,ruth.yupanqui391@gmail.com,Personal de seguridad
2266,62586701,Bryan Anthony,Nunez,Diaz,M,928934743,bryan.nunez339@gmail.com,Enfermero tecnico
2267,47530302,Luis Manuel,Chavez,Cutipa,M,936870731,luis.chavez657@gmail.com,Obrero de construccion
2268,23931068,Ashley Gabriela,Alvarez,Garcia,F,926597317,ashley.alvarez780@gmail.com,Cocinero(a)
2269,38940315,Paula Luz,Vargas,Rimac,F,995141683,paula.vargas931@gmail.com,Independiente
2270,75680474,Walter Samuel,Huaman,Diaz,M,997112299,walter.huaman646@gmail.com,Docente
2271,24832626,Jhoana Julia,Farfan,Lazo,F,955238657,jhoana.farfan139@gmail.com,Personal de seguridad
2272,38229533,Mia Dulce,Marin,Salvador,F,944869021,mia.marin42@gmail.com,Empresario(a)
2273,32646208,Ivan Anthony,Campos,Apaza,M,990668347,ivan.campos608@gmail.com,Comerciante ambulante
2274,13997676,Luana Abigail,Rivera,Cruz,F,955469647,luana.rivera933@gmail.com,Administrador(a)
2275,73557858,Brenda Melissa,Mendoza,Ticona,F,907589000,brenda.mendoza225@gmail.com,Chofer
2276,33541325,Ian Joaquin,Ramos,Cardenas,M,960019063,ian.ramos256@gmail.com,Empleado publico
2277,45747843,Leonardo Angel,Mendoza,Alarcon,M,940276347,leonardo.mendoza335@gmail.com,Contador(a)
2278,25966165,Gabriela Pilar,Lazo,Ticona,F,974339319,gabriela.lazo847@gmail.com,Obrero de construccion
2279,73483984,Gustavo Kevin,Ochoa,Gonzales,M,982562554,gustavo.ochoa498@gmail.com,Personal de seguridad
2280,68223034,Oscar Jhon,Reyes,Espinoza,M,902799243,oscar.reyes641@gmail.com,Comerciante ambulante
2281,46296979,Teresa Britany,Ccahuana,Medina,F,967740963,teresa.ccahuana18@gmail.com,Comerciante ambulante
2282,19255418,Nayeli Kiara,Ramos,Nunez,F,999188748,nayeli.ramos44@gmail.com,Chofer
2283,43556228,Walter Gustavo,Pacheco,Silva,M,921943388,walter.pacheco786@gmail.com,Comerciante
2284,13270880,Maria Karen,Fernandez,Yataco,F,943988200,maria.fernandez728@gmail.com,Cocinero(a)
2285,33527834,Carlos Jorge,Ochoa,Apaza,M,934726659,carlos.ochoa339@gmail.com,Docente
2286,47078348,Gabriela Isabel,Huaraca,Delgado,F,931656212,gabriela.huaraca935@gmail.com,Chofer
2287,67056457,Nicole Ruth,Espinoza,Mamani,F,944371928,nicole.espinoza53@gmail.com,Policia
2288,36215829,Benjamin Cesar,Romero,Villanueva,M,913072295,benjamin.romero967@gmail.com,Empresario(a)
2289,18526165,Alberto Erick,Diaz,Reyes,M,917792760,alberto.diaz982@gmail.com,Policia
2290,57560511,Erick Sebastian,Fernandez,Chavez,M,973920378,erick.fernandez269@gmail.com,Cocinero(a)
2291,71175179,Pedro Bryan,Diaz,Farfan,M,931493692,pedro.diaz568@gmail.com,Agricultor
2292,23252631,Kevin Julio,Ruiz,Espinoza,M,980848398,kevin.ruiz985@gmail.com,Cocinero(a)
2293,31593467,Ruth Kiara,Choque,Silva,F,950124497,ruth.choque100@gmail.com,Docente
2294,16823789,Benjamin Franco,Mamani,Garcia,M,908272566,benjamin.mamani512@gmail.com,Agricultor
2295,12195927,Kevin Alexis,Fernandez,Ochoa,M,975901024,kevin.fernandez517@gmail.com,Comerciante
2296,74562628,Alberto Walter,Vargas,Farfan,M,996278440,alberto.vargas847@gmail.com,Mecanico
2297,59591817,Ana Isabel,Ortiz,Soto,F,934122912,ana.ortiz961@gmail.com,Agricultor
2298,57529064,Danna Rosa,Bravo,Cardenas,F,997908379,danna.bravo576@gmail.com,Ama de casa
2299,61312070,Nicole Dulce,Guzman,Chavez,F,910402734,nicole.guzman480@gmail.com,Enfermero(a)
2300,49476833,Samuel Jhon,Flores,Cutipa,M,953179039,samuel.flores514@gmail.com,Tecnico electricista
2301,75487697,Benjamin Hugo,Espinoza,Ochoa,M,900423887,benjamin.espinoza392@gmail.com,Independiente
2302,74128669,Rosa Daniela,Mendoza,Paucar,F,995767453,rosa.mendoza478@gmail.com,Personal de seguridad
2303,57627088,Victor Anthony,Mamani,Paredes,M,947777386,victor.mamani756@gmail.com,Chofer
2304,57566141,Raul Jose,Farfan,Delgado,M,938374289,raul.farfan812@gmail.com,Empleado publico
2305,19216430,Rosa Yesica,Marin,Salvador,F,963223805,rosa.marin742@gmail.com,Ama de casa
2306,27304412,Nayeli Ximena,Ruiz,Paredes,F,938720742,nayeli.ruiz938@gmail.com,Chofer
2307,13009709,Ian Raul,Yupanqui,Quispe,M,930219905,ian.yupanqui48@gmail.com,Tecnico electricista
2308,62623333,Mia Paula,Aguilar,Ruiz,F,900180030,mia.aguilar177@gmail.com,Ama de casa
2309,41312030,Flor Vanessa,Chavez,Ticona,F,991211202,flor.chavez436@gmail.com,Contador(a)
2310,18934573,Teresa Paula,Ortiz,Ortiz,F,944365509,teresa.ortiz21@gmail.com,Policia
2311,45581780,Katherine Alessandra,Cabanillas,Cutipa,F,918616653,katherine.cabanillas353@gmail.com,Independiente
2312,67404121,Milagros Ariana,Cabrera,Rivera,F,959636721,milagros.cabrera318@gmail.com,Enfermero(a)
2313,55110453,Renzo Samuel,Cabrera,Vasquez,M,939550044,renzo.cabrera891@gmail.com,Empleado publico
2314,38493020,Oscar Nicolas,Mendoza,Gonzales,M,914338859,oscar.mendoza689@gmail.com,Contador(a)
2315,66148507,Sofia Yesica,Ochoa,Rodriguez,F,941556287,sofia.ochoa138@gmail.com,Mecanico
2316,69644094,Rodrigo Kevin,Reyes,Silva,M,957447434,rodrigo.reyes579@gmail.com,Docente
2317,56162514,Cesar Walter,Espinoza,Ccahuana,M,938524243,cesar.espinoza644@gmail.com,Docente
2318,12722040,Yamil Dylan,Salvador,Sanchez,M,989462227,yamil.salvador508@gmail.com,Chofer
2319,65180935,Paula Elena,Ticona,Fernandez,F,995380081,paula.ticona524@gmail.com,Agricultor
2320,78916171,Ariana Pilar,Ccahuana,Delgado,F,983467492,ariana.ccahuana945@gmail.com,Empresario(a)
2321,66078961,Yesenia Carmen,Cornejo,Salazar,F,919637913,yesenia.cornejo625@gmail.com,Empleado publico
2322,35718823,Camila Kiara,Choque,Bravo,F,920440461,camila.choque423@gmail.com,Mecanico
2323,43755495,Valentina Ashley,Leon,Sanchez,F,914024411,valentina.leon805@gmail.com,Comerciante ambulante
2324,15686461,Kiara Katherine,Castillo,Romero,F,989089284,kiara.castillo102@gmail.com,Empleado publico
2325,31792047,Fernando Alexander,Reyes,Medina,M,946604270,fernando.reyes399@gmail.com,Personal de seguridad
2326,31712912,Marco Gabriel,Cutipa,Medina,M,994209196,marco.cutipa989@gmail.com,Docente
2327,20672325,Mateo Sebastian,Paredes,Vilca,M,927219828,mateo.paredes674@gmail.com,Empleado publico
2328,17820522,Alberto Yamil,Leon,Condori,M,988439582,alberto.leon812@gmail.com,Empleado publico
2329,32382272,Brenda Lucia,Pacheco,Sanchez,F,921705354,brenda.pacheco630@gmail.com,Comerciante ambulante
2330,37554840,Piero Victor,Cruz,Aquino,M,987649312,piero.cruz737@gmail.com,Ama de casa
2331,59401472,Zoe Ana,Aquino,Bravo,F,974902620,zoe.aquino665@gmail.com,Enfermero tecnico
2332,78736282,Camila Susan,Silva,Carrillo,F,977617799,camila.silva216@gmail.com,Comerciante ambulante
2333,36699975,Diego Gabriel,Aquino,Yataco,M,927971513,diego.aquino503@gmail.com,Ama de casa
2334,69615447,Emily Lucia,Ortiz,Mendoza,F,930041743,emily.ortiz699@gmail.com,Enfermero(a)
2335,16135954,Melissa Yesica,Chavez,Rivera,F,938503604,melissa.chavez747@gmail.com,Personal de seguridad
2336,68029293,Ashley Karen,Ochoa,Cornejo,F,929669562,ashley.ochoa685@gmail.com,Contador(a)
2337,35050648,Hugo Alexis,Romero,Herrera,M,907843413,hugo.romero628@gmail.com,Ama de casa
2338,39825814,Jhoel Nicolas,Vilca,Yataco,M,948202113,jhoel.vilca58@gmail.com,Tecnico electricista
2339,31486203,Ricardo Jose,Palacios,Ticona,M,958668729,ricardo.palacios858@gmail.com,Contador(a)
2340,76868728,Milagros Jhoana,Chavez,Apaza,F,986390393,milagros.chavez58@gmail.com,Tecnico electricista
2341,76687062,Valentina Yesenia,Soto,Medina,F,947731079,valentina.soto932@gmail.com,Chofer
2342,10904510,Maria Renata,Cabanillas,Sanchez,F,908276287,maria.cabanillas928@gmail.com,Tecnico electricista
2343,16076413,Aaron Gonzalo,Bravo,Cornejo,M,981321991,aaron.bravo943@gmail.com,Contador(a)
2344,51362654,Fiorella Alexandra,Flores,Castillo,F,954767157,fiorella.flores883@gmail.com,Policia
2345,21883772,Gabriel Alexander,Sanchez,Quispe,M,939631809,gabriel.sanchez358@gmail.com,Tecnico electricista
2346,34987954,Alessandra Diana,Gonzales,Bravo,F,981025722,alessandra.gonzales843@gmail.com,Agricultor
2347,78836112,Martin Marco,Ramos,Huaman,M,941215516,martin.ramos970@gmail.com,Vendedor(a)
2348,78366030,Raul Gustavo,Zavala,Huaraca,M,990859589,raul.zavala145@gmail.com,Empleado publico
2349,38151017,Brenda Renata,Alarcon,Rodriguez,F,910068718,brenda.alarcon248@gmail.com,Mecanico
2350,29294756,Daniela Ximena,Chavez,Soto,F,924280366,daniela.chavez954@gmail.com,Personal de seguridad
2351,55293300,Fabricio Franco,Aquino,Delgado,M,925472706,fabricio.aquino279@gmail.com,Comerciante
2352,50518720,Alessandra Ruth,Apaza,Carrillo,F,934840119,alessandra.apaza532@gmail.com,Personal de seguridad
2353,68288495,Luis Alexis,Fernandez,Ccahuana,M,957471053,luis.fernandez359@gmail.com,Contador(a)
2354,23478123,Hugo Sebastian,Rivera,Ortiz,M,900010121,hugo.rivera621@gmail.com,Tecnico electricista
2355,61392829,Fernando Martin,Ticona,Cabrera,M,977644300,fernando.ticona141@gmail.com,Enfermero(a)
2356,42604991,Sofia Renata,Bravo,Flores,F,970604886,sofia.bravo41@gmail.com,Empleado publico
2357,30103271,Jhoana Nayeli,Salvador,Torres,F,986340876,jhoana.salvador588@gmail.com,Cocinero(a)
2358,74204914,Zoe Alessandra,Guzman,Pacheco,F,959242432,zoe.guzman526@gmail.com,Ama de casa
2359,11072680,Alexandra Valentina,Condori,Zavala,F,999715936,alexandra.condori965@gmail.com,Tecnico electricista
2360,72277327,Sofia Antonella,Vilca,Guzman,F,927579605,sofia.vilca11@gmail.com,Comerciante ambulante
2361,67176825,Antonella Yesica,Rimac,Vasquez,F,911170054,antonella.rimac339@gmail.com,Comerciante
2362,62581876,Luana Mia,Herrera,Condori,F,995917651,luana.herrera487@gmail.com,Personal de seguridad
2363,24946448,Miguel Jorge,Rojas,Torres,M,918124477,miguel.rojas594@gmail.com,Empresario(a)
2364,28083467,Alessandra Ruth,Cabanillas,Condori,F,988228696,alessandra.cabanillas709@gmail.com,Cocinero(a)
2365,20224914,Samuel Mateo,Fernandez,Gonzales,M,974990523,samuel.fernandez221@gmail.com,Enfermero(a)
2366,21292841,Daniela Emily,Torres,Chavez,F,930571221,daniela.torres285@gmail.com,Obrero de construccion
2367,23294146,Luz Yesenia,Mamani,Fernandez,F,900276706,luz.mamani330@gmail.com,Tecnico electricista
2368,74848714,Nayeli Danna,Mamani,Huaraca,F,967118706,nayeli.mamani304@gmail.com,Empleado publico
2369,10047912,Franco Alexis,Fernandez,Soto,M,937869770,franco.fernandez484@gmail.com,Policia
2370,30989602,Renata Estefany,Rivera,Salazar,F,982733973,renata.rivera364@gmail.com,Comerciante
2371,25619500,Walter Jhoel,Fernandez,Salazar,M,939182110,walter.fernandez856@gmail.com,Empresario(a)
2372,21701179,Nicolas Hugo,Cutipa,Herrera,M,963437380,nicolas.cutipa680@gmail.com,Enfermero(a)
2373,15598952,Renzo Luis,Cabrera,Pacheco,M,969676474,renzo.cabrera923@gmail.com,Enfermero(a)
2374,61116680,Ana Ruth,Nunez,Yataco,F,933052714,ana.nunez173@gmail.com,Enfermero(a)
2375,49358423,Alexandra Dulce,Rivera,Castillo,F,958251568,alexandra.rivera716@gmail.com,Comerciante ambulante
2376,76284825,Alexander Jhoel,Gutierrez,Delgado,M,932372490,alexander.gutierrez962@gmail.com,Empresario(a)
2377,79029318,Cesar Jhoel,Alvarez,Garcia,M,942850601,cesar.alvarez344@gmail.com,Tecnico electricista
2378,57955061,Martin Fabricio,Marin,Farfan,M,987581212,martin.marin206@gmail.com,Empleado publico
2379,49251288,Kevin Luis,Delgado,Palacios,M,986987573,kevin.delgado927@gmail.com,Independiente
2380,50431881,Diego Wilson,Bautista,Huaman,M,964996839,diego.bautista303@gmail.com,Comerciante ambulante
2381,55362331,Renzo Benjamin,Huaman,Flores,M,926853926,renzo.huaman689@gmail.com,Personal de seguridad
2382,69449899,Brenda Jhoana,Cutipa,Vargas,F,944941928,brenda.cutipa182@gmail.com,Enfermero(a)
2383,30605307,Katherine Alessandra,Diaz,Condori,F,972399221,katherine.diaz798@gmail.com,Policia
2384,20137704,Anthony Wilson,Zavala,Condori,M,923856368,anthony.zavala190@gmail.com,Personal de seguridad
2385,61434245,Fiorella Sofia,Espinoza,Mamani,F,900593141,fiorella.espinoza628@gmail.com,Vendedor(a)
2386,67305868,Katty Milagros,Cutipa,Soto,F,952326216,katty.cutipa248@gmail.com,Empleado publico
2387,23377427,Milagros Gabriela,Reyes,Mendoza,F,931702570,milagros.reyes756@gmail.com,Ama de casa
2388,10264870,Renzo Jhon,Cornejo,Huaman,M,946950195,renzo.cornejo924@gmail.com,Enfermero tecnico
2389,21948047,Mateo Julio,Romero,Farfan,M,961555065,mateo.romero560@gmail.com,Empresario(a)
2390,44104629,Ana Milagros,Machaca,Paucar,F,929951275,ana.machaca910@gmail.com,Personal de seguridad
2391,73137946,Jhon Jose,Apaza,Soto,M,968786778,jhon.apaza410@gmail.com,Empresario(a)
2392,37372799,Fabricio Edgar,Lazo,Choque,M,994680276,fabricio.lazo761@gmail.com,Comerciante ambulante
2393,57919771,Fernando Ricardo,Soto,Vasquez,M,993426745,fernando.soto424@gmail.com,Vendedor(a)
2394,49456837,Pedro Gabriel,Medina,Delgado,M,930982604,pedro.medina112@gmail.com,Docente
2395,63665006,Britany Camila,Yupanqui,Cabanillas,F,929313039,britany.yupanqui764@gmail.com,Empleado publico
2396,62982484,Ximena Rosa,Bravo,Vilca,F,921419700,ximena.bravo634@gmail.com,Agricultor
2397,55007440,Milagros Alexandra,Cabanillas,Vasquez,F,953317431,milagros.cabanillas712@gmail.com,Enfermero tecnico
2398,55537388,Thiago Piero,Rivera,Cardenas,M,915191804,thiago.rivera922@gmail.com,Vendedor(a)
2399,10522918,Anthony Fernando,Salazar,Aguilar,M,920196317,anthony.salazar380@gmail.com,Vendedor(a)
2400,63320941,Milagros Rosa,Espinoza,Salazar,F,936163340,milagros.espinoza859@gmail.com,Ama de casa
2401,16792002,Teresa Zoe,Cornejo,Espinoza,F,977669599,teresa.cornejo822@gmail.com,Policia
2402,22192048,Katherine Isabel,Rodriguez,Espinoza,F,932425813,katherine.rodriguez163@gmail.com,Administrador(a)
2403,30008119,Teresa Paula,Campos,Ortiz,F,903915354,teresa.campos816@gmail.com,Independiente
2404,71630384,Renzo Juan,Cruz,Fernandez,M,981849695,renzo.cruz502@gmail.com,Ama de casa
2405,48134174,Fabricio Samuel,Cornejo,Ccahuana,M,985464593,fabricio.cornejo999@gmail.com,Personal de seguridad
2406,45050409,Hugo Adrian,Guzman,Machaca,M,985396208,hugo.guzman542@gmail.com,Personal de seguridad
2407,59530058,Mateo Julio,Cruz,Ticona,M,967919935,mateo.cruz276@gmail.com,Cocinero(a)
2408,22992651,Luana Karen,Campos,Salazar,F,966963540,luana.campos70@gmail.com,Ama de casa
2409,44332424,Lucia Ariana,Silva,Espinoza,F,946243057,lucia.silva878@gmail.com,Empleado publico
2410,16322432,Carlos Sebastian,Alarcon,Ortiz,M,952021668,carlos.alarcon791@gmail.com,Enfermero(a)
2411,44713367,Alexis Manuel,Huaman,Vasquez,M,977177694,alexis.huaman305@gmail.com,Obrero de construccion
2412,61379922,Manuel Pedro,Huaman,Zavala,M,947116924,manuel.huaman597@gmail.com,Empleado publico
2413,60514474,Luana Julia,Mamani,Huaraca,F,933324693,luana.mamani15@gmail.com,Agricultor
2414,10926853,Dulce Rafaella,Castillo,Romero,F,962244266,dulce.castillo143@gmail.com,Policia
2415,45471680,Maria Melissa,Diaz,Garcia,F,973790910,maria.diaz844@gmail.com,Vendedor(a)
2416,47123976,Rodrigo Luis,Ticona,Yupanqui,M,960184647,rodrigo.ticona756@gmail.com,Independiente
2417,42737162,Zoe Estefany,Romero,Silva,F,993619845,zoe.romero721@gmail.com,Ama de casa
2418,50390844,Bryan Yamil,Romero,Machaca,M,968965319,bryan.romero859@gmail.com,Empresario(a)
2419,28575302,Leonardo Manuel,Garcia,Cornejo,M,935482403,leonardo.garcia419@gmail.com,Cocinero(a)
2420,27088422,Gabriela Estefany,Ortiz,Ruiz,F,993451639,gabriela.ortiz234@gmail.com,Tecnico electricista
2421,38051876,Cesar Gustavo,Chavez,Huaman,M,937277321,cesar.chavez782@gmail.com,Empleado publico
2422,46058361,Fiorella Brenda,Vilca,Bravo,F,912676047,fiorella.vilca775@gmail.com,Obrero de construccion
2423,76716848,Samuel Ian,Cornejo,Sanchez,M,930822874,samuel.cornejo969@gmail.com,Administrador(a)
2424,79750508,Elena Britany,Castillo,Cardenas,F,988411320,elena.castillo612@gmail.com,Contador(a)
2425,66521746,Brenda Katty,Yupanqui,Bautista,F,934746579,brenda.yupanqui119@gmail.com,Empleado publico
2426,26862427,Fernando Martin,Castillo,Torres,M,907461719,fernando.castillo808@gmail.com,Comerciante ambulante
2427,23387266,Nicole Ariana,Alvarez,Leon,F,919263925,nicole.alvarez20@gmail.com,Tecnico electricista
2428,76758735,Cesar Mateo,Pacheco,Pacheco,M,956053841,cesar.pacheco71@gmail.com,Personal de seguridad
2429,22472503,Flor Renata,Ccahuana,Pacheco,F,957468105,flor.ccahuana78@gmail.com,Comerciante
2430,32379086,Karen Emily,Rodriguez,Leon,F,939730243,karen.rodriguez593@gmail.com,Ama de casa
2431,41039438,Ashley Katty,Choque,Vargas,F,909138261,ashley.choque507@gmail.com,Policia
2432,75775454,Pedro Julio,Rivera,Rodriguez,M,979498512,pedro.rivera528@gmail.com,Enfermero tecnico
2433,41923485,Mia Diana,Soto,Vasquez,F,936690695,mia.soto878@gmail.com,Ama de casa
2434,11926840,Ivan Oscar,Paucar,Apaza,M,916699456,ivan.paucar138@gmail.com,Personal de seguridad
2435,20973682,Julio Elmer,Huaman,Bravo,M,951123405,julio.huaman576@gmail.com,Administrador(a)
2436,45038549,Dulce Rafaella,Carrillo,Delgado,F,950783091,dulce.carrillo259@gmail.com,Contador(a)
2437,74230541,Rosa Grecia,Condori,Ramos,F,913909658,rosa.condori804@gmail.com,Enfermero(a)
2438,64838361,Gonzalo Cristian,Yataco,Cabanillas,M,958348040,gonzalo.yataco656@gmail.com,Chofer
2439,45097563,Leonardo Alexander,Cardenas,Cutipa,M,916543729,leonardo.cardenas810@gmail.com,Tecnico electricista
2440,63223217,Flor Rosa,Reyes,Gonzales,F,989607265,flor.reyes60@gmail.com,Ama de casa
2441,36612209,Edgar Bryan,Cruz,Diaz,M,981070571,edgar.cruz500@gmail.com,Enfermero tecnico
2442,17873362,Diana Mia,Condori,Paredes,F,938276416,diana.condori428@gmail.com,Vendedor(a)
2443,32347318,Pedro Ian,Vargas,Condori,M,994632775,pedro.vargas303@gmail.com,Personal de seguridad
2444,59852086,Ximena Milagros,Condori,Ibarra,F,913816035,ximena.condori170@gmail.com,Empleado publico
2445,58279848,Kiara Nicole,Salvador,Salvador,F,968560806,kiara.salvador257@gmail.com,Mecanico
2446,76921531,Fiorella Rafaella,Yupanqui,Alarcon,F,998475288,fiorella.yupanqui148@gmail.com,Independiente
2447,54086753,Flor Brenda,Ochoa,Yataco,F,918940497,flor.ochoa913@gmail.com,Administrador(a)
2448,43924622,Sebastian Joaquin,Herrera,Paucar,M,922234336,sebastian.herrera768@gmail.com,Administrador(a)
2449,53823106,Ximena Sofia,Soto,Ortiz,F,994404289,ximena.soto266@gmail.com,Tecnico electricista
2450,76696581,Emilio Aaron,Aquino,Cruz,M,957251390,emilio.aquino684@gmail.com,Administrador(a)
2451,63214413,Fabricio Carlos,Huaraca,Rodriguez,M,971863237,fabricio.huaraca391@gmail.com,Empresario(a)
2452,61374801,Grecia Kiara,Ramos,Leon,F,941084552,grecia.ramos259@gmail.com,Ama de casa
2453,23514271,Kiara Grecia,Ruiz,Huaraca,F,960419345,kiara.ruiz110@gmail.com,Comerciante ambulante
2454,36798079,Ariana Karen,Cabanillas,Silva,F,915135374,ariana.cabanillas487@gmail.com,Obrero de construccion
2455,39155095,Alexander Hugo,Palacios,Pacheco,M,926562862,alexander.palacios609@gmail.com,Comerciante ambulante
2456,55723342,Emily Katherine,Aguilar,Rivera,F,981697948,emily.aguilar101@gmail.com,Contador(a)
2457,52789208,Fernando Aaron,Quispe,Fernandez,M,910444899,fernando.quispe104@gmail.com,Personal de seguridad
2458,10751875,Valentina Abigail,Machaca,Vilca,F,910801507,valentina.machaca452@gmail.com,Enfermero(a)
2459,73755526,Diana Isabel,Torres,Gutierrez,F,931833990,diana.torres828@gmail.com,Policia
2460,61359245,Mia Elena,Bautista,Huaraca,F,972283101,mia.bautista472@gmail.com,Personal de seguridad
2461,38667222,Danna Kiara,Gutierrez,Romero,F,945078376,danna.gutierrez265@gmail.com,Empleado publico
2462,10569379,Aaron Fabricio,Ortiz,Leon,M,909764890,aaron.ortiz891@gmail.com,Agricultor
2463,70542397,Maria Teresa,Nunez,Espinoza,F,986011597,maria.nunez678@gmail.com,Tecnico electricista
2464,46604451,Jose Thiago,Rivera,Paucar,M,907638551,jose.rivera618@gmail.com,Obrero de construccion
2465,62168788,Samuel Alberto,Chavez,Guzman,M,975157293,samuel.chavez137@gmail.com,Vendedor(a)
2466,24745709,Britany Antonella,Ccahuana,Pacheco,F,957528805,britany.ccahuana700@gmail.com,Comerciante
2467,44440511,Alberto Miguel,Ibarra,Choque,M,955890865,alberto.ibarra741@gmail.com,Comerciante ambulante
2468,38226178,Renzo Angel,Ortiz,Cutipa,M,965522009,renzo.ortiz409@gmail.com,Obrero de construccion
2469,30800834,Daniela Valentina,Cabrera,Ticona,F,911097457,daniela.cabrera387@gmail.com,Ama de casa
2470,47936958,Alessandra Maria,Ramos,Guzman,F,954607012,alessandra.ramos803@gmail.com,Administrador(a)
2471,39284950,Camila Alexandra,Medina,Ramos,F,978755542,camila.medina576@gmail.com,Contador(a)
2472,60574654,Yesica Yesica,Ibarra,Castillo,F,962394581,yesica.ibarra692@gmail.com,Docente
2473,43756843,Karen Luz,Herrera,Ramos,F,918317969,karen.herrera916@gmail.com,Vendedor(a)
2474,23920138,Ruth Diana,Carrillo,Machaca,F,952034802,ruth.carrillo480@gmail.com,Empleado publico
2475,34936731,Nayeli Paula,Choque,Vasquez,F,980220570,nayeli.choque548@gmail.com,Ama de casa
2476,59945343,Raul Ivan,Rivera,Vilca,M,924684430,raul.rivera165@gmail.com,Comerciante ambulante
2477,57584446,Luana Antonella,Zavala,Condori,F,937668468,luana.zavala477@gmail.com,Vendedor(a)
2478,15125842,Cristian Joaquin,Chavez,Espinoza,M,927649811,cristian.chavez864@gmail.com,Enfermero tecnico
2479,19338859,Nicolas Dylan,Ortiz,Palacios,M,961633425,nicolas.ortiz515@gmail.com,Chofer
2480,46380922,Kevin Hugo,Cornejo,Espinoza,M,948229600,kevin.cornejo234@gmail.com,Ama de casa
2481,31894444,Pilar Ana,Bravo,Ibarra,F,927975769,pilar.bravo955@gmail.com,Policia
2482,39342830,Raul Alexander,Cutipa,Ccahuana,M,908543748,raul.cutipa306@gmail.com,Independiente
2483,75276986,Julia Emily,Garcia,Fernandez,F,939657320,julia.garcia103@gmail.com,Chofer
2484,58391499,Ariana Rosa,Ortiz,Choque,F,962167635,ariana.ortiz432@gmail.com,Obrero de construccion
2485,15272251,Carmen Dulce,Silva,Aquino,F,934405822,carmen.silva633@gmail.com,Mecanico
2486,61041541,Manuel Thiago,Pacheco,Pacheco,M,935795393,manuel.pacheco322@gmail.com,Enfermero(a)
2487,62396213,Nicolas Pedro,Campos,Ruiz,M,941773659,nicolas.campos966@gmail.com,Empleado publico
2488,38299628,Yolanda Gabriela,Cabanillas,Ticona,F,970466457,yolanda.cabanillas598@gmail.com,Chofer
2489,67085514,Alessandra Alexandra,Cabanillas,Vega,F,922387897,alessandra.cabanillas209@gmail.com,Ama de casa
2490,76274814,Alberto Cristian,Herrera,Ccahuana,M,986484480,alberto.herrera398@gmail.com,Enfermero(a)
2491,25317112,Walter Walter,Chavez,Paredes,M,987657848,walter.chavez906@gmail.com,Administrador(a)
2492,61909929,Lucia Emily,Espinoza,Vargas,F,915434032,lucia.espinoza576@gmail.com,Policia
2493,54562288,Anthony Alberto,Vega,Ortiz,M,934342349,anthony.vega672@gmail.com,Independiente
2494,10358999,Camila Teresa,Ticona,Farfan,F,957002915,camila.ticona723@gmail.com,Empleado publico
2495,23771364,Dylan Walter,Marin,Salazar,M,910434570,dylan.marin563@gmail.com,Contador(a)
2496,60824931,Jorge Erick,Mamani,Choque,M,977883263,jorge.mamani422@gmail.com,Tecnico electricista
2497,22668006,Ruth Emily,Leon,Paredes,F,983827596,ruth.leon816@gmail.com,Empresario(a)
2498,48596600,Luis Fabricio,Vasquez,Cardenas,M,969528038,luis.vasquez924@gmail.com,Vendedor(a)
2499,32688990,Anthony Oscar,Espinoza,Mamani,M,940897427,anthony.espinoza152@gmail.com,Cocinero(a)
2500,71812652,Kiara Ana,Bautista,Gutierrez,F,929525370,kiara.bautista744@gmail.com,Contador(a)
2501,62651094,Milagros Patricia,Leon,Condori,F,975303525,milagros.leon552@gmail.com,Empresario(a)
2502,35091312,Dulce Rafaella,Espinoza,Leon,F,994519886,dulce.espinoza615@gmail.com,Contador(a)
2503,47862253,Mateo Yamil,Palacios,Choque,M,993696218,mateo.palacios531@gmail.com,Docente
2504,35374048,Rodrigo Pedro,Cutipa,Carrillo,M,981851884,rodrigo.cutipa654@gmail.com,Administrador(a)
2505,75213451,Abigail Valentina,Gutierrez,Diaz,F,987263944,abigail.gutierrez557@gmail.com,Cocinero(a)
2506,16566170,Luana Isabel,Machaca,Salazar,F,960542512,luana.machaca309@gmail.com,Policia
2507,14577384,Rosa Ariana,Ticona,Condori,F,934614946,rosa.ticona317@gmail.com,Empleado publico
2508,61077483,Milagros Teresa,Nunez,Ortiz,F,939753723,milagros.nunez724@gmail.com,Enfermero(a)
2509,14796137,Emilio Emilio,Diaz,Delgado,M,942011741,emilio.diaz905@gmail.com,Chofer
2510,64015659,Yesica Brenda,Pacheco,Salazar,F,906055389,yesica.pacheco38@gmail.com,Ama de casa
2511,15541216,Dulce Karen,Apaza,Silva,F,913487027,dulce.apaza786@gmail.com,Tecnico electricista
2512,30492127,Carlos Marco,Campos,Garcia,M,952409520,carlos.campos966@gmail.com,Cocinero(a)
2513,70794183,Katherine Yesica,Delgado,Cardenas,F,911931164,katherine.delgado923@gmail.com,Contador(a)
2514,15070686,Zoe Julia,Palacios,Cabrera,F,946542754,zoe.palacios756@gmail.com,Agricultor
2515,11877399,Piero Jhoel,Leon,Espinoza,M,963435009,piero.leon321@gmail.com,Contador(a)
2516,18289377,Emily Alexandra,Paucar,Ticona,F,976631682,emily.paucar401@gmail.com,Obrero de construccion
2517,75439715,Elena Yesenia,Herrera,Chavez,F,962022720,elena.herrera672@gmail.com,Chofer
2518,45428980,Diana Vanessa,Vega,Espinoza,F,914430934,diana.vega419@gmail.com,Comerciante ambulante
2519,64998509,Edgar Gonzalo,Zavala,Choque,M,903890324,edgar.zavala198@gmail.com,Tecnico electricista
2520,20584204,Ruth Gabriela,Carrillo,Ticona,F,931164450,ruth.carrillo471@gmail.com,Empleado publico
2521,12759703,Antonella Lucia,Machaca,Cruz,F,911258208,antonella.machaca61@gmail.com,Cocinero(a)
2522,50179887,Lucia Carmen,Yataco,Pacheco,F,905564131,lucia.yataco266@gmail.com,Docente
2523,31198268,Melissa Valentina,Choque,Romero,F,931149157,melissa.choque363@gmail.com,Cocinero(a)
2524,76043337,Estefany Ruth,Ramos,Ticona,F,929902220,estefany.ramos617@gmail.com,Empresario(a)
2525,78759261,Joaquin Alberto,Nunez,Aguilar,M,942500837,joaquin.nunez680@gmail.com,Enfermero(a)
2526,60946422,Luis Alexander,Soto,Rojas,M,937134098,luis.soto263@gmail.com,Vendedor(a)
2527,45975331,Susan Rosa,Soto,Silva,F,934177670,susan.soto804@gmail.com,Ama de casa
2528,41784919,Hugo Raul,Mamani,Salvador,M,937272735,hugo.mamani209@gmail.com,Obrero de construccion
2529,72301306,Fiorella Valentina,Carrillo,Espinoza,F,974068763,fiorella.carrillo820@gmail.com,Empresario(a)
2530,70450425,Ximena Milagros,Alarcon,Campos,F,937843801,ximena.alarcon524@gmail.com,Administrador(a)
2531,12495749,Karen Melissa,Cabrera,Romero,F,922342154,karen.cabrera180@gmail.com,Empresario(a)
2532,27663740,Yesica Julia,Rodriguez,Machaca,F,919208223,yesica.rodriguez891@gmail.com,Docente
2533,38409826,Ricardo Adrian,Alvarez,Alvarez,M,997797357,ricardo.alvarez246@gmail.com,Comerciante ambulante
2534,27490841,Sebastian Manuel,Ccahuana,Alarcon,M,951997326,sebastian.ccahuana972@gmail.com,Comerciante ambulante
2535,15725704,Gabriel Nicolas,Huaraca,Reyes,M,993438452,gabriel.huaraca141@gmail.com,Chofer
2536,73138777,Dulce Abigail,Soto,Salvador,F,966752572,dulce.soto331@gmail.com,Personal de seguridad
2537,47263074,Ashley Susan,Machaca,Leon,F,985500506,ashley.machaca290@gmail.com,Vendedor(a)
2538,31055194,Manuel Benjamin,Espinoza,Salvador,M,995329934,manuel.espinoza285@gmail.com,Empresario(a)
2539,20329795,Alessandra Grecia,Diaz,Gonzales,F,902124324,alessandra.diaz720@gmail.com,Chofer
2540,29026455,Joaquin Samuel,Vasquez,Ramos,M,981853956,joaquin.vasquez29@gmail.com,Contador(a)
2541,31411145,Jhoel Jhon,Delgado,Cabanillas,M,987865364,jhoel.delgado504@gmail.com,Vendedor(a)
2542,62907204,Sofia Brenda,Soto,Condori,F,952457377,sofia.soto440@gmail.com,Contador(a)
2543,16832984,Julia Flor,Villanueva,Choque,F,990313358,julia.villanueva990@gmail.com,Enfermero(a)
2544,68788601,Rodrigo Alexis,Espinoza,Vega,M,963937449,rodrigo.espinoza186@gmail.com,Personal de seguridad
2545,56955829,Diana Patricia,Condori,Ccahuana,F,907007749,diana.condori913@gmail.com,Enfermero(a)
2546,26162287,Alberto Ian,Cutipa,Alvarez,M,910095957,alberto.cutipa561@gmail.com,Vendedor(a)
2547,28962177,Nicolas Samuel,Reyes,Zavala,M,973925484,nicolas.reyes25@gmail.com,Enfermero tecnico
2548,74702714,Fernando Gustavo,Cabrera,Castillo,M,953266952,fernando.cabrera828@gmail.com,Contador(a)
2549,16177542,Abigail Yesenia,Silva,Fernandez,F,930589717,abigail.silva186@gmail.com,Mecanico
2550,27751613,Mia Maria,Garcia,Torres,F,916914942,mia.garcia521@gmail.com,Policia
2551,64297591,Franco Jhon,Huaraca,Villanueva,M,931145223,franco.huaraca342@gmail.com,Docente
2552,18773301,Karen Pilar,Ticona,Romero,F,960998050,karen.ticona794@gmail.com,Vendedor(a)
2553,10267318,Ariana Yesica,Soto,Silva,F,920713801,ariana.soto300@gmail.com,Personal de seguridad
2554,48503598,Elmer Luis,Rodriguez,Carrillo,M,907822932,elmer.rodriguez790@gmail.com,Cocinero(a)
2555,21021788,Lucia Alexandra,Zavala,Diaz,F,922990343,lucia.zavala367@gmail.com,Tecnico electricista
2556,27495577,Oscar Carlos,Paucar,Guzman,M,931093267,oscar.paucar50@gmail.com,Vendedor(a)
2557,35465014,Dulce Yesenia,Mendoza,Huaraca,F,919312345,dulce.mendoza185@gmail.com,Empleado publico
2558,19787180,Fernando Ian,Rimac,Cabanillas,M,979140466,fernando.rimac700@gmail.com,Ama de casa
2559,75191724,Adrian Ian,Garcia,Yupanqui,M,911284488,adrian.garcia783@gmail.com,Cocinero(a)
2560,39264740,Alessandra Melissa,Cruz,Ticona,F,917160777,alessandra.cruz521@gmail.com,Vendedor(a)
2561,60517965,Alexander Jorge,Espinoza,Marin,M,956890194,alexander.espinoza522@gmail.com,Enfermero(a)
2562,55517069,Bryan Nicolas,Mamani,Apaza,M,953299768,bryan.mamani354@gmail.com,Enfermero tecnico
2563,19510000,Danna Emily,Rivera,Villanueva,F,969554750,danna.rivera60@gmail.com,Agricultor
2564,47494463,Melissa Emily,Torres,Ruiz,F,956547994,melissa.torres581@gmail.com,Enfermero tecnico
2565,60704377,Alessandra Melissa,Quispe,Palacios,F,959856084,alessandra.quispe484@gmail.com,Ama de casa
2566,74735207,Mia Alessandra,Paredes,Condori,F,972294648,mia.paredes350@gmail.com,Docente
2567,76021600,Vanessa Lucia,Alvarez,Vargas,F,950479923,vanessa.alvarez690@gmail.com,Mecanico
2568,42581890,Zoe Abigail,Huaraca,Carrillo,F,988483744,zoe.huaraca550@gmail.com,Policia
2569,33331517,Vanessa Ximena,Fernandez,Salazar,F,945359325,vanessa.fernandez877@gmail.com,Empresario(a)
2570,11956436,Ian Ivan,Alarcon,Cabrera,M,935354819,ian.alarcon664@gmail.com,Docente
2571,74845197,Antonella Julia,Diaz,Guzman,F,986405288,antonella.diaz487@gmail.com,Policia
2572,24439820,Flor Paula,Cabrera,Yupanqui,F,955919150,flor.cabrera330@gmail.com,Agricultor
2573,37014821,Rodrigo Carlos,Mendoza,Villanueva,M,979930864,rodrigo.mendoza254@gmail.com,Enfermero(a)
2574,35981171,Emilio Jhoel,Yataco,Farfan,M,956735169,emilio.yataco361@gmail.com,Obrero de construccion
2575,22423892,Franco Emilio,Cabanillas,Silva,M,903253035,franco.cabanillas520@gmail.com,Docente
2576,15675881,Teresa Zoe,Salazar,Alarcon,F,966392455,teresa.salazar544@gmail.com,Independiente
2577,36927254,Karen Luz,Rojas,Campos,F,937469393,karen.rojas63@gmail.com,Comerciante ambulante
2578,54077623,Valentina Sofia,Delgado,Palacios,F,985783753,valentina.delgado557@gmail.com,Obrero de construccion
2579,39192441,Susan Pilar,Ochoa,Palacios,F,956221866,susan.ochoa402@gmail.com,Docente
2580,54808104,Isabel Isabel,Cabrera,Palacios,F,991083937,isabel.cabrera960@gmail.com,Comerciante
2581,37711326,Elena Antonella,Cutipa,Cornejo,F,965273609,elena.cutipa562@gmail.com,Comerciante ambulante
2582,65904255,Miguel Yamil,Ticona,Herrera,M,965620192,miguel.ticona610@gmail.com,Comerciante ambulante
2583,51250655,Angel Walter,Ruiz,Campos,M,947346187,angel.ruiz945@gmail.com,Vendedor(a)
2584,13076262,Aaron Alberto,Rimac,Leon,M,938379606,aaron.rimac497@gmail.com,Enfermero tecnico
2585,78600196,Ximena Yesenia,Medina,Quispe,F,992666314,ximena.medina649@gmail.com,Mecanico
2586,57849696,Susan Britany,Medina,Cardenas,F,996310173,susan.medina324@gmail.com,Independiente
2587,71330404,Alexis Franco,Ccahuana,Espinoza,M,906850233,alexis.ccahuana677@gmail.com,Vendedor(a)
2588,45041320,Marco Gustavo,Vega,Diaz,M,952218808,marco.vega399@gmail.com,Docente
2589,39741857,Benjamin Jose,Rodriguez,Vargas,M,979453582,benjamin.rodriguez412@gmail.com,Personal de seguridad
2590,79933701,Walter Miguel,Ochoa,Reyes,M,937128524,walter.ochoa406@gmail.com,Obrero de construccion
2591,62760900,Patricia Xiomara,Gonzales,Rojas,F,949427535,patricia.gonzales458@gmail.com,Vendedor(a)
2592,27281980,Renata Ashley,Bravo,Ccahuana,F,999689764,renata.bravo275@gmail.com,Administrador(a)
2593,71194425,Xiomara Daniela,Nunez,Nunez,F,955249270,xiomara.nunez734@gmail.com,Empleado publico
2594,78043778,Nicole Nayeli,Aquino,Paucar,F,952863676,nicole.aquino775@gmail.com,Chofer
2595,57343144,Estefany Yolanda,Apaza,Cruz,F,933883068,estefany.apaza553@gmail.com,Administrador(a)
2596,45518469,Nayeli Alexandra,Marin,Cutipa,F,938575529,nayeli.marin202@gmail.com,Empresario(a)
2597,50307365,Nayeli Milagros,Medina,Salazar,F,935815081,nayeli.medina418@gmail.com,Cocinero(a)
2598,34798190,Julio Piero,Torres,Cutipa,M,990349066,julio.torres748@gmail.com,Comerciante ambulante
2599,39651925,Yamil Victor,Rimac,Vega,M,910062104,yamil.rimac711@gmail.com,Cocinero(a)
2600,71237873,Jhoel Emilio,Ortiz,Aquino,M,942395504,jhoel.ortiz811@gmail.com,Contador(a)
2601,70512809,Yolanda Isabel,Machaca,Choque,F,999507110,yolanda.machaca710@gmail.com,Cocinero(a)
2602,68175736,Andres Sebastian,Nunez,Reyes,M,995369564,andres.nunez687@gmail.com,Comerciante ambulante
2603,49339510,Melissa Ximena,Marin,Castillo,F,919521244,melissa.marin83@gmail.com,Comerciante ambulante
2604,46306388,Luz Julia,Carrillo,Bautista,F,901135008,luz.carrillo40@gmail.com,Obrero de construccion
2605,49426160,Ruth Nayeli,Romero,Fernandez,F,971915879,ruth.romero390@gmail.com,Empresario(a)
2606,32391979,Gonzalo Rodrigo,Torres,Cruz,M,966881056,gonzalo.torres12@gmail.com,Contador(a)
2607,68473740,Susan Renata,Cruz,Rivera,F,927937092,susan.cruz447@gmail.com,Agricultor
2608,17344213,Franco Nicolas,Villanueva,Quispe,M,952209506,franco.villanueva806@gmail.com,Chofer
2609,48461389,Daniela Emily,Espinoza,Choque,F,920611777,daniela.espinoza557@gmail.com,Tecnico electricista
2610,44838287,Valentina Abigail,Huaman,Cabanillas,F,905641503,valentina.huaman831@gmail.com,Empleado publico
2611,79051665,Pilar Yesenia,Ortiz,Rimac,F,922542216,pilar.ortiz586@gmail.com,Tecnico electricista
2612,62294371,Juan Mateo,Cruz,Torres,M,967325525,juan.cruz674@gmail.com,Empresario(a)
2613,18103500,Benjamin Cesar,Gonzales,Paredes,M,990537150,benjamin.gonzales176@gmail.com,Vendedor(a)
2614,54655837,Dylan Alberto,Rivera,Garcia,M,975453527,dylan.rivera503@gmail.com,Tecnico electricista
2615,56400836,Mateo Marco,Chavez,Vargas,M,965620154,mateo.chavez497@gmail.com,Personal de seguridad
2616,27345566,Edgar Jhoel,Guzman,Machaca,M,919816327,edgar.guzman385@gmail.com,Contador(a)
2617,66227743,Samuel Luis,Vasquez,Ccahuana,M,916494826,samuel.vasquez255@gmail.com,Enfermero tecnico
2618,52141056,Estefany Susan,Ccahuana,Villanueva,F,907697185,estefany.ccahuana218@gmail.com,Vendedor(a)
2619,18809940,Ariana Flor,Chavez,Cabanillas,F,923274247,ariana.chavez518@gmail.com,Agricultor
2620,72826095,Ian Jose,Ibarra,Chavez,M,929881582,ian.ibarra523@gmail.com,Empresario(a)
2621,75461782,Elmer Ricardo,Zavala,Vilca,M,922068713,elmer.zavala125@gmail.com,Vendedor(a)
2622,73967988,Diego Martin,Machaca,Pacheco,M,937875272,diego.machaca468@gmail.com,Empleado publico
2623,62905419,Ruth Ximena,Cutipa,Salazar,F,908004939,ruth.cutipa927@gmail.com,Administrador(a)
2624,67418019,Jorge Dylan,Marin,Soto,M,916904489,jorge.marin854@gmail.com,Comerciante ambulante
2625,23034180,Britany Maria,Cabanillas,Lazo,F,901583433,britany.cabanillas936@gmail.com,Mecanico
2626,38042534,Miguel Leonardo,Garcia,Ccahuana,M,959503453,miguel.garcia752@gmail.com,Vendedor(a)
2627,28044370,Sebastian Gonzalo,Campos,Pacheco,M,911348052,sebastian.campos662@gmail.com,Comerciante
2628,34835678,Jhoel Aaron,Nunez,Guzman,M,946205132,jhoel.nunez838@gmail.com,Empleado publico
2629,64882407,Ariana Katty,Sanchez,Cabanillas,F,937995604,ariana.sanchez690@gmail.com,Obrero de construccion
2630,58805352,Luz Teresa,Diaz,Garcia,F,932226084,luz.diaz842@gmail.com,Ama de casa
2631,33912100,Miguel Dylan,Chavez,Vasquez,M,984855370,miguel.chavez578@gmail.com,Comerciante ambulante
2632,13067658,Milagros Alexandra,Aquino,Diaz,F,945862634,milagros.aquino180@gmail.com,Contador(a)
2633,69766315,Paula Valentina,Apaza,Carrillo,F,942304023,paula.apaza757@gmail.com,Enfermero(a)
2634,14165351,Alessandra Paula,Mamani,Nunez,F,988275450,alessandra.mamani762@gmail.com,Empleado publico
2635,50255035,Mateo Angel,Guzman,Ticona,M,962729940,mateo.guzman663@gmail.com,Enfermero tecnico
2636,66921562,Martin Gustavo,Leon,Campos,M,990736075,martin.leon463@gmail.com,Agricultor
2637,62165604,Luis Leonardo,Paredes,Bravo,M,934554162,luis.paredes335@gmail.com,Cocinero(a)
2638,69118103,Cesar Renzo,Mamani,Yupanqui,M,939928338,cesar.mamani714@gmail.com,Enfermero(a)
2639,60048000,Aaron Bryan,Rojas,Farfan,M,996090610,aaron.rojas543@gmail.com,Cocinero(a)
2640,38647432,Gabriel Oscar,Salazar,Medina,M,907685750,gabriel.salazar155@gmail.com,Comerciante
2641,72550375,Erick Adrian,Pacheco,Bravo,M,998491419,erick.pacheco744@gmail.com,Obrero de construccion
2642,42612676,Samuel Jhon,Reyes,Ticona,M,952645029,samuel.reyes449@gmail.com,Tecnico electricista
2643,12638237,Maria Vanessa,Zavala,Delgado,F,938012516,maria.zavala153@gmail.com,Personal de seguridad
2644,74238662,Leonardo Benjamin,Vilca,Pacheco,M,981909849,leonardo.vilca497@gmail.com,Administrador(a)
2645,21627890,Jose Rodrigo,Huaman,Cabrera,M,926122248,jose.huaman847@gmail.com,Docente
2646,74303204,Luis Bryan,Palacios,Cardenas,M,924928142,luis.palacios183@gmail.com,Comerciante
2647,70979166,Fabricio Marco,Huaman,Choque,M,915285235,fabricio.huaman40@gmail.com,Mecanico
2648,19875767,Anthony Julio,Paredes,Sanchez,M,971393821,anthony.paredes428@gmail.com,Comerciante ambulante
2649,63252740,Nicolas Gustavo,Huaraca,Vilca,M,978103616,nicolas.huaraca7@gmail.com,Enfermero(a)
2650,50409625,Alberto Manuel,Rivera,Gutierrez,M,984844565,alberto.rivera791@gmail.com,Agricultor
2651,55003529,Adrian Julio,Ticona,Aquino,M,988602191,adrian.ticona673@gmail.com,Docente
2652,46295556,Melissa Patricia,Espinoza,Soto,F,930205762,melissa.espinoza193@gmail.com,Empleado publico
2653,61414073,Emily Milagros,Rivera,Romero,F,905158629,emily.rivera995@gmail.com,Enfermero tecnico
2654,59642368,Renzo Samuel,Rivera,Cabrera,M,924308399,renzo.rivera801@gmail.com,Docente
2655,13678734,Elena Nayeli,Condori,Rodriguez,F,938077878,elena.condori474@gmail.com,Chofer
2656,75359281,Franco Cesar,Rimac,Cabanillas,M,966972424,franco.rimac211@gmail.com,Personal de seguridad
2657,79503418,Teresa Diana,Cruz,Gonzales,F,917300776,teresa.cruz98@gmail.com,Contador(a)
2658,27226309,Cesar Thiago,Vega,Espinoza,M,995305532,cesar.vega107@gmail.com,Mecanico
2659,59808468,Marco Manuel,Sanchez,Diaz,M,908396132,marco.sanchez695@gmail.com,Empresario(a)
2660,75072521,Julia Sofia,Salvador,Apaza,F,920327594,julia.salvador654@gmail.com,Mecanico
2661,30296527,Angel Emilio,Condori,Yataco,M,970932939,angel.condori446@gmail.com,Personal de seguridad
2662,31565706,Renata Ximena,Huaraca,Paredes,F,914155648,renata.huaraca543@gmail.com,Ama de casa
2663,37199237,Marco Julio,Farfan,Farfan,M,967743131,marco.farfan989@gmail.com,Ama de casa
2664,32127197,Emilio Sebastian,Diaz,Torres,M,966805250,emilio.diaz724@gmail.com,Enfermero(a)
2665,68729560,Yamil Cristian,Cabanillas,Choque,M,920784847,yamil.cabanillas875@gmail.com,Comerciante ambulante
2666,41297724,Teresa Carmen,Zavala,Apaza,F,911820901,teresa.zavala984@gmail.com,Mecanico
2667,62970961,Estefany Rafaella,Aquino,Rivera,F,998345616,estefany.aquino663@gmail.com,Enfermero(a)
2668,32444957,Benjamin Thiago,Pacheco,Alarcon,M,994041120,benjamin.pacheco133@gmail.com,Independiente
2669,59587608,Carmen Mia,Leon,Ortiz,F,905316667,carmen.leon268@gmail.com,Comerciante
2670,39240309,Susan Luz,Rojas,Ramos,F,975120190,susan.rojas697@gmail.com,Administrador(a)
2671,31852764,Ashley Alexandra,Ticona,Paredes,F,949343209,ashley.ticona544@gmail.com,Empresario(a)
2672,69642829,Carmen Antonella,Medina,Choque,F,931195676,carmen.medina593@gmail.com,Tecnico electricista
2673,73908938,Katty Pilar,Paredes,Cruz,F,958989183,katty.paredes432@gmail.com,Personal de seguridad
2674,50421966,Jorge Leonardo,Mendoza,Alarcon,M,938480247,jorge.mendoza776@gmail.com,Empresario(a)
2675,12441356,Benjamin Kevin,Flores,Guzman,M,994573517,benjamin.flores620@gmail.com,Docente
2676,78833979,Jose Franco,Zavala,Bautista,M,972800306,jose.zavala757@gmail.com,Comerciante
2677,13249086,Renzo Fernando,Ramos,Gutierrez,M,986702489,renzo.ramos82@gmail.com,Policia
2678,72778232,Ximena Luz,Salvador,Ibarra,F,929697072,ximena.salvador708@gmail.com,Chofer
2679,47995404,Leonardo Victor,Silva,Soto,M,962349594,leonardo.silva597@gmail.com,Enfermero(a)
2680,68768402,Alessandra Luana,Garcia,Castillo,F,960889534,alessandra.garcia815@gmail.com,Agricultor
2681,29773101,Hugo Carlos,Ortiz,Huaraca,M,925696580,hugo.ortiz866@gmail.com,Comerciante ambulante
2682,17086901,Cristian Carlos,Marin,Flores,M,952698422,cristian.marin92@gmail.com,Contador(a)
2683,42410626,Sebastian Ricardo,Espinoza,Condori,M,902208987,sebastian.espinoza771@gmail.com,Obrero de construccion
2684,69928692,Jose Anthony,Cutipa,Pacheco,M,918270648,jose.cutipa559@gmail.com,Comerciante ambulante
2685,68261191,Mia Kiara,Herrera,Soto,F,940420675,mia.herrera419@gmail.com,Policia
2686,63160033,Vanessa Carmen,Rimac,Apaza,F,972743685,vanessa.rimac937@gmail.com,Chofer
2687,40149020,Mia Susan,Cutipa,Pacheco,F,957222644,mia.cutipa356@gmail.com,Comerciante
2688,72996083,Julia Grecia,Zavala,Bravo,F,923535654,julia.zavala162@gmail.com,Administrador(a)
2689,57408739,Mia Gabriela,Aguilar,Lazo,F,981478887,mia.aguilar345@gmail.com,Personal de seguridad
2690,71710756,Ximena Paula,Aguilar,Rodriguez,F,933595774,ximena.aguilar490@gmail.com,Vendedor(a)
2691,26177331,Benjamin Leonardo,Lazo,Gutierrez,M,998451408,benjamin.lazo810@gmail.com,Policia
2692,19210413,Bryan Gustavo,Bravo,Condori,M,947108080,bryan.bravo566@gmail.com,Comerciante
2693,45442720,Martin Hugo,Gutierrez,Soto,M,924264738,martin.gutierrez848@gmail.com,Vendedor(a)
2694,23110762,Raul Angel,Condori,Palacios,M,995965640,raul.condori851@gmail.com,Cocinero(a)
2695,38920774,Bryan Manuel,Cutipa,Alarcon,M,968992729,bryan.cutipa100@gmail.com,Tecnico electricista
2696,41462943,Thiago Luis,Medina,Flores,M,945933939,thiago.medina408@gmail.com,Cocinero(a)
2697,16702421,Diego Pedro,Espinoza,Choque,M,997031250,diego.espinoza378@gmail.com,Obrero de construccion
2698,71745227,Brenda Alexandra,Cabanillas,Carrillo,F,966388894,brenda.cabanillas432@gmail.com,Policia
2699,35061764,Thiago Ivan,Salazar,Espinoza,M,989440860,thiago.salazar211@gmail.com,Administrador(a)
2700,69374952,Yesenia Valentina,Marin,Vasquez,F,987600498,yesenia.marin662@gmail.com,Independiente
2701,78930292,Kevin Alberto,Paucar,Salvador,M,952106426,kevin.paucar703@gmail.com,Chofer
2702,31052074,Teresa Nayeli,Flores,Cabrera,F,980499018,teresa.flores663@gmail.com,Vendedor(a)
2703,63621006,Valentina Melissa,Bautista,Salazar,F,909353753,valentina.bautista170@gmail.com,Enfermero(a)
2704,69410841,Ricardo Thiago,Cabanillas,Paredes,M,976315443,ricardo.cabanillas980@gmail.com,Policia
2705,70995316,Bryan Gonzalo,Huaraca,Yupanqui,M,915905865,bryan.huaraca675@gmail.com,Empleado publico
2706,42630470,Estefany Yesica,Cruz,Delgado,F,947096336,estefany.cruz673@gmail.com,Ama de casa
2707,50562524,Luana Ariana,Vilca,Vilca,F,983699521,luana.vilca11@gmail.com,Docente
2708,41425233,Piero Thiago,Vargas,Rivera,M,922755859,piero.vargas708@gmail.com,Empresario(a)
2709,64232943,Hugo Dylan,Campos,Bravo,M,910036670,hugo.campos870@gmail.com,Personal de seguridad
2710,16642094,Franco Miguel,Mendoza,Paredes,M,981811239,franco.mendoza455@gmail.com,Policia
2711,40279380,Jhoel Erick,Medina,Vasquez,M,941587008,jhoel.medina940@gmail.com,Cocinero(a)
2712,39658845,Susan Abigail,Machaca,Romero,F,942296673,susan.machaca40@gmail.com,Chofer
2713,79841296,Danna Yesenia,Sanchez,Farfan,F,999653945,danna.sanchez60@gmail.com,Contador(a)
2714,53890139,Alessandra Brenda,Alvarez,Ramos,F,938740822,alessandra.alvarez308@gmail.com,Enfermero(a)
2715,65305940,Andres Fabricio,Paredes,Chavez,M,973314171,andres.paredes920@gmail.com,Comerciante
2716,25499771,Abigail Julia,Rodriguez,Ramos,F,915940167,abigail.rodriguez217@gmail.com,Tecnico electricista
2717,51499978,Gabriela Karen,Salazar,Salvador,F,960574801,gabriela.salazar287@gmail.com,Comerciante ambulante
2718,56017280,Abigail Gabriela,Ticona,Yupanqui,F,927006694,abigail.ticona481@gmail.com,Enfermero tecnico
2719,52787915,Nicole Kiara,Paredes,Cornejo,F,987667228,nicole.paredes591@gmail.com,Empresario(a)
2720,24396687,Xiomara Estefany,Mamani,Villanueva,F,910633353,xiomara.mamani6@gmail.com,Contador(a)
2721,31958918,Jorge Renzo,Herrera,Ibarra,M,918393414,jorge.herrera567@gmail.com,Docente
2722,52422257,Jose Victor,Chavez,Mendoza,M,998433032,jose.chavez674@gmail.com,Docente
2723,62120805,Luz Zoe,Zavala,Palacios,F,994611721,luz.zavala654@gmail.com,Enfermero(a)
2724,47272790,Cesar Jhoel,Pacheco,Ruiz,M,971515874,cesar.pacheco583@gmail.com,Obrero de construccion
2725,46631809,Rodrigo Thiago,Carrillo,Ticona,M,974485373,rodrigo.carrillo548@gmail.com,Independiente
2726,23694694,Sebastian Erick,Mendoza,Cornejo,M,988644897,sebastian.mendoza827@gmail.com,Administrador(a)
2727,54086600,Diana Luana,Machaca,Carrillo,F,940372049,diana.machaca754@gmail.com,Obrero de construccion
2728,57101455,Elmer Jhon,Leon,Cabanillas,M,926973916,elmer.leon592@gmail.com,Chofer
2729,57846046,Julia Luana,Mamani,Vilca,F,955453488,julia.mamani765@gmail.com,Enfermero tecnico
2730,29382083,Brenda Ashley,Choque,Vilca,F,914862114,brenda.choque886@gmail.com,Empleado publico
2731,56636548,Mia Ximena,Rimac,Castillo,F,900798369,mia.rimac687@gmail.com,Empresario(a)
2732,41547924,Carlos Yamil,Mendoza,Pacheco,M,952665988,carlos.mendoza530@gmail.com,Vendedor(a)
2733,55226249,Edgar Wilson,Delgado,Salazar,M,970006587,edgar.delgado871@gmail.com,Administrador(a)
2734,58022503,Susan Carmen,Bravo,Rivera,F,992461870,susan.bravo582@gmail.com,Empleado publico
2735,13393404,Carlos Emilio,Bravo,Choque,M,929822078,carlos.bravo458@gmail.com,Tecnico electricista
2736,14693479,Teresa Vanessa,Salvador,Pacheco,F,936424464,teresa.salvador995@gmail.com,Comerciante ambulante
2737,36446409,Luana Alexandra,Torres,Cornejo,F,977564869,luana.torres2@gmail.com,Chofer
2738,35019601,Sebastian Walter,Ramos,Aquino,M,983424358,sebastian.ramos473@gmail.com,Ama de casa
2739,18103740,Jose Juan,Huaraca,Ruiz,M,982046631,jose.huaraca421@gmail.com,Ama de casa
2740,56255705,Ariana Ashley,Alarcon,Cardenas,F,923769279,ariana.alarcon226@gmail.com,Obrero de construccion
2741,30888286,Rafaella Ashley,Guzman,Torres,F,968183528,rafaella.guzman26@gmail.com,Docente
2742,20097944,Elena Grecia,Rimac,Alvarez,F,919110132,elena.rimac946@gmail.com,Comerciante ambulante
2743,45948480,Julio Leonardo,Gonzales,Ortiz,M,934268371,julio.gonzales49@gmail.com,Personal de seguridad
2744,45002961,Edgar Carlos,Yataco,Yupanqui,M,923592505,edgar.yataco573@gmail.com,Cocinero(a)
2745,65985084,Yesica Milagros,Guzman,Pacheco,F,984928610,yesica.guzman167@gmail.com,Tecnico electricista
2746,55727058,Danna Luz,Cabrera,Mendoza,F,909108179,danna.cabrera858@gmail.com,Policia
2747,20781306,Erick Edgar,Yupanqui,Ibarra,M,992393601,erick.yupanqui597@gmail.com,Ama de casa
2748,20239542,Kiara Antonella,Ibarra,Mamani,F,926624409,kiara.ibarra1@gmail.com,Policia
2749,67549980,Melissa Yesica,Flores,Rimac,F,934649553,melissa.flores925@gmail.com,Empleado publico
2750,47192556,Fabricio Alexis,Vasquez,Ccahuana,M,930897592,fabricio.vasquez931@gmail.com,Policia
2751,62923546,Angel Andres,Silva,Espinoza,M,951375815,angel.silva518@gmail.com,Mecanico
2752,79581810,Bryan Oscar,Ruiz,Cabanillas,M,952325327,bryan.ruiz309@gmail.com,Agricultor
2753,74187288,Victor Cesar,Vilca,Huaraca,M,995501628,victor.vilca23@gmail.com,Agricultor
2754,51046215,Xiomara Ariana,Guzman,Medina,F,966447467,xiomara.guzman499@gmail.com,Mecanico
2755,58127054,Jhoana Elena,Salvador,Rimac,F,912847981,jhoana.salvador620@gmail.com,Comerciante
2756,35354286,Andres Walter,Paredes,Bravo,M,946159264,andres.paredes980@gmail.com,Tecnico electricista
2757,30963706,Franco Angel,Pacheco,Vilca,M,926971032,franco.pacheco4@gmail.com,Comerciante
2758,76649071,Isabel Gabriela,Paredes,Alarcon,F,943997089,isabel.paredes468@gmail.com,Contador(a)
2759,35226559,Joaquin Thiago,Apaza,Cruz,M,994280284,joaquin.apaza811@gmail.com,Comerciante ambulante
2760,26472147,Bryan Kevin,Soto,Cutipa,M,981144705,bryan.soto786@gmail.com,Docente
2761,16974919,Luana Melissa,Machaca,Cornejo,F,975423227,luana.machaca969@gmail.com,Enfermero(a)
2762,55808391,Samuel Joaquin,Bravo,Machaca,M,936374440,samuel.bravo600@gmail.com,Enfermero(a)
2763,67508545,Julio Juan,Carrillo,Villanueva,M,926543401,julio.carrillo488@gmail.com,Administrador(a)
2764,43299106,Emilio Thiago,Reyes,Yataco,M,902280793,emilio.reyes550@gmail.com,Independiente
2765,65127074,Ximena Valentina,Carrillo,Cutipa,F,988477485,ximena.carrillo136@gmail.com,Comerciante
2766,48191671,Zoe Milagros,Yataco,Vargas,F,984504468,zoe.yataco17@gmail.com,Comerciante
2767,55308793,Fernando Thiago,Mendoza,Vargas,M,988983117,fernando.mendoza748@gmail.com,Agricultor
2768,65857897,Pilar Yesenia,Cabanillas,Rimac,F,977837013,pilar.cabanillas904@gmail.com,Comerciante
2769,52480537,Sebastian Ian,Cornejo,Vargas,M,944136172,sebastian.cornejo118@gmail.com,Vendedor(a)
2770,36219047,Ruth Grecia,Carrillo,Carrillo,F,985716372,ruth.carrillo203@gmail.com,Comerciante ambulante
2771,44448195,Oscar Franco,Ibarra,Machaca,M,903688441,oscar.ibarra203@gmail.com,Empleado publico
2772,38986229,Valentina Daniela,Campos,Rivera,F,903406363,valentina.campos698@gmail.com,Empresario(a)
2773,64773839,Edgar Wilson,Castillo,Diaz,M,927002944,edgar.castillo452@gmail.com,Contador(a)
2774,21084397,Jorge Walter,Alvarez,Mendoza,M,971829541,jorge.alvarez298@gmail.com,Obrero de construccion
2775,56604692,Diego Mateo,Palacios,Zavala,M,920420779,diego.palacios131@gmail.com,Chofer
2776,24113116,Thiago Franco,Huaman,Fernandez,M,948932308,thiago.huaman532@gmail.com,Obrero de construccion
2777,24142234,Thiago Elmer,Rimac,Palacios,M,996272467,thiago.rimac551@gmail.com,Administrador(a)
2778,37336072,Abigail Carmen,Rivera,Ticona,F,988246980,abigail.rivera883@gmail.com,Empresario(a)
2779,51551319,Ian Samuel,Marin,Rojas,M,962376626,ian.marin771@gmail.com,Contador(a)
2780,60177650,Renata Julia,Choque,Paucar,F,985393256,renata.choque283@gmail.com,Mecanico
2781,76423603,Miguel Gabriel,Vilca,Alarcon,M,930982296,miguel.vilca157@gmail.com,Independiente
2782,39526285,Piero Fernando,Cruz,Villanueva,M,932326620,piero.cruz280@gmail.com,Agricultor
2783,14813413,Ana Daniela,Flores,Rojas,F,906025547,ana.flores29@gmail.com,Empleado publico
2784,53914378,Diana Katherine,Huaman,Rojas,F,917754469,diana.huaman82@gmail.com,Enfermero tecnico
2785,53165196,Gabriel Dylan,Pacheco,Campos,M,968292184,gabriel.pacheco715@gmail.com,Agricultor
2786,48539395,Leonardo Ivan,Yupanqui,Cabrera,M,941448224,leonardo.yupanqui39@gmail.com,Empresario(a)
2787,62985780,Benjamin Jhoel,Ramos,Delgado,M,927819558,benjamin.ramos966@gmail.com,Cocinero(a)
2788,42870470,Luz Katty,Lazo,Ibarra,F,998530877,luz.lazo731@gmail.com,Vendedor(a)
2789,32710715,Lucia Luz,Machaca,Mendoza,F,966865575,lucia.machaca122@gmail.com,Empresario(a)
2790,61764402,Gustavo Oscar,Farfan,Carrillo,M,968763880,gustavo.farfan269@gmail.com,Empresario(a)
2791,57609583,Piero Gonzalo,Huaman,Vargas,M,929861943,piero.huaman283@gmail.com,Empresario(a)
2792,66090357,Valentina Sofia,Cruz,Choque,F,917340231,valentina.cruz218@gmail.com,Ama de casa
2793,53177297,Emily Abigail,Zavala,Apaza,F,997566343,emily.zavala260@gmail.com,Comerciante ambulante
2794,39443311,Raul Erick,Gonzales,Diaz,M,924959941,raul.gonzales699@gmail.com,Agricultor
2795,63927573,Alexandra Nayeli,Villanueva,Bautista,F,938268179,alexandra.villanueva116@gmail.com,Enfermero(a)
2796,68886018,Samuel Edgar,Cutipa,Ortiz,M,964181249,samuel.cutipa911@gmail.com,Chofer
2797,38914772,Teresa Karen,Ticona,Vega,F,967991015,teresa.ticona175@gmail.com,Vendedor(a)
2798,34102695,Daniela Pilar,Castillo,Salvador,F,993607371,daniela.castillo755@gmail.com,Enfermero(a)
2799,32604462,Victor Ricardo,Salazar,Cabanillas,M,958577252,victor.salazar632@gmail.com,Chofer
2800,48300315,Nicole Britany,Medina,Ibarra,F,954454517,nicole.medina419@gmail.com,Vendedor(a)
2801,29823258,Daniela Carmen,Vasquez,Gonzales,F,955195075,daniela.vasquez80@gmail.com,Ama de casa
2802,21406807,Miguel Franco,Espinoza,Villanueva,M,940253625,miguel.espinoza690@gmail.com,Comerciante
2803,13059812,Renzo Luis,Lazo,Zavala,M,967334075,renzo.lazo98@gmail.com,Chofer
2804,51152063,Victor Rodrigo,Huaman,Yataco,M,920617432,victor.huaman981@gmail.com,Cocinero(a)
2805,67941808,Antonella Kiara,Nunez,Paucar,F,950907108,antonella.nunez787@gmail.com,Administrador(a)
2806,28359879,Kiara Kiara,Vasquez,Apaza,F,949679350,kiara.vasquez556@gmail.com,Empleado publico
2807,27883080,Melissa Maria,Machaca,Flores,F,968768439,melissa.machaca245@gmail.com,Enfermero tecnico
2808,15766532,Antonella Ximena,Vargas,Delgado,F,900801504,antonella.vargas137@gmail.com,Comerciante ambulante
2809,63429122,Pedro Leonardo,Pacheco,Bravo,M,978455614,pedro.pacheco571@gmail.com,Tecnico electricista
2810,58096495,Isabel Emily,Cutipa,Campos,F,925323316,isabel.cutipa356@gmail.com,Enfermero(a)
2811,31959212,Manuel Raul,Chavez,Cornejo,M,973792208,manuel.chavez579@gmail.com,Chofer
2812,65331448,Gonzalo Oscar,Farfan,Palacios,M,927894780,gonzalo.farfan577@gmail.com,Docente
2813,65641076,Jose Alexis,Vega,Romero,M,977636909,jose.vega788@gmail.com,Empleado publico
2814,28119542,Nicolas Gustavo,Romero,Mendoza,M,992818188,nicolas.romero432@gmail.com,Enfermero tecnico
2815,47048958,Bryan Emilio,Farfan,Guzman,M,944037024,bryan.farfan352@gmail.com,Ama de casa
2816,67142945,Erick Rodrigo,Mamani,Ruiz,M,922374343,erick.mamani227@gmail.com,Cocinero(a)
2817,30882891,Luz Susan,Diaz,Rojas,F,978846803,luz.diaz470@gmail.com,Contador(a)
2818,71692442,Victor Emilio,Torres,Lazo,M,995611921,victor.torres188@gmail.com,Agricultor
2819,37622887,Patricia Flor,Cruz,Nunez,F,933411064,patricia.cruz49@gmail.com,Empresario(a)
2820,51900869,Raul Angel,Aquino,Medina,M,901344479,raul.aquino624@gmail.com,Independiente
2821,34126735,Dylan Renzo,Rojas,Apaza,M,961675483,dylan.rojas571@gmail.com,Empleado publico
2822,19647013,Nicole Elena,Campos,Salvador,F,960142465,nicole.campos38@gmail.com,Comerciante ambulante
2823,12823350,Alexander Hugo,Cabrera,Apaza,M,910664178,alexander.cabrera864@gmail.com,Personal de seguridad
2824,61281197,Thiago Dylan,Vega,Quispe,M,920955038,thiago.vega329@gmail.com,Policia
2825,26665210,Lucia Kiara,Condori,Salvador,F,926812052,lucia.condori402@gmail.com,Enfermero(a)
2826,22272970,Diego Bryan,Bautista,Apaza,M,950308160,diego.bautista157@gmail.com,Agricultor
2827,55432652,Luis Samuel,Cornejo,Cruz,M,954633595,luis.cornejo766@gmail.com,Enfermero(a)
2828,48431535,Joaquin Jhoel,Garcia,Palacios,M,929161991,joaquin.garcia871@gmail.com,Docente
2829,26267337,Benjamin Juan,Vilca,Gutierrez,M,928749290,benjamin.vilca439@gmail.com,Policia
2830,36364924,Emily Valentina,Yupanqui,Marin,F,976869876,emily.yupanqui377@gmail.com,Empresario(a)
2831,49319925,Ariana Alexandra,Vargas,Zavala,F,985824583,ariana.vargas372@gmail.com,Policia
2832,14094521,Erick Cesar,Ruiz,Cornejo,M,922628970,erick.ruiz264@gmail.com,Cocinero(a)
2833,79863422,Kiara Pilar,Leon,Yupanqui,F,936335509,kiara.leon574@gmail.com,Comerciante ambulante
2834,78542859,Kiara Danna,Alvarez,Vasquez,F,906874586,kiara.alvarez923@gmail.com,Vendedor(a)
2835,76298436,Renzo Leonardo,Castillo,Choque,M,968311014,renzo.castillo791@gmail.com,Agricultor
2836,54290220,Melissa Patricia,Guzman,Vargas,F,909268659,melissa.guzman461@gmail.com,Administrador(a)
2837,12969267,Diana Antonella,Palacios,Farfan,F,917561415,diana.palacios449@gmail.com,Independiente
2838,20507000,Aaron Luis,Silva,Bravo,M,912380177,aaron.silva219@gmail.com,Administrador(a)
2839,14797832,Antonella Susan,Diaz,Cutipa,F,902739951,antonella.diaz277@gmail.com,Agricultor
2840,68689528,Rosa Maria,Ochoa,Farfan,F,926460193,rosa.ochoa275@gmail.com,Empresario(a)
2841,50221467,Patricia Yesenia,Ochoa,Herrera,F,963129678,patricia.ochoa824@gmail.com,Chofer
2842,67450479,Gabriela Jhoana,Fernandez,Garcia,F,905276297,gabriela.fernandez101@gmail.com,Tecnico electricista
2843,68073197,Piero Nicolas,Quispe,Paredes,M,944482157,piero.quispe469@gmail.com,Independiente
2844,69345447,Brenda Sofia,Aquino,Sanchez,F,915265549,brenda.aquino788@gmail.com,Agricultor
2845,24045457,Bryan Anthony,Ramos,Rojas,M,900844188,bryan.ramos158@gmail.com,Enfermero tecnico
2846,52983358,Leonardo Thiago,Chavez,Herrera,M,910114231,leonardo.chavez972@gmail.com,Vendedor(a)
2847,72498143,Dylan Manuel,Ticona,Huaman,M,929908713,dylan.ticona984@gmail.com,Independiente
2848,73725457,Jhon Yamil,Vasquez,Zavala,M,936237459,jhon.vasquez349@gmail.com,Policia
2849,35798524,Joaquin Victor,Delgado,Reyes,M,931286206,joaquin.delgado875@gmail.com,Vendedor(a)
2850,19377423,Piero Wilson,Flores,Vilca,M,904803880,piero.flores689@gmail.com,Docente
2851,62017888,Luz Mia,Mendoza,Rojas,F,927662585,luz.mendoza946@gmail.com,Chofer
2852,57212963,Gonzalo Thiago,Huaman,Marin,M,921451933,gonzalo.huaman998@gmail.com,Empleado publico
2853,48267013,Samuel Bryan,Lazo,Rodriguez,M,934318729,samuel.lazo617@gmail.com,Agricultor
2854,51215353,Alberto Alexander,Aquino,Vega,M,986746505,alberto.aquino695@gmail.com,Comerciante
2855,55103957,Dulce Danna,Yupanqui,Aguilar,F,905526372,dulce.yupanqui562@gmail.com,Docente
2856,26998281,Gonzalo Miguel,Soto,Alvarez,M,944862514,gonzalo.soto393@gmail.com,Personal de seguridad
2857,25021562,Adrian Emilio,Vargas,Rivera,M,981764681,adrian.vargas424@gmail.com,Comerciante ambulante
2858,18762979,Sebastian Hugo,Carrillo,Machaca,M,916255685,sebastian.carrillo851@gmail.com,Docente
2859,41173679,Julio Anthony,Espinoza,Vega,M,951825723,julio.espinoza695@gmail.com,Empresario(a)
2860,64638111,Thiago Walter,Ortiz,Diaz,M,900081681,thiago.ortiz669@gmail.com,Mecanico
2861,68246783,Emily Zoe,Choque,Condori,F,930566327,emily.choque790@gmail.com,Tecnico electricista
2862,45881815,Valentina Ashley,Ticona,Espinoza,F,916604383,valentina.ticona574@gmail.com,Ama de casa
2863,66025919,Isabel Nicole,Aquino,Flores,F,977214415,isabel.aquino662@gmail.com,Comerciante ambulante
2864,79327479,Maria Estefany,Gutierrez,Rodriguez,F,924484205,maria.gutierrez731@gmail.com,Agricultor
2865,47131604,Danna Lucia,Aguilar,Medina,F,968204498,danna.aguilar11@gmail.com,Empleado publico
2866,37866004,Alessandra Isabel,Vega,Apaza,F,904790298,alessandra.vega684@gmail.com,Policia
2867,56644652,Jhon Victor,Torres,Torres,M,910941384,jhon.torres256@gmail.com,Obrero de construccion
2868,50069902,Patricia Antonella,Gutierrez,Paredes,F,927847767,patricia.gutierrez931@gmail.com,Docente
2869,79789256,Katty Teresa,Aquino,Sanchez,F,934754604,katty.aquino855@gmail.com,Agricultor
2870,65240919,Fernando Bryan,Gutierrez,Delgado,M,931628214,fernando.gutierrez954@gmail.com,Independiente
2871,59178727,Benjamin Alexis,Aquino,Bravo,M,973033928,benjamin.aquino463@gmail.com,Mecanico
2872,52004536,Patricia Yesenia,Condori,Reyes,F,909135145,patricia.condori784@gmail.com,Empleado publico
2873,11693294,Alexander Mateo,Salvador,Ochoa,M,989675179,alexander.salvador264@gmail.com,Enfermero tecnico
2874,19105880,Walter Nicolas,Ramos,Garcia,M,912309980,walter.ramos688@gmail.com,Administrador(a)
2875,31426276,Juan Marco,Machaca,Ochoa,M,982487992,juan.machaca561@gmail.com,Personal de seguridad
2876,73642276,Danna Camila,Romero,Ruiz,F,934504792,danna.romero701@gmail.com,Chofer
2877,57059720,Maria Fiorella,Fernandez,Silva,F,994460920,maria.fernandez922@gmail.com,Mecanico
2878,33920571,Rodrigo Jorge,Nunez,Mendoza,M,933741109,rodrigo.nunez928@gmail.com,Independiente
2879,53929799,Fabricio Aaron,Garcia,Huaman,M,900982860,fabricio.garcia133@gmail.com,Docente
2880,30921063,Luana Lucia,Mendoza,Ramos,F,907765867,luana.mendoza218@gmail.com,Contador(a)
2881,31919162,Miguel Cristian,Condori,Quispe,M,929614111,miguel.condori568@gmail.com,Policia
2882,50792817,Julio Jose,Apaza,Rivera,M,920333599,julio.apaza836@gmail.com,Cocinero(a)
2883,15312652,Bryan Carlos,Ramos,Rimac,M,983546773,bryan.ramos544@gmail.com,Empleado publico
2884,38591878,Kiara Patricia,Vargas,Cruz,F,909552111,kiara.vargas354@gmail.com,Comerciante ambulante
2885,26591470,Pilar Pilar,Vasquez,Espinoza,F,912953934,pilar.vasquez767@gmail.com,Empresario(a)
2886,12163051,Leonardo Miguel,Mamani,Leon,M,905494451,leonardo.mamani346@gmail.com,Mecanico
2887,33413202,Mia Katty,Cardenas,Cabrera,F,932103289,mia.cardenas821@gmail.com,Cocinero(a)
2888,33690220,Anthony Cristian,Alvarez,Rojas,M,984774659,anthony.alvarez660@gmail.com,Administrador(a)
2889,50403450,Nayeli Jhoana,Gutierrez,Gutierrez,F,965866670,nayeli.gutierrez929@gmail.com,Mecanico
2890,51242779,Oscar Oscar,Ibarra,Reyes,M,938517025,oscar.ibarra354@gmail.com,Tecnico electricista
2891,43622740,Katherine Fiorella,Espinoza,Ochoa,F,914161590,katherine.espinoza490@gmail.com,Personal de seguridad
2892,22241086,Britany Britany,Rodriguez,Herrera,F,928514192,britany.rodriguez453@gmail.com,Comerciante
2893,18611619,Dulce Danna,Pacheco,Rodriguez,F,919300182,dulce.pacheco478@gmail.com,Administrador(a)
2894,21973953,Andres Emilio,Vargas,Villanueva,M,967324328,andres.vargas730@gmail.com,Obrero de construccion
2895,23717629,Camila Luz,Ruiz,Torres,F,952419425,camila.ruiz231@gmail.com,Ama de casa
2896,79345115,Zoe Abigail,Espinoza,Alarcon,F,913241168,zoe.espinoza130@gmail.com,Comerciante
2897,10308959,Maria Susan,Cruz,Mendoza,F,939638704,maria.cruz346@gmail.com,Comerciante
2898,15355363,Zoe Luz,Vasquez,Ortiz,F,951585321,zoe.vasquez28@gmail.com,Comerciante ambulante
2899,39010487,Sofia Katty,Garcia,Gutierrez,F,909661778,sofia.garcia968@gmail.com,Empleado publico
2900,47325968,Alexander Angel,Garcia,Ruiz,M,961833240,alexander.garcia811@gmail.com,Docente
2901,19797832,Isabel Sofia,Sanchez,Rodriguez,F,926041054,isabel.sanchez856@gmail.com,Contador(a)
2902,17702151,Patricia Rafaella,Vasquez,Chavez,F,995967871,patricia.vasquez890@gmail.com,Independiente
2903,68108490,Susan Emily,Condori,Huaman,F,942851146,susan.condori607@gmail.com,Mecanico
2904,16664537,Danna Melissa,Fernandez,Ortiz,F,948302290,danna.fernandez173@gmail.com,Docente
2905,10725976,Emilio Oscar,Espinoza,Medina,M,972176927,emilio.espinoza346@gmail.com,Enfermero(a)
2906,72673581,Renzo Emilio,Mamani,Flores,M,991697565,renzo.mamani183@gmail.com,Enfermero(a)
2907,20979134,Ariana Paula,Gonzales,Alarcon,F,933035709,ariana.gonzales257@gmail.com,Personal de seguridad
2908,36990345,Karen Britany,Medina,Villanueva,F,945700770,karen.medina193@gmail.com,Obrero de construccion
2909,65932882,Sebastian Kevin,Rodriguez,Medina,M,985238142,sebastian.rodriguez161@gmail.com,Vendedor(a)
2910,72876529,Emily Diana,Torres,Yataco,F,972653595,emily.torres826@gmail.com,Comerciante ambulante
2911,12554610,Victor Juan,Delgado,Rimac,M,907396923,victor.delgado899@gmail.com,Chofer
2912,58084399,Britany Jhoana,Cabanillas,Romero,F,966786059,britany.cabanillas437@gmail.com,Empresario(a)
2913,46791180,Emilio Yamil,Rojas,Flores,M,913561485,emilio.rojas592@gmail.com,Mecanico
2914,77823095,Lucia Estefany,Rivera,Garcia,F,980376755,lucia.rivera825@gmail.com,Empleado publico
2915,44356878,Ruth Carmen,Gutierrez,Cornejo,F,923711583,ruth.gutierrez740@gmail.com,Comerciante
2916,77073566,Miguel Julio,Huaraca,Castillo,M,962576698,miguel.huaraca11@gmail.com,Enfermero(a)
2917,35571169,Yamil Diego,Alvarez,Marin,M,969938492,yamil.alvarez491@gmail.com,Personal de seguridad
2918,71187002,Nayeli Renata,Mamani,Gonzales,F,990583201,nayeli.mamani424@gmail.com,Docente
2919,18393290,Pedro Angel,Vilca,Choque,M,966021519,pedro.vilca492@gmail.com,Obrero de construccion
2920,52589484,Kevin Aaron,Vilca,Cabrera,M,938374290,kevin.vilca377@gmail.com,Chofer
2921,44085337,Daniela Antonella,Reyes,Ticona,F,916819680,daniela.reyes127@gmail.com,Independiente
2922,64427166,Piero Alexis,Vilca,Salvador,M,922975460,piero.vilca412@gmail.com,Agricultor
2923,58736659,Isabel Brenda,Huaraca,Rimac,F,901845838,isabel.huaraca90@gmail.com,Policia
2924,25797552,Isabel Luz,Vilca,Leon,F,918974206,isabel.vilca548@gmail.com,Chofer
2925,25848141,Gabriel Erick,Garcia,Chavez,M,932101529,gabriel.garcia543@gmail.com,Contador(a)
2926,59868327,Renata Camila,Cabanillas,Huaraca,F,987618709,renata.cabanillas250@gmail.com,Tecnico electricista
2927,56191987,Angel Benjamin,Condori,Castillo,M,958554476,angel.condori614@gmail.com,Administrador(a)
2928,11787848,Miguel Franco,Cutipa,Chavez,M,929591015,miguel.cutipa705@gmail.com,Policia
2929,23903427,Juan Rodrigo,Guzman,Paucar,M,936737410,juan.guzman971@gmail.com,Independiente
2930,58641339,Katherine Abigail,Romero,Ticona,F,950089409,katherine.romero604@gmail.com,Chofer
2931,50723117,Elmer Juan,Rimac,Delgado,M,994275055,elmer.rimac887@gmail.com,Obrero de construccion
2932,26361021,Antonella Yolanda,Choque,Reyes,F,940646389,antonella.choque561@gmail.com,Comerciante ambulante
2933,76692506,Renata Brenda,Cabrera,Silva,F,981958837,renata.cabrera192@gmail.com,Independiente
2934,74014535,Brenda Isabel,Pacheco,Cardenas,F,945033231,brenda.pacheco568@gmail.com,Enfermero(a)
2935,47613948,Yamil Alexander,Espinoza,Vasquez,M,992083201,yamil.espinoza992@gmail.com,Ama de casa
2936,35964858,Ana Milagros,Soto,Mendoza,F,970822890,ana.soto440@gmail.com,Administrador(a)
2937,78001461,Jhon Hugo,Castillo,Herrera,M,936870814,jhon.castillo432@gmail.com,Empresario(a)
2938,11309677,Nicole Rosa,Ochoa,Rivera,F,979103690,nicole.ochoa54@gmail.com,Vendedor(a)
2939,39731071,Ruth Katty,Gutierrez,Gonzales,F,994591708,ruth.gutierrez172@gmail.com,Cocinero(a)
2940,68159009,Zoe Paula,Bravo,Ortiz,F,944534703,zoe.bravo276@gmail.com,Agricultor
2941,38584722,Antonella Milagros,Vega,Rivera,F,972092464,antonella.vega851@gmail.com,Tecnico electricista
2942,57654772,Sofia Flor,Vega,Cutipa,F,982730622,sofia.vega169@gmail.com,Administrador(a)
2943,74533720,Wilson Cristian,Salvador,Cornejo,M,925162585,wilson.salvador984@gmail.com,Personal de seguridad
2944,34019355,Nicole Renata,Herrera,Gonzales,F,924977474,nicole.herrera711@gmail.com,Independiente
2945,66207921,Jhoel Luis,Apaza,Soto,M,942129146,jhoel.apaza421@gmail.com,Comerciante
2946,70425459,Nicolas Marco,Pacheco,Chavez,M,964167822,nicolas.pacheco299@gmail.com,Comerciante ambulante
2947,52863462,Marco Oscar,Alarcon,Pacheco,M,970562593,marco.alarcon726@gmail.com,Contador(a)
2948,64838551,Ruth Emily,Rodriguez,Lazo,F,939115444,ruth.rodriguez988@gmail.com,Contador(a)
2949,69178435,Danna Elena,Soto,Salazar,F,989998598,danna.soto227@gmail.com,Obrero de construccion
2950,40871327,Sebastian Joaquin,Condori,Sanchez,M,945911985,sebastian.condori602@gmail.com,Administrador(a)
2951,41077734,Fiorella Gabriela,Apaza,Bravo,F,956224072,fiorella.apaza117@gmail.com,Docente
2952,23978944,Nicolas Oscar,Ortiz,Delgado,M,955727847,nicolas.ortiz696@gmail.com,Comerciante
2953,71673136,Franco Manuel,Reyes,Cardenas,M,948898835,franco.reyes671@gmail.com,Empresario(a)
2954,79262357,Aaron Elmer,Quispe,Marin,M,957364019,aaron.quispe911@gmail.com,Enfermero(a)
2955,53380190,Fabricio Erick,Espinoza,Chavez,M,933490308,fabricio.espinoza326@gmail.com,Docente
2956,74706650,Jose Samuel,Medina,Aquino,M,946219457,jose.medina234@gmail.com,Administrador(a)
2957,10554257,Leonardo Hugo,Vilca,Vilca,M,931386025,leonardo.vilca660@gmail.com,Vendedor(a)
2958,78677163,Luana Grecia,Apaza,Huaraca,F,975634579,luana.apaza618@gmail.com,Empresario(a)
2959,70160209,Melissa Maria,Pacheco,Gonzales,F,946215299,melissa.pacheco989@gmail.com,Mecanico
2960,19452495,Ruth Yesica,Bravo,Campos,F,942033151,ruth.bravo545@gmail.com,Administrador(a)
2961,25329459,Elena Xiomara,Apaza,Reyes,F,943511658,elena.apaza87@gmail.com,Empleado publico
2962,74451085,Raul Alexis,Cabanillas,Gutierrez,M,935780169,raul.cabanillas879@gmail.com,Administrador(a)
2963,74544811,Ximena Patricia,Yupanqui,Aguilar,F,904668947,ximena.yupanqui439@gmail.com,Comerciante
2964,60095780,Ivan Thiago,Carrillo,Chavez,M,905518003,ivan.carrillo947@gmail.com,Contador(a)
2965,17727854,Raul Franco,Palacios,Villanueva,M,990360640,raul.palacios351@gmail.com,Enfermero tecnico
2966,36621646,Hugo Jorge,Delgado,Pacheco,M,982129194,hugo.delgado753@gmail.com,Enfermero tecnico
2967,27525527,Leonardo Elmer,Ticona,Palacios,M,913377154,leonardo.ticona698@gmail.com,Mecanico
2968,15491198,Alexis Ricardo,Huaraca,Carrillo,M,966832923,alexis.huaraca40@gmail.com,Vendedor(a)
2969,54240961,Wilson Jorge,Ramos,Rojas,M,970771808,wilson.ramos326@gmail.com,Mecanico
2970,12799681,Milagros Brenda,Machaca,Torres,F,909138422,milagros.machaca995@gmail.com,Administrador(a)
2971,30137861,Oscar Angel,Vega,Cardenas,M,941847314,oscar.vega631@gmail.com,Ama de casa
2972,19268005,Marco Erick,Delgado,Romero,M,964909268,marco.delgado881@gmail.com,Policia
2973,62531181,Piero Renzo,Lazo,Zavala,M,974174498,piero.lazo858@gmail.com,Administrador(a)
2974,62466128,Nicole Patricia,Soto,Zavala,F,939636099,nicole.soto440@gmail.com,Policia
2975,54977052,Anthony Hugo,Mamani,Quispe,M,947736079,anthony.mamani342@gmail.com,Enfermero tecnico
2976,44859969,Camila Katherine,Cardenas,Cutipa,F,980643709,camila.cardenas683@gmail.com,Docente
2977,33989428,Anthony Emilio,Vasquez,Salazar,M,951021171,anthony.vasquez564@gmail.com,Tecnico electricista
2978,44916336,Jhoana Sofia,Rojas,Villanueva,F,928462235,jhoana.rojas722@gmail.com,Administrador(a)
2979,22463110,Carmen Carmen,Bravo,Zavala,F,919163145,carmen.bravo341@gmail.com,Tecnico electricista
2980,27897480,Pedro Cesar,Ochoa,Rojas,M,968050646,pedro.ochoa392@gmail.com,Empresario(a)
2981,43770614,Maria Antonella,Aguilar,Rivera,F,996866488,maria.aguilar391@gmail.com,Administrador(a)
2982,76370394,Dylan Elmer,Nunez,Choque,M,917095039,dylan.nunez244@gmail.com,Mecanico
2983,68021534,Teresa Xiomara,Gonzales,Rivera,F,984444067,teresa.gonzales789@gmail.com,Ama de casa
2984,40190244,Maria Fiorella,Bravo,Aquino,F,916830111,maria.bravo223@gmail.com,Agricultor
2985,75782764,Ivan Diego,Alvarez,Vasquez,M,991299488,ivan.alvarez673@gmail.com,Docente
2986,45023134,Nicole Mia,Villanueva,Machaca,F,913012640,nicole.villanueva494@gmail.com,Comerciante ambulante
2987,26203840,Yesenia Ariana,Yupanqui,Garcia,F,909069078,yesenia.yupanqui173@gmail.com,Empresario(a)
2988,72646654,Flor Vanessa,Marin,Chavez,F,988386405,flor.marin217@gmail.com,Comerciante ambulante
2989,27478600,Teresa Yesica,Apaza,Vilca,F,986550043,teresa.apaza624@gmail.com,Empresario(a)
2990,37031568,Grecia Xiomara,Villanueva,Ramos,F,976265793,grecia.villanueva526@gmail.com,Ama de casa
2991,65585953,Rafaella Elena,Choque,Diaz,F,989003946,rafaella.choque308@gmail.com,Contador(a)
2992,14403170,Hugo Samuel,Bautista,Machaca,M,958754595,hugo.bautista744@gmail.com,Tecnico electricista
2993,69635412,Camila Zoe,Salazar,Paredes,F,952315258,camila.salazar200@gmail.com,Chofer
2994,38025130,Kevin Leonardo,Ticona,Romero,M,985379894,kevin.ticona763@gmail.com,Personal de seguridad
2995,47798620,Mateo Angel,Yataco,Gonzales,M,948421793,mateo.yataco361@gmail.com,Comerciante ambulante
2996,21750652,Elmer Cesar,Rivera,Paucar,M,970713999,elmer.rivera735@gmail.com,Vendedor(a)
2997,28366834,Wilson Thiago,Delgado,Ochoa,M,971148212,wilson.delgado803@gmail.com,Tecnico electricista
2998,28029072,Rafaella Camila,Yataco,Campos,F,915766150,rafaella.yataco366@gmail.com,Contador(a)
2999,16015106,Gabriela Estefany,Gonzales,Reyes,F,936608537,gabriela.gonzales729@gmail.com,Policia
3000,73791643,Cristian Renzo,Paredes,Lazo,M,984049505,cristian.paredes348@gmail.com,Policia
3001,21000657,Gustavo Ivan,Cornejo,Ortiz,M,994201394,gustavo.cornejo723@gmail.com,Enfermero(a)
3002,20945409,Ana Nicole,Ruiz,Reyes,F,984172917,ana.ruiz644@gmail.com,Enfermero(a)
3003,65494642,Franco Mateo,Ticona,Leon,M,956759822,franco.ticona297@gmail.com,Chofer
3004,13713001,Victor Gustavo,Campos,Fernandez,M,975869023,victor.campos610@gmail.com,Chofer
3005,76793153,Gustavo Jhoel,Cabanillas,Medina,M,956124564,gustavo.cabanillas319@gmail.com,Enfermero(a)
3006,70227970,Nicole Ruth,Delgado,Ramos,F,947768073,nicole.delgado267@gmail.com,Independiente
3007,28807653,Ashley Alessandra,Farfan,Herrera,F,915822427,ashley.farfan343@gmail.com,Ama de casa
3008,43422500,Isabel Luz,Chavez,Farfan,F,900570671,isabel.chavez738@gmail.com,Mecanico
3009,51498829,Jose Bryan,Alarcon,Vilca,M,926812475,jose.alarcon281@gmail.com,Ama de casa
3010,52051630,Raul Renzo,Soto,Salazar,M,948953058,raul.soto26@gmail.com,Enfermero(a)
3011,39696124,Pedro Ricardo,Ramos,Bautista,M,909846146,pedro.ramos395@gmail.com,Personal de seguridad
3012,78140852,Ricardo Jhon,Choque,Nunez,M,951961774,ricardo.choque359@gmail.com,Personal de seguridad
3013,12402266,Elena Alessandra,Rivera,Ruiz,F,964693564,elena.rivera725@gmail.com,Vendedor(a)
3014,54563456,Isabel Rosa,Herrera,Ccahuana,F,993478376,isabel.herrera102@gmail.com,Independiente
3015,30177581,Julia Zoe,Gutierrez,Bautista,F,984998412,julia.gutierrez898@gmail.com,Empresario(a)
3016,60451347,Gabriel Manuel,Huaraca,Lazo,M,907131725,gabriel.huaraca602@gmail.com,Docente
3017,17090250,Alexis Rodrigo,Ramos,Castillo,M,903178400,alexis.ramos551@gmail.com,Policia
3018,20758250,Vanessa Gabriela,Cardenas,Ticona,F,975533153,vanessa.cardenas506@gmail.com,Enfermero tecnico
3019,19716537,Julio Samuel,Leon,Aguilar,M,918953449,julio.leon865@gmail.com,Enfermero(a)
3020,68070875,Gonzalo Samuel,Garcia,Rodriguez,M,916670414,gonzalo.garcia423@gmail.com,Obrero de construccion
3021,19757013,Aaron Fabricio,Ibarra,Machaca,M,977716839,aaron.ibarra635@gmail.com,Ama de casa
3022,20640904,Xiomara Nayeli,Mamani,Soto,F,936240179,xiomara.mamani86@gmail.com,Enfermero tecnico
3023,37281918,Susan Luana,Vargas,Silva,F,953384013,susan.vargas694@gmail.com,Agricultor
3024,65019989,Vanessa Kiara,Torres,Carrillo,F,967679951,vanessa.torres741@gmail.com,Ama de casa
3025,14568032,Diego Erick,Huaman,Ibarra,M,930584813,diego.huaman675@gmail.com,Policia
3026,30784244,Fernando Kevin,Rojas,Marin,M,971673058,fernando.rojas418@gmail.com,Enfermero tecnico
3027,24424548,Fernando Adrian,Ochoa,Mendoza,M,934637631,fernando.ochoa252@gmail.com,Obrero de construccion
3028,66766666,Paula Danna,Cruz,Gonzales,F,975527648,paula.cruz540@gmail.com,Personal de seguridad
3029,20294398,Carlos Luis,Paredes,Choque,M,926934047,carlos.paredes520@gmail.com,Personal de seguridad
3030,44546176,Ariana Katty,Espinoza,Leon,F,911894018,ariana.espinoza813@gmail.com,Vendedor(a)
3031,74141638,Melissa Karen,Quispe,Ibarra,F,929037769,melissa.quispe125@gmail.com,Policia
3032,43247335,Fabricio Renzo,Herrera,Gutierrez,M,962579193,fabricio.herrera727@gmail.com,Enfermero(a)
3033,65323250,Patricia Grecia,Torres,Yataco,F,906469480,patricia.torres88@gmail.com,Empresario(a)
3034,58322791,Gonzalo Leonardo,Gutierrez,Delgado,M,945271470,gonzalo.gutierrez694@gmail.com,Cocinero(a)
3035,62907172,Jhoel Diego,Herrera,Rimac,M,974069816,jhoel.herrera216@gmail.com,Enfermero(a)
3036,30845194,Gustavo Victor,Villanueva,Rivera,M,905350226,gustavo.villanueva576@gmail.com,Enfermero tecnico
3037,44403348,Manuel Leonardo,Gonzales,Apaza,M,956893795,manuel.gonzales860@gmail.com,Enfermero(a)
3038,26357117,Renata Ximena,Paredes,Ramos,F,918897273,renata.paredes875@gmail.com,Chofer
3039,11734802,Alexis Adrian,Gutierrez,Quispe,M,962110455,alexis.gutierrez282@gmail.com,Obrero de construccion
3040,33866295,Vanessa Rafaella,Alarcon,Guzman,F,985311915,vanessa.alarcon847@gmail.com,Enfermero tecnico
3041,53902480,Cristian Jose,Nunez,Mamani,M,956875672,cristian.nunez382@gmail.com,Comerciante
3042,29065439,Benjamin Piero,Bravo,Cabrera,M,998660401,benjamin.bravo524@gmail.com,Mecanico
3043,79458120,Abigail Yesica,Cardenas,Mamani,F,933152152,abigail.cardenas281@gmail.com,Comerciante ambulante
3044,15742151,Elena Xiomara,Aguilar,Gutierrez,F,992528169,elena.aguilar988@gmail.com,Cocinero(a)
3045,75443774,Oscar Franco,Espinoza,Romero,M,933627321,oscar.espinoza906@gmail.com,Empleado publico
3046,65792419,Marco Victor,Espinoza,Medina,M,958571187,marco.espinoza8@gmail.com,Ama de casa
3047,51308965,Alessandra Alexandra,Cornejo,Cabrera,F,903855335,alessandra.cornejo883@gmail.com,Policia
3048,75215469,Oscar Alexander,Herrera,Gutierrez,M,964717240,oscar.herrera60@gmail.com,Tecnico electricista
3049,56219912,Ian Julio,Cabanillas,Huaman,M,942858308,ian.cabanillas865@gmail.com,Independiente
3050,31198987,Sofia Yolanda,Gutierrez,Lazo,F,990854320,sofia.gutierrez251@gmail.com,Cocinero(a)
3051,73329302,Cristian Oscar,Lazo,Diaz,M,953866524,cristian.lazo529@gmail.com,Chofer
3052,17805685,Alberto Pedro,Ticona,Vega,M,964063009,alberto.ticona485@gmail.com,Comerciante
3053,51874391,Emily Brenda,Reyes,Machaca,F,995959438,emily.reyes877@gmail.com,Administrador(a)
3054,16061830,Diego Andres,Campos,Paucar,M,922977016,diego.campos215@gmail.com,Docente
3055,51487496,Katherine Ana,Ochoa,Chavez,F,932635407,katherine.ochoa540@gmail.com,Empresario(a)
3056,72332651,Kiara Fiorella,Bautista,Guzman,F,943422676,kiara.bautista965@gmail.com,Contador(a)
3057,72257918,Pedro Gonzalo,Cruz,Carrillo,M,913305991,pedro.cruz24@gmail.com,Enfermero(a)
3058,19762428,Jhoana Flor,Bravo,Palacios,F,919503012,jhoana.bravo844@gmail.com,Contador(a)
3059,78795798,Ivan Cesar,Salazar,Cornejo,M,937238867,ivan.salazar943@gmail.com,Ama de casa
3060,13828554,Samuel Wilson,Salvador,Quispe,M,938728791,samuel.salvador782@gmail.com,Empleado publico
3061,60066127,Abigail Diana,Vega,Nunez,F,967668761,abigail.vega382@gmail.com,Personal de seguridad
3062,74633410,Ximena Melissa,Vega,Ccahuana,F,910754851,ximena.vega468@gmail.com,Ama de casa
3063,10262806,Teresa Julia,Ortiz,Torres,F,943178864,teresa.ortiz920@gmail.com,Independiente
3064,74437832,Jhon Miguel,Espinoza,Yupanqui,M,961465171,jhon.espinoza480@gmail.com,Cocinero(a)
3065,46319770,Daniela Abigail,Condori,Cabrera,F,988389016,daniela.condori198@gmail.com,Chofer
3066,66433563,Valentina Xiomara,Rodriguez,Ramos,F,906625928,valentina.rodriguez904@gmail.com,Obrero de construccion
3067,11082074,Zoe Julia,Pacheco,Ticona,F,945482541,zoe.pacheco821@gmail.com,Administrador(a)
3068,36071400,Antonella Sofia,Fernandez,Bautista,F,909774823,antonella.fernandez260@gmail.com,Tecnico electricista
3069,12605514,Yamil Ian,Cabrera,Ortiz,M,974876305,yamil.cabrera773@gmail.com,Contador(a)
3070,22491181,Alessandra Mia,Ccahuana,Cornejo,F,947531208,alessandra.ccahuana599@gmail.com,Administrador(a)
3071,32460131,Sofia Yolanda,Vargas,Lazo,F,920735094,sofia.vargas756@gmail.com,Docente
3072,47507082,Sebastian Diego,Delgado,Vargas,M,949665684,sebastian.delgado487@gmail.com,Enfermero(a)
3073,78611535,Rafaella Gabriela,Yupanqui,Bravo,F,990144168,rafaella.yupanqui147@gmail.com,Obrero de construccion
3074,62571304,Renata Isabel,Cardenas,Paredes,F,915281401,renata.cardenas855@gmail.com,Independiente
3075,62045636,Benjamin Franco,Vargas,Salvador,M,987673527,benjamin.vargas952@gmail.com,Administrador(a)
3076,67712512,Raul Gustavo,Romero,Gutierrez,M,974892983,raul.romero662@gmail.com,Docente
3077,41489418,Wilson Samuel,Ccahuana,Medina,M,985421397,wilson.ccahuana859@gmail.com,Obrero de construccion
3078,67744738,Piero Jhon,Rojas,Vasquez,M,925397158,piero.rojas156@gmail.com,Administrador(a)
3079,40654909,Benjamin Aaron,Medina,Diaz,M,915075587,benjamin.medina412@gmail.com,Agricultor
3080,77638274,Jhon Rodrigo,Huaman,Espinoza,M,940930300,jhon.huaman283@gmail.com,Empresario(a)
3081,62614717,Yesica Emily,Cruz,Quispe,F,904990655,yesica.cruz774@gmail.com,Vendedor(a)
3082,64281427,Kiara Rafaella,Guzman,Vega,F,932987418,kiara.guzman151@gmail.com,Comerciante
3083,14736132,Jhoana Luz,Ramos,Zavala,F,934918859,jhoana.ramos18@gmail.com,Independiente
3084,10465380,Zoe Karen,Nunez,Palacios,F,948878967,zoe.nunez40@gmail.com,Empleado publico
3085,60624356,Renata Patricia,Leon,Quispe,F,916394390,renata.leon550@gmail.com,Contador(a)
3086,52088655,Dylan Oscar,Herrera,Mamani,M,947189248,dylan.herrera685@gmail.com,Obrero de construccion
3087,12807953,Milagros Dulce,Aguilar,Alarcon,F,960909680,milagros.aguilar829@gmail.com,Vendedor(a)
3088,58880226,Vanessa Grecia,Guzman,Vilca,F,912808773,vanessa.guzman346@gmail.com,Obrero de construccion
3089,44977003,Benjamin Jhon,Alvarez,Castillo,M,906035144,benjamin.alvarez831@gmail.com,Cocinero(a)
3090,30638421,Camila Paula,Ruiz,Ruiz,F,917917659,camila.ruiz600@gmail.com,Policia
3091,41222732,Ximena Julia,Rodriguez,Diaz,F,954412411,ximena.rodriguez401@gmail.com,Policia
3092,19003835,Angel Jose,Choque,Ccahuana,M,931023848,angel.choque694@gmail.com,Comerciante ambulante
3093,11291521,Wilson Hugo,Silva,Espinoza,M,935015830,wilson.silva66@gmail.com,Ama de casa
3094,69784991,Jhoana Nicole,Paucar,Yupanqui,F,962873883,jhoana.paucar351@gmail.com,Empresario(a)
3095,23155669,Grecia Antonella,Cabanillas,Gutierrez,F,900342234,grecia.cabanillas389@gmail.com,Mecanico
3096,39337535,Raul Cristian,Vega,Huaman,M,933606788,raul.vega456@gmail.com,Cocinero(a)
3097,56357002,Grecia Yolanda,Ruiz,Apaza,F,917734354,grecia.ruiz178@gmail.com,Empresario(a)
3098,30809268,Victor Juan,Rivera,Campos,M,934048010,victor.rivera410@gmail.com,Administrador(a)
3099,46234285,Sebastian Erick,Carrillo,Vasquez,M,929798695,sebastian.carrillo529@gmail.com,Personal de seguridad
3100,64998408,Cesar Andres,Herrera,Ramos,M,953594003,cesar.herrera648@gmail.com,Personal de seguridad
3101,10303933,Jhoel Jhoel,Espinoza,Rimac,M,923011173,jhoel.espinoza942@gmail.com,Contador(a)
3102,60255317,Elmer Anthony,Ramos,Salazar,M,901832215,elmer.ramos728@gmail.com,Contador(a)
3103,38912633,Alexis Victor,Flores,Bravo,M,927308959,alexis.flores10@gmail.com,Enfermero tecnico
3104,34364850,Julia Nicole,Campos,Vega,F,946102627,julia.campos833@gmail.com,Comerciante
3105,71755757,Elena Antonella,Rodriguez,Romero,F,913515953,elena.rodriguez929@gmail.com,Empresario(a)
3106,27152384,Dylan Piero,Medina,Espinoza,M,900117196,dylan.medina792@gmail.com,Contador(a)
3107,23383939,Hugo Juan,Alvarez,Vargas,M,960082925,hugo.alvarez693@gmail.com,Chofer
3108,75227364,Flor Paula,Ccahuana,Gutierrez,F,929193258,flor.ccahuana772@gmail.com,Empleado publico
3109,32875625,Cristian Kevin,Gutierrez,Choque,M,926297723,cristian.gutierrez622@gmail.com,Cocinero(a)
3110,58365223,Ximena Susan,Ruiz,Yataco,F,951867843,ximena.ruiz847@gmail.com,Independiente
3111,12261275,Nicole Milagros,Carrillo,Mamani,F,994782746,nicole.carrillo423@gmail.com,Contador(a)
3112,47272652,Emilio Jhon,Ramos,Ccahuana,M,914350609,emilio.ramos997@gmail.com,Contador(a)
3113,36682229,Ivan Anthony,Fernandez,Pacheco,M,922029772,ivan.fernandez241@gmail.com,Docente
3114,52520199,Thiago Benjamin,Torres,Reyes,M,971558601,thiago.torres709@gmail.com,Enfermero(a)
3115,36935925,Samuel Alexander,Vasquez,Marin,M,999206499,samuel.vasquez974@gmail.com,Obrero de construccion
3116,73548380,Martin Oscar,Lazo,Silva,M,931943348,martin.lazo436@gmail.com,Docente
3117,70675373,Hugo Cristian,Carrillo,Huaman,M,960395218,hugo.carrillo242@gmail.com,Chofer
3118,35717248,Ximena Luz,Ibarra,Rodriguez,F,974988992,ximena.ibarra757@gmail.com,Empleado publico
3119,12515455,Jose Juan,Campos,Lazo,M,917596194,jose.campos230@gmail.com,Enfermero tecnico
3120,26033978,Rafaella Ana,Vega,Rivera,F,948366370,rafaella.vega460@gmail.com,Policia
3121,67863024,Brenda Valentina,Silva,Salvador,F,939698234,brenda.silva802@gmail.com,Independiente
3122,17290041,Aaron Alexis,Cornejo,Bautista,M,929797381,aaron.cornejo476@gmail.com,Cocinero(a)
3123,28547101,Renzo Juan,Garcia,Zavala,M,971269340,renzo.garcia203@gmail.com,Contador(a)
3124,69882063,Cesar Diego,Ramos,Villanueva,M,958318366,cesar.ramos179@gmail.com,Obrero de construccion
3125,31780462,Anthony Angel,Carrillo,Chavez,M,902101785,anthony.carrillo803@gmail.com,Policia
3126,76866851,Nicolas Gonzalo,Paucar,Flores,M,976075563,nicolas.paucar794@gmail.com,Agricultor
3127,46198606,Danna Luana,Leon,Ruiz,F,925585836,danna.leon513@gmail.com,Personal de seguridad
3128,35191808,Ricardo Carlos,Yataco,Salazar,M,936119964,ricardo.yataco837@gmail.com,Empresario(a)
3129,10547996,Britany Milagros,Ruiz,Carrillo,F,921135841,britany.ruiz782@gmail.com,Enfermero(a)
3130,73779626,Renzo Alexis,Ibarra,Lazo,M,923423394,renzo.ibarra478@gmail.com,Personal de seguridad
3131,14817780,Britany Britany,Apaza,Aquino,F,907851130,britany.apaza273@gmail.com,Administrador(a)
3132,19966467,Fernando Franco,Romero,Castillo,M,952653158,fernando.romero580@gmail.com,Empresario(a)
3133,10954533,Melissa Grecia,Vega,Lazo,F,982097442,melissa.vega215@gmail.com,Policia
3134,74524460,Elena Rafaella,Zavala,Ibarra,F,959574285,elena.zavala918@gmail.com,Independiente
3135,33086934,Valentina Alexandra,Rojas,Cruz,F,987808937,valentina.rojas609@gmail.com,Vendedor(a)
3136,78701312,Gabriel Cesar,Choque,Vargas,M,908758148,gabriel.choque94@gmail.com,Comerciante
3137,72030751,Nayeli Danna,Torres,Rimac,F,943752790,nayeli.torres952@gmail.com,Independiente
3138,59747174,Walter Oscar,Farfan,Ochoa,M,959786551,walter.farfan131@gmail.com,Contador(a)
3139,29897042,Ana Milagros,Rojas,Cruz,F,910101669,ana.rojas676@gmail.com,Chofer
3140,53335184,Walter Mateo,Mamani,Cutipa,M,901744098,walter.mamani680@gmail.com,Agricultor
3141,48549793,Sebastian Benjamin,Leon,Cornejo,M,925323820,sebastian.leon645@gmail.com,Personal de seguridad
3142,51832811,Jose Fernando,Ortiz,Romero,M,907377286,jose.ortiz93@gmail.com,Chofer
3143,26037040,Yesica Danna,Rodriguez,Gutierrez,F,903921976,yesica.rodriguez153@gmail.com,Administrador(a)
3144,31285679,Pilar Karen,Guzman,Silva,F,912453997,pilar.guzman332@gmail.com,Cocinero(a)
3145,66420214,Samuel Walter,Palacios,Cornejo,M,978778462,samuel.palacios220@gmail.com,Obrero de construccion
3146,58320856,Jhon Diego,Silva,Garcia,M,977336163,jhon.silva895@gmail.com,Vendedor(a)
3147,79337195,Paula Ruth,Medina,Choque,F,907772848,paula.medina533@gmail.com,Cocinero(a)
3148,39653641,Thiago Fernando,Vilca,Gutierrez,M,927008660,thiago.vilca96@gmail.com,Enfermero(a)
3149,71631680,Pilar Grecia,Palacios,Paredes,F,935288252,pilar.palacios575@gmail.com,Comerciante ambulante
3150,76844937,Katty Renata,Rivera,Yataco,F,924959253,katty.rivera487@gmail.com,Comerciante
3151,76900901,Melissa Teresa,Farfan,Huaraca,F,994071182,melissa.farfan786@gmail.com,Empresario(a)
3152,33420414,Elmer Manuel,Campos,Sanchez,M,957631223,elmer.campos717@gmail.com,Empresario(a)
3153,53555064,Thiago Jose,Farfan,Bautista,M,900130819,thiago.farfan71@gmail.com,Policia
3154,31055154,Benjamin Martin,Cardenas,Vargas,M,938095438,benjamin.cardenas369@gmail.com,Tecnico electricista
3155,79682326,Renzo Adrian,Yataco,Gutierrez,M,993612056,renzo.yataco796@gmail.com,Chofer
3156,54624246,Benjamin Raul,Diaz,Rivera,M,999705445,benjamin.diaz738@gmail.com,Empleado publico
3157,10154612,Oscar Cristian,Alvarez,Cardenas,M,993343011,oscar.alvarez239@gmail.com,Docente
3158,51014604,Alexandra Susan,Quispe,Carrillo,F,949209877,alexandra.quispe681@gmail.com,Contador(a)
3159,48571690,Marco Yamil,Cabrera,Huaman,M,923477862,marco.cabrera397@gmail.com,Enfermero(a)
3160,76587143,Vanessa Luana,Apaza,Choque,F,904207579,vanessa.apaza21@gmail.com,Comerciante ambulante
3161,20327473,Antonella Paula,Leon,Flores,F,950084957,antonella.leon636@gmail.com,Vendedor(a)
3162,69129150,Erick Rodrigo,Campos,Chavez,M,915304635,erick.campos91@gmail.com,Tecnico electricista
3163,36920029,Gonzalo Jhon,Huaraca,Pacheco,M,905570031,gonzalo.huaraca435@gmail.com,Empresario(a)
3164,47272773,Diana Yesenia,Marin,Rimac,F,992590832,diana.marin401@gmail.com,Comerciante ambulante
3165,27190556,Vanessa Nayeli,Cardenas,Vasquez,F,966732619,vanessa.cardenas825@gmail.com,Enfermero tecnico
3166,76744202,Mia Valentina,Mamani,Palacios,F,911146738,mia.mamani234@gmail.com,Mecanico
3167,14582271,Fabricio Jorge,Aquino,Huaraca,M,900944150,fabricio.aquino704@gmail.com,Mecanico
3168,72513457,Mateo Alberto,Rodriguez,Carrillo,M,970579477,mateo.rodriguez269@gmail.com,Contador(a)
3169,52262414,Melissa Nayeli,Huaraca,Rojas,F,974648107,melissa.huaraca733@gmail.com,Cocinero(a)
3170,73082633,Xiomara Abigail,Cornejo,Pacheco,F,954408691,xiomara.cornejo466@gmail.com,Personal de seguridad
3171,33292373,Elmer Wilson,Sanchez,Rodriguez,M,952227680,elmer.sanchez211@gmail.com,Tecnico electricista
3172,66456434,Carlos Alexis,Salazar,Choque,M,910595205,carlos.salazar442@gmail.com,Independiente
3173,10940042,Katty Yolanda,Ccahuana,Mendoza,F,987443439,katty.ccahuana576@gmail.com,Policia
3174,14151929,Samuel Julio,Ortiz,Fernandez,M,970614195,samuel.ortiz888@gmail.com,Docente
3175,66345465,Aaron Gustavo,Vega,Herrera,M,925252098,aaron.vega967@gmail.com,Vendedor(a)
3176,19927271,Paula Yolanda,Cutipa,Bravo,F,901613111,paula.cutipa550@gmail.com,Empresario(a)
3177,19859789,Franco Erick,Herrera,Ramos,M,994035727,franco.herrera450@gmail.com,Contador(a)
3178,60381165,Kiara Nayeli,Marin,Cornejo,F,928173489,kiara.marin434@gmail.com,Empresario(a)
3179,34397845,Angel Ivan,Vega,Quispe,M,981033722,angel.vega605@gmail.com,Personal de seguridad
3180,45334375,Andres Franco,Cardenas,Ticona,M,995830481,andres.cardenas609@gmail.com,Independiente
3181,40050688,Samuel Pedro,Flores,Herrera,M,921564696,samuel.flores718@gmail.com,Tecnico electricista
3182,42408776,Rosa Dulce,Gonzales,Apaza,F,969732941,rosa.gonzales638@gmail.com,Mecanico
3183,51216192,Pilar Camila,Yataco,Reyes,F,930013807,pilar.yataco101@gmail.com,Mecanico
3184,69266506,Carmen Pilar,Ochoa,Silva,F,987725372,carmen.ochoa13@gmail.com,Administrador(a)
3185,74899342,Carlos Juan,Garcia,Vega,M,917696522,carlos.garcia450@gmail.com,Agricultor
3186,53750521,Bryan Joaquin,Pacheco,Cruz,M,941335677,bryan.pacheco622@gmail.com,Personal de seguridad
3187,68506649,Antonella Milagros,Silva,Reyes,F,942054903,antonella.silva673@gmail.com,Independiente
3188,52185062,Fiorella Karen,Ticona,Silva,F,996546064,fiorella.ticona51@gmail.com,Tecnico electricista
3189,20950279,Alberto Adrian,Flores,Cruz,M,950395611,alberto.flores772@gmail.com,Comerciante
3190,24624922,Leonardo Franco,Ruiz,Vega,M,961280565,leonardo.ruiz593@gmail.com,Independiente
3191,17758963,Gabriel Walter,Farfan,Aquino,M,952830543,gabriel.farfan215@gmail.com,Personal de seguridad
3192,79224869,Luis Ian,Marin,Ibarra,M,956311150,luis.marin760@gmail.com,Ama de casa
3193,45731170,Angel Wilson,Medina,Villanueva,M,917429628,angel.medina72@gmail.com,Empleado publico
3194,57856407,Dylan Ricardo,Yataco,Reyes,M,979931804,dylan.yataco726@gmail.com,Obrero de construccion
3195,63413293,Fiorella Valentina,Rojas,Vasquez,F,952680233,fiorella.rojas845@gmail.com,Ama de casa
3196,71605421,Valentina Mia,Reyes,Alarcon,F,972660659,valentina.reyes686@gmail.com,Agricultor
3197,70785809,Carlos Fernando,Rodriguez,Ruiz,M,938156205,carlos.rodriguez543@gmail.com,Obrero de construccion
3198,18570728,Wilson Fabricio,Villanueva,Ibarra,M,977991799,wilson.villanueva116@gmail.com,Enfermero(a)
3199,19994434,Alexander Rodrigo,Cruz,Ortiz,M,953059788,alexander.cruz672@gmail.com,Vendedor(a)
3200,41994626,Dylan Jorge,Cabrera,Nunez,M,966872525,dylan.cabrera620@gmail.com,Docente
